1,3.6800,2026-05-15 08:02:42.641234+00
2,1.7100,2026-05-15 08:03:06.236418+00
3,69.7600,2026-05-15 08:04:10.443428+00
4,1.1900,2026-05-15 08:04:22.169743+00
5,1.6700,2026-05-15 08:04:45.800498+00
6,1.8100,2026-05-15 08:05:03.305471+00
7,2.1900,2026-05-15 08:05:26.765281+00
8,0.6200,2026-05-15 08:06:01.823323+00
9,29.4200,2026-05-15 08:07:00.354454+00
10,1.4900,2026-05-15 08:07:17.934535+00
11,1.8100,2026-05-15 08:07:35.488062+00
12,1.9200,2026-05-15 08:07:58.820476+00
13,1.8400,2026-05-15 08:08:16.469127+00
14,8.8900,2026-05-15 08:08:57.327509+00
15,44.1000,2026-05-15 08:10:01.574003+00
16,4.3600,2026-05-15 08:10:30.740962+00
17,2.2000,2026-05-15 08:10:54.209906+00
18,2.2900,2026-05-15 08:11:06.008086+00
19,2.2000,2026-05-15 08:11:11.876676+00
20,3.0700,2026-05-15 08:11:23.644441+00
21,83.0900,2026-05-15 08:12:27.432602+00
22,3.9700,2026-05-15 08:13:02.695036+00
23,0.8200,2026-05-15 08:13:37.852616+00
24,1.7300,2026-05-15 08:13:55.659939+00
25,1.4900,2026-05-15 08:14:13.365864+00
26,2.0400,2026-05-15 08:14:36.956846+00
27,1.2900,2026-05-15 08:15:18.10554+00
28,1.2800,2026-05-15 08:15:29.863481+00
29,1.7800,2026-05-15 08:15:53.439488+00
30,10.1900,2026-05-15 08:16:57.822135+00
31,1.6800,2026-05-15 08:17:15.388331+00
32,28.7600,2026-05-15 08:18:13.945028+00
33,1.1600,2026-05-15 08:18:25.678474+00
34,2.0400,2026-05-15 08:18:55.098147+00
35,1.2800,2026-05-15 08:19:06.745329+00
36,2.8400,2026-05-15 08:19:36.118741+00
37,1.9300,2026-05-15 08:19:53.79945+00
38,1.0800,2026-05-15 08:20:05.532038+00
39,1.2600,2026-05-15 08:20:23.171874+00
40,17.7100,2026-05-15 08:21:09.973892+00
41,2.9300,2026-05-15 08:21:39.283026+00
42,24.7600,2026-05-15 08:22:31.852522+00
43,1.1300,2026-05-15 08:22:49.458352+00
44,3.6300,2026-05-15 08:23:18.883103+00
45,1.3400,2026-05-15 08:23:30.641129+00
46,2.0400,2026-05-15 08:23:54.410308+00
47,1.6600,2026-05-15 08:24:12.077694+00
48,6.6700,2026-05-15 08:24:53.309012+00
49,42.2000,2026-05-15 08:25:51.734821+00
50,18.9442,2026-05-15 08:26:38.405648+00
51,4.3700,2026-05-15 08:27:13.714676+00
52,1.2200,2026-05-15 08:27:25.560029+00
53,1.0400,2026-05-15 08:28:12.487864+00
54,1.8400,2026-05-15 08:28:35.895133+00
55,1.9300,2026-05-15 08:28:53.484531+00
56,1.6900,2026-05-15 08:29:11.148757+00
57,2.6200,2026-05-15 08:29:40.450049+00
58,3.6200,2026-05-15 08:30:09.800577+00
59,1.1300,2026-05-15 08:30:21.413453+00
60,1.0000,2026-05-15 08:31:54.312281+00
61,1.6100,2026-05-15 08:32:11.867988+00
62,1.1600,2026-05-15 08:32:29.573861+00
63,2.6000,2026-05-15 08:32:52.956733+00
64,1.0100,2026-05-15 08:33:04.737457+00
65,1.3300,2026-05-15 08:33:22.244118+00
66,1.3100,2026-05-15 08:33:40.006558+00
67,4.1000,2026-05-15 08:34:09.260386+00
68,4.6700,2026-05-15 08:34:44.385872+00
69,1.1600,2026-05-15 08:34:56.053819+00
70,1.1100,2026-05-15 08:35:13.737011+00
71,1.4700,2026-05-15 08:35:31.375032+00
72,42.4400,2026-05-15 08:36:29.467213+00
73,1.9400,2026-05-15 08:37:22.115549+00
74,4.7000,2026-05-15 08:37:51.348021+00
75,1.2700,2026-05-15 08:38:09.050341+00
76,3.6900,2026-05-15 08:38:38.295123+00
77,1.1800,2026-05-15 08:38:55.904774+00
78,1.6000,2026-05-15 08:39:13.463338+00
79,1.9900,2026-05-15 08:39:54.418921+00
80,2.6000,2026-05-15 08:40:23.733856+00
81,2.9300,2026-05-15 08:40:47.028431+00
82,1.0800,2026-05-15 08:41:04.715986+00
83,3.0000,2026-05-15 08:41:28.051998+00
84,4.1000,2026-05-15 08:41:57.419382+00
85,23.6600,2026-05-15 08:42:55.878344+00
86,3.6300,2026-05-15 08:43:25.183974+00
87,1.1700,2026-05-15 08:43:36.8954+00
88,1.0600,2026-05-15 08:43:48.652502+00
89,6.9700,2026-05-15 08:44:29.655001+00
90,44.3900,2026-05-15 08:45:27.656866+00
91,1.4200,2026-05-15 08:45:45.472587+00
92,3.7900,2026-05-15 08:46:14.702447+00
93,1.0300,2026-05-15 08:46:32.418825+00
94,2.8200,2026-05-15 08:46:55.956565+00
95,0.2100,2026-05-15 08:47:31.059304+00
96,4.3800,2026-05-15 08:48:00.315945+00
97,1.2300,2026-05-15 08:48:17.994479+00
98,2.6000,2026-05-15 08:48:41.469148+00
99,3.9700,2026-05-15 08:49:10.730937+00
100,2.0800,2026-05-15 08:49:34.293776+00
101,1.2700,2026-05-15 08:49:51.955143+00
102,2.1200,2026-05-15 08:50:09.533273+00
103,1.4900,2026-05-15 08:50:27.187494+00
104,2.3400,2026-05-15 08:50:50.668984+00
105,4.3100,2026-05-15 08:51:25.861901+00
106,9.1800,2026-05-15 08:52:06.816604+00
107,1.9700,2026-05-15 08:52:47.82503+00
108,1.8300,2026-05-15 08:53:11.359492+00
109,6.8200,2026-05-15 08:53:46.546393+00
110,3.2200,2026-05-15 08:54:15.937936+00
111,91.2930,2026-05-15 08:55:14.169075+00
112,1.0800,2026-05-15 08:55:31.870484+00
113,1.4000,2026-05-15 08:55:49.510004+00
114,1.1900,2026-05-15 08:56:01.276544+00
115,3.7700,2026-05-15 08:56:30.62183+00
116,1.4900,2026-05-15 08:56:48.179995+00
117,1.1100,2026-05-15 08:57:05.89929+00
118,20.2500,2026-05-15 08:57:52.431348+00
119,3.7900,2026-05-15 08:58:27.679273+00
120,16.0000,2026-05-15 08:59:14.417142+00
121,1.3000,2026-05-15 08:59:32.182313+00
122,1.6900,2026-05-15 08:59:49.939449+00
123,2.9900,2026-05-15 09:00:13.37024+00
124,1.0700,2026-05-15 09:00:31.237962+00
125,1.2800,2026-05-15 09:00:43.0304+00
126,2.3400,2026-05-15 09:01:06.61997+00
127,1.1900,2026-05-15 09:01:24.255398+00
128,1.9000,2026-05-15 09:01:48.011126+00
129,17.0400,2026-05-15 09:02:35.628349+00
130,1.2200,2026-05-15 09:02:47.686859+00
131,9.3700,2026-05-15 09:03:29.401006+00
132,19.9700,2026-05-15 09:04:23.243459+00
133,4.9800,2026-05-15 09:04:53.017266+00
134,1.0800,2026-05-15 09:05:11.066787+00
135,6.8600,2026-05-15 09:05:46.828467+00
136,0.4300,2026-05-15 09:06:16.767205+00
137,1.3300,2026-05-15 09:06:34.954608+00
138,1.9900,2026-05-15 09:06:52.920334+00
139,6.9100,2026-05-15 09:07:28.621291+00
140,2.1300,2026-05-15 09:08:10.956614+00
141,1.4000,2026-05-15 09:08:23.063723+00
142,7.1900,2026-05-15 09:09:04.936224+00
143,78.0700,2026-05-15 09:10:09.841325+00
144,1.1400,2026-05-15 09:10:28.008354+00
145,3.2000,2026-05-15 09:10:51.799371+00
146,1.0600,2026-05-15 09:11:10.055934+00
147,8.9400,2026-05-15 09:11:45.632843+00
148,1.9200,2026-05-15 09:12:03.870884+00
149,3.9300,2026-05-15 09:12:33.710172+00
150,1.1600,2026-05-15 09:12:51.626792+00
151,7.0800,2026-05-15 09:13:27.360699+00
152,1.0800,2026-05-15 09:13:39.537487+00
153,4.3100,2026-05-15 09:14:15.44726+00
154,1.4100,2026-05-15 09:14:33.523403+00
155,2.0500,2026-05-15 09:14:51.734926+00
156,1.9300,2026-05-15 09:15:09.82536+00
157,1.3200,2026-05-15 09:15:27.86012+00
158,4.3800,2026-05-15 09:15:57.620706+00
159,3.0600,2026-05-15 09:16:27.46457+00
160,1.4800,2026-05-15 09:16:45.561869+00
161,1.2400,2026-05-15 09:17:03.66237+00
162,3.8900,2026-05-15 09:17:33.894521+00
163,1.0200,2026-05-15 09:17:46.071428+00
164,1.1800,2026-05-15 09:17:58.266049+00
165,1.0900,2026-05-15 09:18:52.402724+00
166,2.1800,2026-05-15 09:19:22.452868+00
167,1.8700,2026-05-15 09:19:40.672476+00
168,1.2100,2026-05-15 09:19:58.819504+00
169,1.2900,2026-05-15 09:20:11.151787+00
170,2.1700,2026-05-15 09:20:35.186126+00
171,2.1000,2026-05-15 09:20:59.210123+00
172,3.6800,2026-05-15 09:21:29.158948+00
173,2.6700,2026-05-15 09:21:53.269136+00
174,2.1700,2026-05-15 09:22:17.297711+00
175,2.1000,2026-05-15 09:22:41.325394+00
176,33.9700,2026-05-15 09:23:34.798143+00
177,1.4100,2026-05-15 09:23:52.85136+00
178,2.1800,2026-05-15 09:24:16.829231+00
179,2.4400,2026-05-15 09:24:58.879262+00
180,8.1100,2026-05-15 09:25:34.713774+00
181,1.3100,2026-05-15 09:25:52.834481+00
182,1.6700,2026-05-15 09:26:11.278727+00
183,1.0800,2026-05-15 09:26:23.31707+00
184,1.8600,2026-05-15 09:26:47.543392+00
185,1.1600,2026-05-15 09:26:59.786451+00
186,2.6600,2026-05-15 09:27:23.696334+00
187,20.4200,2026-05-15 09:28:17.297169+00
188,1.3400,2026-05-15 09:28:35.510092+00
189,1.3200,2026-05-15 09:28:53.727334+00
190,27.9000,2026-05-15 09:29:47.248532+00
191,1.0800,2026-05-15 09:29:59.378339+00
192,1.0100,2026-05-15 09:30:11.443275+00
193,1.4300,2026-05-15 09:30:53.450166+00
194,2.2600,2026-05-15 09:31:17.483436+00
195,1.1600,2026-05-15 09:31:35.571808+00
196,1.0400,2026-05-15 09:31:47.729336+00
197,10.6600,2026-05-15 09:32:29.343365+00
198,14.4400,2026-05-15 09:33:16.857633+00
199,2.4400,2026-05-15 09:33:40.774996+00
200,1.0100,2026-05-15 09:33:52.960314+00
201,8.4300,2026-05-15 09:34:34.757452+00
202,6.0100,2026-05-15 09:35:10.615298+00
203,4.6100,2026-05-15 09:35:40.499148+00
204,9.7400,2026-05-15 09:36:22.000411+00
205,2.8000,2026-05-15 09:36:51.934018+00
206,1.1400,2026-05-15 09:37:04.026831+00
207,1.2700,2026-05-15 09:37:22.022971+00
208,1.2800,2026-05-15 09:37:34.276959+00
209,1.3600,2026-05-15 09:37:52.398135+00
210,1.2300,2026-05-15 09:38:10.437115+00
211,3.1800,2026-05-15 09:38:34.39962+00
212,7.2200,2026-05-15 09:39:16.302144+00
213,1.0800,2026-05-15 09:39:28.380555+00
214,2.8100,2026-05-15 09:39:52.365382+00
215,1.0600,2026-05-15 09:40:10.599316+00
216,1.8500,2026-05-15 09:40:28.538967+00
217,2.3000,2026-05-15 09:40:52.504475+00
218,1.6300,2026-05-15 09:41:10.529565+00
219,11.9200,2026-05-15 09:41:58.23699+00
220,1.1800,2026-05-15 09:42:10.371333+00
221,0.4200,2026-05-15 09:42:46.299165+00
222,1.1800,2026-05-15 09:42:58.352511+00
223,1.6100,2026-05-15 09:43:16.370405+00
224,1.0100,2026-05-15 09:43:34.569428+00
225,0.2300,2026-05-15 09:44:04.357468+00
226,2.0000,2026-05-15 09:44:28.53959+00
227,1.3300,2026-05-15 09:44:46.698327+00
228,1.6200,2026-05-15 09:45:40.25705+00
229,1.3300,2026-05-15 09:45:58.288774+00
230,2.6900,2026-05-15 09:46:22.232979+00
231,4.9600,2026-05-15 09:46:57.987463+00
232,186.0440,2026-05-15 09:48:15.256698+00
233,3.9900,2026-05-15 09:48:45.176289+00
234,10.8700,2026-05-15 09:49:26.919054+00
235,9.7200,2026-05-15 09:50:08.544354+00
236,1.0600,2026-05-15 09:50:20.651802+00
237,2.8000,2026-05-15 09:50:50.661083+00
238,3.0600,2026-05-15 09:51:14.676967+00
239,10.2000,2026-05-15 09:51:56.460413+00
240,1.1100,2026-05-15 09:52:14.711333+00
241,1.1900,2026-05-15 09:52:26.848962+00
242,4.8000,2026-05-15 09:53:02.717087+00
243,1.8400,2026-05-15 09:53:20.809348+00
244,1.3300,2026-05-15 09:53:38.936013+00
245,1.1300,2026-05-15 09:53:50.99527+00
246,1.0400,2026-05-15 09:54:09.014779+00
247,3.0500,2026-05-15 09:54:38.854123+00
248,2.8000,2026-05-15 09:55:03.085314+00
249,1.4100,2026-05-15 09:55:21.031433+00
250,1.9800,2026-05-15 09:55:45.224949+00
251,1.2000,2026-05-15 09:55:57.355133+00
252,2.3400,2026-05-15 09:56:21.299509+00
253,2.9400,2026-05-15 09:56:51.342377+00
254,1.1700,2026-05-15 09:57:03.52894+00
255,4.6100,2026-05-15 09:57:33.560072+00
256,4.4000,2026-05-15 09:58:09.589314+00
257,2.0900,2026-05-15 09:58:27.583876+00
258,1.2000,2026-05-15 09:58:45.681971+00
259,1.2900,2026-05-15 09:59:03.682328+00
260,1.0700,2026-05-15 09:59:15.947097+00
261,1.7100,2026-05-15 09:59:34.0061+00
262,1.8700,2026-05-15 09:59:57.856067+00
263,1.3300,2026-05-15 10:00:09.969516+00
264,9.2900,2026-05-15 10:00:51.556254+00
265,1.2900,2026-05-15 10:01:09.834693+00
266,1.0900,2026-05-15 10:01:22.007331+00
267,1.7700,2026-05-15 10:01:46.166125+00
268,1.4600,2026-05-15 10:01:58.281113+00
269,1.8100,2026-05-15 10:02:22.395494+00
270,1.2900,2026-05-15 10:02:40.22369+00
271,1.9300,2026-05-15 10:02:58.289422+00
272,4.4600,2026-05-15 10:03:27.951201+00
273,1.6000,2026-05-15 10:03:45.798522+00
274,1.4800,2026-05-15 10:04:03.758917+00
275,1.4200,2026-05-15 10:04:21.707456+00
276,1.2100,2026-05-15 10:04:39.637409+00
277,9.7200,2026-05-15 10:05:21.147974+00
278,7.2200,2026-05-15 10:05:57.112486+00
279,2.8100,2026-05-15 10:06:21.057439+00
280,1.9500,2026-05-15 10:06:45.26691+00
281,2.6000,2026-05-15 10:07:08.936231+00
282,2.1300,2026-05-15 10:07:32.928727+00
283,1.6200,2026-05-15 10:07:50.84591+00
284,1.0400,2026-05-15 10:08:02.85344+00
285,0.7300,2026-05-15 10:09:07.902379+00
286,2.3000,2026-05-15 10:09:31.798165+00
287,1.2700,2026-05-15 10:09:50.077621+00
288,1.4900,2026-05-15 10:10:02.114437+00
289,1.6900,2026-05-15 10:10:26.382304+00
290,1.4200,2026-05-15 10:10:44.272168+00
291,1.0300,2026-05-15 10:10:56.54156+00
292,1.6900,2026-05-15 10:11:14.557155+00
293,0.6300,2026-05-15 10:11:50.403269+00
294,18.0400,2026-05-15 10:12:37.772192+00
295,1.1600,2026-05-15 10:12:55.756298+00
296,1.0800,2026-05-15 10:13:07.911972+00
297,1.2700,2026-05-15 10:13:26.071189+00
298,2.1800,2026-05-15 10:14:08.193033+00
299,1.8700,2026-05-15 10:14:32.370991+00
300,2.3000,2026-05-15 10:14:56.455146+00
301,1.4800,2026-05-15 10:15:14.550808+00
302,1.0100,2026-05-15 10:15:50.733679+00
303,3.0700,2026-05-15 10:16:20.712992+00
304,2.0200,2026-05-15 10:16:38.796528+00
305,1.8800,2026-05-15 10:17:02.898288+00
306,8.4000,2026-05-15 10:17:38.483079+00
307,9.1900,2026-05-15 10:18:19.992533+00
308,1.2000,2026-05-15 10:18:38.369448+00
309,1.9100,2026-05-15 10:18:56.4969+00
310,1.1700,2026-05-15 10:19:08.655508+00
311,10.6300,2026-05-15 10:19:50.169906+00
312,1.1100,2026-05-15 10:20:08.3818+00
313,3.9300,2026-05-15 10:20:32.266506+00
314,1.0300,2026-05-15 10:20:50.435244+00
315,1.0400,2026-05-15 10:21:08.366943+00
316,1.0100,2026-05-15 10:21:20.319431+00
317,1.4900,2026-05-15 10:21:38.305258+00
318,3.0000,2026-05-15 10:22:08.312283+00
319,1.1900,2026-05-15 10:22:20.426996+00
320,1.2700,2026-05-15 10:22:38.586344+00
321,1.1100,2026-05-15 10:22:50.663331+00
322,1.0500,2026-05-15 10:23:08.729968+00
323,1.0700,2026-05-15 10:23:20.938375+00
324,1.2000,2026-05-15 10:23:33.094423+00
325,1.1300,2026-05-15 10:23:51.187848+00
326,1.1700,2026-05-15 10:24:03.260559+00
327,1.7300,2026-05-15 10:24:39.410116+00
328,4.0700,2026-05-15 10:25:09.105322+00
329,38.8900,2026-05-15 10:26:08.21328+00
330,1.0300,2026-05-15 10:26:20.301911+00
331,1.4700,2026-05-15 10:26:38.434822+00
332,2.0800,2026-05-15 10:27:02.51813+00
333,1.0400,2026-05-15 10:27:20.529166+00
334,2.1400,2026-05-15 10:27:44.568906+00
335,1.3900,2026-05-15 10:28:02.593156+00
336,29.9100,2026-05-15 10:28:55.796042+00
337,3.2300,2026-05-15 10:29:25.54034+00
338,1.9300,2026-05-15 10:29:43.660146+00
339,3.7900,2026-05-15 10:30:13.691154+00
340,1.1700,2026-05-15 10:30:25.788395+00
341,1.2000,2026-05-15 10:30:43.762921+00
342,0.8900,2026-05-15 10:31:19.626309+00
343,2.8000,2026-05-15 10:31:43.646901+00
344,14.6600,2026-05-15 10:32:31.444755+00
345,1.0300,2026-05-15 10:32:43.652131+00
346,1.0200,2026-05-15 10:33:13.84601+00
347,1.0800,2026-05-15 10:33:26.05282+00
348,3.2000,2026-05-15 10:33:49.983831+00
349,2.8900,2026-05-15 10:34:19.817373+00
350,1.4900,2026-05-15 10:34:38.029124+00
351,3.6600,2026-05-15 10:35:08.360657+00
352,1.3800,2026-05-15 10:35:20.60188+00
353,1.2600,2026-05-15 10:35:38.816733+00
354,6.8900,2026-05-15 10:36:14.493982+00
355,1.3800,2026-05-15 10:36:32.52274+00
356,1.4300,2026-05-15 10:36:50.507836+00
357,2.2800,2026-05-15 10:37:14.426404+00
358,3.4000,2026-05-15 10:37:44.289072+00
359,3.0600,2026-05-15 10:38:08.177752+00
360,6.2400,2026-05-15 10:38:43.873452+00
361,2.9600,2026-05-15 10:39:07.957546+00
362,1.8800,2026-05-15 10:39:32.209844+00
363,1.2900,2026-05-15 10:39:44.397351+00
364,19.1100,2026-05-15 10:40:31.75808+00
365,2.9000,2026-05-15 10:41:01.714289+00
366,1.0600,2026-05-15 10:41:13.984116+00
367,1.3200,2026-05-15 10:41:31.987472+00
368,1.6600,2026-05-15 10:41:50.050614+00
369,1.8700,2026-05-15 10:42:08.049303+00
370,1.9500,2026-05-15 10:42:32.074324+00
371,1.9900,2026-05-15 10:42:56.245429+00
372,1.9300,2026-05-15 10:43:14.217917+00
373,2.8000,2026-05-15 10:43:44.067519+00
374,1.9900,2026-05-15 10:44:02.343918+00
375,6.6000,2026-05-15 10:44:38.334955+00
376,1.1100,2026-05-15 10:44:50.475851+00
377,3.8000,2026-05-15 10:45:20.256537+00
378,10.1300,2026-05-15 10:46:02.045361+00
379,4.3900,2026-05-15 10:46:37.785899+00
380,11.7740,2026-05-15 10:47:19.461146+00
381,1.3900,2026-05-15 10:47:37.425533+00
382,1.9300,2026-05-15 10:47:55.511351+00
383,3.9200,2026-05-15 10:48:25.332415+00
384,1.1100,2026-05-15 10:48:37.441127+00
385,4.9400,2026-05-15 10:49:13.182557+00
386,1.0200,2026-05-15 10:49:25.349519+00
387,1.0400,2026-05-15 10:49:37.397408+00
388,1.0900,2026-05-15 10:49:49.566467+00
389,6.9200,2026-05-15 10:50:25.464271+00
390,1.3600,2026-05-15 10:50:43.605521+00
391,3.2800,2026-05-15 10:51:13.736909+00
392,1.2600,2026-05-15 10:51:31.813094+00
393,4.3600,2026-05-15 10:52:01.791208+00
394,1.2000,2026-05-15 10:52:14.001071+00
395,2.9300,2026-05-15 10:52:43.954396+00
396,3.2000,2026-05-15 10:53:07.749223+00
397,3.0000,2026-05-15 10:53:37.660246+00
398,1.3800,2026-05-15 10:53:55.7719+00
399,79.9900,2026-05-15 10:55:06.875311+00
400,3.0000,2026-05-15 10:55:30.609674+00
401,2.0200,2026-05-15 10:55:54.439128+00
402,1.0200,2026-05-15 10:56:06.71349+00
403,2.0000,2026-05-15 10:56:48.728293+00
404,1.0500,2026-05-15 10:57:00.915518+00
405,2.1000,2026-05-15 10:57:25.028499+00
406,9.2000,2026-05-15 10:58:06.743364+00
407,1.4200,2026-05-15 10:58:24.958555+00
408,30.4400,2026-05-15 10:59:18.088168+00
409,1.9100,2026-05-15 10:59:36.112804+00
410,10.1200,2026-05-15 11:00:23.849515+00
411,3.1200,2026-05-15 11:00:47.719535+00
412,1.0900,2026-05-15 11:00:59.713043+00
413,1.0500,2026-05-15 11:01:17.939651+00
414,1.3900,2026-05-15 11:01:30.237931+00
415,23.3000,2026-05-15 11:02:23.567681+00
416,2.9200,2026-05-15 11:02:53.43518+00
417,2.9900,2026-05-15 11:03:17.569993+00
418,24.0300,2026-05-15 11:04:10.878963+00
419,1.4900,2026-05-15 11:04:29.017633+00
420,1.6000,2026-05-15 11:04:47.163336+00
421,9.8900,2026-05-15 11:05:28.700972+00
422,4.9700,2026-05-15 11:06:04.63438+00
423,2.6600,2026-05-15 11:06:28.415362+00
424,1.6800,2026-05-15 11:06:46.479891+00
425,3.3100,2026-05-15 11:07:16.290855+00
426,1.0400,2026-05-15 11:07:34.39704+00
427,1.9100,2026-05-15 11:07:58.363984+00
428,1.0900,2026-05-15 11:08:10.418405+00
429,1.0400,2026-05-15 11:08:28.498418+00
430,12.9700,2026-05-15 11:09:16.211694+00
431,1.3100,2026-05-15 11:09:28.360578+00
432,3.6700,2026-05-15 11:09:58.347045+00
433,1.9900,2026-05-15 11:10:16.394233+00
434,6.8900,2026-05-15 11:10:58.055489+00
435,4.0700,2026-05-15 11:11:28.011186+00
436,17.2800,2026-05-15 11:12:15.415443+00
437,4.2600,2026-05-15 11:12:45.237396+00
438,9.3800,2026-05-15 11:13:26.911741+00
439,1.9400,2026-05-15 11:13:50.771148+00
440,2.6000,2026-05-15 11:14:14.845927+00
441,2.1200,2026-05-15 11:14:38.837388+00
442,19.4800,2026-05-15 11:15:26.115589+00
443,10.5800,2026-05-15 11:16:07.795422+00
444,1.2300,2026-05-15 11:16:26.110809+00
445,6.9600,2026-05-15 11:17:01.818942+00
446,8.9900,2026-05-15 11:17:43.366368+00
447,0.0100,2026-05-15 11:18:19.129942+00
448,1.7200,2026-05-15 11:18:37.141395+00
449,1.9700,2026-05-15 11:18:55.18513+00
450,9.3000,2026-05-15 11:19:36.768705+00
451,1.0700,2026-05-15 11:19:48.812666+00
452,1.2100,2026-05-15 11:20:06.948207+00
453,1.1900,2026-05-15 11:20:19.019287+00
454,6.0600,2026-05-15 11:20:54.910573+00
455,2.1100,2026-05-15 11:21:42.841988+00
456,1.9000,2026-05-15 11:22:00.849549+00
457,1.0600,2026-05-15 11:22:12.944154+00
458,2.0900,2026-05-15 11:22:36.943426+00
459,1.3700,2026-05-15 11:22:54.948053+00
460,1.3800,2026-05-15 11:23:25.030999+00
461,1.9000,2026-05-15 11:23:49.015486+00
462,0.0800,2026-05-15 11:24:18.936129+00
463,3.0000,2026-05-15 11:24:49.298361+00
464,1.2800,2026-05-15 11:25:07.561347+00
465,3.6700,2026-05-15 11:25:31.491278+00
466,3.8000,2026-05-15 11:26:01.439105+00
467,2.2600,2026-05-15 11:26:25.574652+00
468,1.9300,2026-05-15 11:26:49.872627+00
469,1.3300,2026-05-15 11:27:08.004227+00
470,1.6300,2026-05-15 11:27:26.172984+00
471,23.9000,2026-05-15 11:28:19.611427+00
472,1.0300,2026-05-15 11:28:32.302789+00
473,1.1700,2026-05-15 11:28:44.468333+00
474,3.0300,2026-05-15 11:29:14.411149+00
475,1.2800,2026-05-15 11:29:26.679295+00
476,1.2200,2026-05-15 11:29:44.782131+00
477,1.7800,2026-05-15 11:30:02.687062+00
478,4.0700,2026-05-15 11:30:32.483125+00
479,4.0800,2026-05-15 11:31:08.522843+00
480,3.6400,2026-05-15 11:31:32.39202+00
481,4.1800,2026-05-15 11:32:08.361156+00
482,8.3600,2026-05-15 11:32:44.10942+00
483,1.0500,2026-05-15 11:33:02.294802+00
484,1.2800,2026-05-15 11:33:14.37744+00
485,3.2000,2026-05-15 11:33:44.385374+00
486,3.8600,2026-05-15 11:34:14.400008+00
487,1.3200,2026-05-15 11:34:32.416061+00
488,30.9900,2026-05-15 11:35:25.750022+00
489,24.7430,2026-05-15 11:36:19.248074+00
490,2.6600,2026-05-15 11:36:43.194362+00
491,1.3900,2026-05-15 11:37:01.188862+00
492,1.1100,2026-05-15 11:37:13.334287+00
493,2.1200,2026-05-15 11:37:37.399088+00
494,1.9900,2026-05-15 11:38:01.309858+00
495,1.0100,2026-05-15 11:38:13.483481+00
496,1.6100,2026-05-15 11:38:31.410092+00
497,6.0300,2026-05-15 11:39:07.289092+00
498,2.1300,2026-05-15 11:39:31.206091+00
499,1.3900,2026-05-15 11:39:49.285942+00
500,1.9100,2026-05-15 11:40:07.198006+00
501,1.0100,2026-05-15 11:40:19.505673+00
502,2.1100,2026-05-15 11:40:43.492861+00
503,2.9600,2026-05-15 11:41:07.505899+00
504,2.9900,2026-05-15 11:41:37.671421+00
505,6.8600,2026-05-15 11:42:49.382508+00
506,4.9300,2026-05-15 11:43:25.323081+00
507,4.9900,2026-05-15 11:44:00.92098+00
508,2.2800,2026-05-15 11:44:24.905654+00
509,2.8300,2026-05-15 11:44:48.866295+00
510,4.6200,2026-05-15 11:45:24.674875+00
511,3.3200,2026-05-15 11:45:54.67255+00
512,1.0500,2026-05-15 11:46:06.912426+00
513,0.4200,2026-05-15 11:46:36.793849+00
514,1.9900,2026-05-15 11:47:00.892501+00
515,2.4400,2026-05-15 11:47:25.068279+00
516,1.0900,2026-05-15 11:47:37.1335+00
517,1.3600,2026-05-15 11:47:55.330362+00
518,2.0400,2026-05-15 11:48:19.282186+00
519,4.1400,2026-05-15 11:48:49.138575+00
520,1.1600,2026-05-15 11:49:07.398436+00
521,4.2000,2026-05-15 11:49:37.241138+00
522,1.0500,2026-05-15 11:49:49.326022+00
523,1.1200,2026-05-15 11:50:07.477174+00
524,1.0900,2026-05-15 11:50:19.572446+00
525,1.1700,2026-05-15 11:50:37.568771+00
526,2.9900,2026-05-15 11:51:01.697483+00
527,1.9900,2026-05-15 11:51:25.587341+00
528,2.1300,2026-05-15 11:51:43.750961+00
529,3.0300,2026-05-15 11:52:13.600104+00
530,19.3800,2026-05-15 11:53:07.201416+00
531,1.3600,2026-05-15 11:53:19.439464+00
532,1.0100,2026-05-15 11:53:37.626285+00
533,1.3000,2026-05-15 11:53:49.86147+00
534,1.2700,2026-05-15 11:54:07.917252+00
535,1.2300,2026-05-15 11:54:26.082597+00
536,2.0000,2026-05-15 11:54:50.058358+00
537,2.3200,2026-05-15 11:55:14.061436+00
538,4.8300,2026-05-15 11:55:43.819161+00
539,1.0100,2026-05-15 11:55:55.879014+00
540,1.7200,2026-05-15 11:56:19.989337+00
541,1.2800,2026-05-15 11:56:32.262361+00
542,1.2900,2026-05-15 11:56:50.524027+00
543,1.0600,2026-05-15 11:57:02.590805+00
544,4.2900,2026-05-15 11:57:32.529393+00
545,2.0000,2026-05-15 11:58:02.381348+00
546,1.0100,2026-05-15 11:58:14.472819+00
547,1.4000,2026-05-15 11:58:32.585046+00
548,0.0800,2026-05-15 11:59:26.331376+00
549,2.3400,2026-05-15 11:59:50.502072+00
550,22.0700,2026-05-15 12:00:43.924125+00
551,2.1900,2026-05-15 12:01:07.866868+00
552,1.9600,2026-05-15 12:01:32.096542+00
553,1.0600,2026-05-15 12:01:44.267264+00
554,91.9700,2026-05-15 12:02:55.356063+00
555,1.2000,2026-05-15 12:03:13.266385+00
556,6.0900,2026-05-15 12:03:49.062715+00
557,1.1900,2026-05-15 12:04:01.185172+00
558,2.0700,2026-05-15 12:04:25.172186+00
559,1.9500,2026-05-15 12:04:43.224934+00
560,0.2300,2026-05-15 12:05:19.162431+00
561,9.4800,2026-05-15 12:06:00.996284+00
562,1.7700,2026-05-15 12:06:18.939058+00
563,2.1000,2026-05-15 12:06:42.962035+00
564,9.2900,2026-05-15 12:07:24.780401+00
565,1.6600,2026-05-15 12:07:42.809076+00
566,3.4900,2026-05-15 12:08:12.949122+00
567,2.8900,2026-05-15 12:08:37.036219+00
568,1.0100,2026-05-15 12:08:49.223519+00
569,1.9600,2026-05-15 12:09:13.39842+00
570,11.3500,2026-05-15 12:09:55.32223+00
571,1.2700,2026-05-15 12:10:37.383613+00
572,1.6800,2026-05-15 12:10:55.494301+00
573,1.1600,2026-05-15 12:11:07.568091+00
574,2.1800,2026-05-15 12:11:31.845571+00
575,1.3800,2026-05-15 12:11:49.900061+00
576,2.0700,2026-05-15 12:12:13.938876+00
577,2.0100,2026-05-15 12:12:32.090065+00
578,2.1900,2026-05-15 12:12:56.20946+00
579,2.1100,2026-05-15 12:13:32.488755+00
580,2.0200,2026-05-15 12:13:56.58308+00
581,10.9000,2026-05-15 12:14:37.854888+00
582,2.4800,2026-05-15 12:15:01.799314+00
583,1.3600,2026-05-15 12:15:19.814359+00
584,3.8700,2026-05-15 12:15:49.691402+00
585,9.3200,2026-05-15 12:16:31.639992+00
586,1.2600,2026-05-15 12:16:49.749143+00
587,2.0300,2026-05-15 12:17:07.879334+00
588,1.9900,2026-05-15 12:17:25.906107+00
589,8.6100,2026-05-15 12:18:31.373348+00
590,4.2800,2026-05-15 12:19:01.300061+00
591,1.7100,2026-05-15 12:19:25.266416+00
592,0.0100,2026-05-15 12:19:54.946827+00
593,14.1300,2026-05-15 12:20:42.573603+00
594,2.8900,2026-05-15 12:21:12.372023+00
595,1.0600,2026-05-15 12:21:24.655415+00
596,8.6000,2026-05-15 12:22:06.271214+00
597,4.2600,2026-05-15 12:22:36.266218+00
598,1.9800,2026-05-15 12:22:54.25539+00
599,3.1700,2026-05-15 12:23:24.09713+00
600,4.2000,2026-05-15 12:23:54.060071+00
601,2.1400,2026-05-15 12:24:17.999797+00
602,3.8900,2026-05-15 12:24:48.191565+00
603,1.8700,2026-05-15 12:25:06.176252+00
604,6.9000,2026-05-15 12:25:41.893962+00
605,8.2800,2026-05-15 12:26:23.742101+00
606,4.6700,2026-05-15 12:26:53.568501+00
607,17.0700,2026-05-15 12:27:41.203519+00
608,3.3400,2026-05-15 12:28:11.199606+00
609,1.0200,2026-05-15 12:28:23.388995+00
610,1.3700,2026-05-15 12:28:41.546955+00
611,13.1800,2026-05-15 12:29:28.992252+00
612,1.1200,2026-05-15 12:29:41.111163+00
613,3.9800,2026-05-15 12:30:11.018384+00
614,3.7400,2026-05-15 12:30:41.064926+00
615,1.0700,2026-05-15 12:30:59.326311+00
616,2.0200,2026-05-15 12:31:23.361199+00
617,1.7200,2026-05-15 12:31:41.571196+00
618,1.2800,2026-05-15 12:31:59.863057+00
619,1.2000,2026-05-15 12:32:12.039653+00
620,3.6600,2026-05-15 12:32:41.962683+00
621,1.3100,2026-05-15 12:33:00.01827+00
622,1.8700,2026-05-15 12:33:18.096959+00
623,4.8200,2026-05-15 12:34:29.86545+00
624,1.8200,2026-05-15 12:34:48.022125+00
625,2.8900,2026-05-15 12:35:18.161228+00
626,2.3000,2026-05-15 12:35:42.167044+00
627,1.0800,2026-05-15 12:35:54.312322+00
628,2.0200,2026-05-15 12:36:18.122003+00
629,2.2200,2026-05-15 12:36:42.33616+00
630,3.9800,2026-05-15 12:37:12.297448+00
631,1.1100,2026-05-15 12:37:24.317924+00
632,1.6900,2026-05-15 12:37:42.418859+00
633,1.9400,2026-05-15 12:38:06.473295+00
634,1.0100,2026-05-15 12:38:18.634274+00
635,4.7200,2026-05-15 12:38:48.518015+00
636,1.4000,2026-05-15 12:39:06.610497+00
637,2.1800,2026-05-15 12:39:36.53077+00
638,1.6700,2026-05-15 12:39:54.614075+00
639,2.8000,2026-05-15 12:40:18.477581+00
640,28.8000,2026-05-15 12:41:12.175554+00
641,1.6700,2026-05-15 12:41:36.209405+00
642,1.0100,2026-05-15 12:41:48.206344+00
643,3.1200,2026-05-15 12:42:12.053446+00
644,3.3100,2026-05-15 12:42:41.970817+00
645,1.0700,2026-05-15 12:42:54.081386+00
646,1.0300,2026-05-15 12:43:12.282552+00
647,1.0500,2026-05-15 12:43:24.413826+00
648,19.9600,2026-05-15 12:44:12.151517+00
649,1.1600,2026-05-15 12:44:24.302849+00
650,1.1800,2026-05-15 12:44:42.35923+00
651,3.8000,2026-05-15 12:45:12.250252+00
652,1.1700,2026-05-15 12:45:24.523166+00
653,16.1300,2026-05-15 12:46:11.985934+00
654,1.7400,2026-05-15 12:46:35.758895+00
655,1.6600,2026-05-15 12:46:53.877474+00
656,3.9700,2026-05-15 12:47:23.840315+00
657,2.3000,2026-05-15 12:47:47.826941+00
658,1.3200,2026-05-15 12:48:05.993297+00
659,1.0200,2026-05-15 12:48:17.9994+00
660,1.4300,2026-05-15 12:48:35.88423+00
661,1.6900,2026-05-15 12:48:53.902343+00
662,1.1900,2026-05-15 12:49:12.050441+00
663,1.0400,2026-05-15 12:49:24.080142+00
664,3.1700,2026-05-15 12:49:53.96355+00
665,1.2400,2026-05-15 12:50:05.966471+00
666,3.4200,2026-05-15 12:50:35.956386+00
667,1.7600,2026-05-15 12:50:53.946447+00
668,46.9500,2026-05-15 12:52:11.000033+00
669,79.2247,2026-05-15 12:53:16.188918+00
670,1.6200,2026-05-15 12:53:40.55356+00
671,1.6400,2026-05-15 12:53:58.657871+00
672,0.4800,2026-05-15 12:54:28.506636+00
673,8.0300,2026-05-15 12:55:10.234555+00
674,1.1400,2026-05-15 12:55:22.483244+00
675,1.0800,2026-05-15 12:55:40.755829+00
676,2.0900,2026-05-15 12:56:04.572076+00
677,1.0300,2026-05-15 12:56:16.643899+00
678,1.1800,2026-05-15 12:56:34.689069+00
679,1.3400,2026-05-15 12:56:46.68459+00
680,8.2900,2026-05-15 12:57:28.308696+00
681,1.0200,2026-05-15 12:57:40.476501+00
682,8.8800,2026-05-15 12:58:21.911464+00
683,1.7200,2026-05-15 12:59:09.99827+00
684,1.1200,2026-05-15 12:59:22.134789+00
685,3.6700,2026-05-15 12:59:52.217928+00
686,2.8600,2026-05-15 13:00:16.076602+00
687,2.6600,2026-05-15 13:00:40.268263+00
688,2.0200,2026-05-15 13:01:04.435373+00
689,4.3000,2026-05-15 13:01:34.44401+00
690,1.1900,2026-05-15 13:01:52.560892+00
691,1.1200,2026-05-15 13:02:04.624295+00
692,1.9900,2026-05-15 13:02:22.744296+00
693,2.1200,2026-05-15 13:02:46.943288+00
694,1.9600,2026-05-15 13:03:05.053777+00
695,1.0800,2026-05-15 13:03:17.13224+00
696,2.0200,2026-05-15 13:03:40.981915+00
697,4.8600,2026-05-15 13:04:16.93524+00
698,9.1300,2026-05-15 13:04:58.515483+00
699,19.7900,2026-05-15 13:05:46.280882+00
700,1.0900,2026-05-15 13:05:58.447328+00
701,1.1800,2026-05-15 13:06:16.493334+00
702,1.0900,2026-05-15 13:06:28.535077+00
703,1.0100,2026-05-15 13:06:40.601727+00
704,3.0000,2026-05-15 13:07:10.960888+00
705,1.1600,2026-05-15 13:07:23.060336+00
706,1.7100,2026-05-15 13:07:41.186509+00
707,4.6400,2026-05-15 13:08:17.037116+00
708,10.6800,2026-05-15 13:08:58.743259+00
709,19.6100,2026-05-15 13:09:46.451621+00
710,1.1400,2026-05-15 13:09:58.683418+00
711,6.4800,2026-05-15 13:10:34.29394+00
712,1.8000,2026-05-15 13:10:58.361902+00
713,1.6600,2026-05-15 13:11:16.424167+00
714,6.4300,2026-05-15 13:11:52.168147+00
715,1.3400,2026-05-15 13:12:10.264657+00
716,1.9000,2026-05-15 13:12:28.293244+00
717,2.0900,2026-05-15 13:12:52.454137+00
718,4.4000,2026-05-15 13:13:22.245207+00
719,0.3300,2026-05-15 13:13:58.044071+00
720,1.2400,2026-05-15 13:14:16.128181+00
721,1.9600,2026-05-15 13:14:34.371206+00
722,4.0000,2026-05-15 13:15:04.249737+00
723,2.0100,2026-05-15 13:15:28.480881+00
724,1.4100,2026-05-15 13:15:40.460349+00
725,10.9400,2026-05-15 13:16:40.053564+00
726,1.0100,2026-05-15 13:16:58.360318+00
727,3.0200,2026-05-15 13:17:22.294444+00
728,1.6800,2026-05-15 13:17:40.463898+00
729,1.1900,2026-05-15 13:17:58.581627+00
730,1.6900,2026-05-15 13:18:16.588693+00
731,1.1100,2026-05-15 13:18:28.655694+00
732,1.7000,2026-05-15 13:18:52.826237+00
733,4.4400,2026-05-15 13:19:22.592845+00
734,1.6200,2026-05-15 13:19:40.725126+00
735,1.4100,2026-05-15 13:19:58.958359+00
736,1.2900,2026-05-15 13:20:17.086279+00
737,1.7400,2026-05-15 13:20:35.183102+00
738,2.9600,2026-05-15 13:20:59.145311+00
739,1.9200,2026-05-15 13:21:23.256309+00
740,2.2000,2026-05-15 13:21:41.129095+00
741,0.6200,2026-05-15 13:22:16.905007+00
742,8.2200,2026-05-15 13:22:58.672208+00
743,2.4000,2026-05-15 13:23:22.643275+00
744,2.9000,2026-05-15 13:23:46.646272+00
745,14.7300,2026-05-15 13:24:34.136555+00
746,3.0400,2026-05-15 13:24:57.957519+00
747,1.2000,2026-05-15 13:25:16.081062+00
748,3.4400,2026-05-15 13:25:46.340769+00
749,2.0800,2026-05-15 13:26:04.258734+00
750,1.1200,2026-05-15 13:26:22.263183+00
751,1.6800,2026-05-15 13:26:40.336858+00
752,1.1600,2026-05-15 13:26:52.505891+00
753,39.2300,2026-05-15 13:27:51.706678+00
754,4.6200,2026-05-15 13:28:27.749257+00
755,1.3800,2026-05-15 13:28:39.73328+00
756,4.1800,2026-05-15 13:29:15.568488+00
757,1.1300,2026-05-15 13:29:27.628824+00
758,49.8100,2026-05-15 13:30:27.116136+00
759,1.6300,2026-05-15 13:30:45.168436+00
760,1.1100,2026-05-15 13:31:03.283338+00
761,1.9900,2026-05-15 13:31:21.255223+00
762,1.1300,2026-05-15 13:31:33.359098+00
763,0.6400,2026-05-15 13:32:09.085362+00
764,1.8700,2026-05-15 13:32:33.059651+00
765,6.4600,2026-05-15 13:33:09.023558+00
766,1.4300,2026-05-15 13:33:27.070943+00
767,3.2300,2026-05-15 13:33:50.97823+00
768,2.9400,2026-05-15 13:34:20.881497+00
769,4.7300,2026-05-15 13:34:50.894306+00
770,2.4000,2026-05-15 13:35:14.887411+00
771,1.1700,2026-05-15 13:35:33.203398+00
772,2.0100,2026-05-15 13:35:51.342512+00
773,1.8800,2026-05-15 13:36:15.440559+00
774,1.3100,2026-05-15 13:36:27.633907+00
775,2.0000,2026-05-15 13:36:57.744214+00
776,1.2200,2026-05-15 13:37:09.787883+00
777,1.8600,2026-05-15 13:37:33.731276+00
778,6.4900,2026-05-15 13:38:09.64765+00
779,1.0100,2026-05-15 13:38:21.804341+00
780,1.6300,2026-05-15 13:38:39.996543+00
781,9.0700,2026-05-15 13:39:15.768875+00
782,3.9100,2026-05-15 13:39:45.743403+00
783,2.2600,2026-05-15 13:40:03.861617+00
784,2.0100,2026-05-15 13:40:27.907657+00
785,1.9800,2026-05-15 13:40:51.863565+00
786,1.6200,2026-05-15 13:41:10.030896+00
787,1.9700,2026-05-15 13:41:34.040308+00
788,4.3300,2026-05-15 13:42:03.845421+00
789,14.7740,2026-05-15 13:42:51.146131+00
790,1.1300,2026-05-15 13:43:03.292312+00
791,6.0500,2026-05-15 13:43:38.987049+00
792,3.6200,2026-05-15 13:44:08.918573+00
793,2.0200,2026-05-15 13:44:32.836298+00
794,47.1900,2026-05-15 13:45:32.03583+00
795,3.0800,2026-05-15 13:46:02.177178+00
796,1.0400,2026-05-15 13:46:14.365043+00
797,3.1000,2026-05-15 13:46:44.316073+00
798,1.9000,2026-05-15 13:47:02.319903+00
799,4.8000,2026-05-15 13:47:38.198966+00
800,2.6600,2026-05-15 13:48:02.273321+00
801,1.8100,2026-05-15 13:48:20.396829+00
802,1.0800,2026-05-15 13:48:38.468506+00
803,2.6800,2026-05-15 13:49:02.523519+00
804,2.8300,2026-05-15 13:49:26.535498+00
805,8.4400,2026-05-15 13:50:08.29345+00
806,1.4900,2026-05-15 13:51:02.463005+00
807,3.4600,2026-05-15 13:51:32.36739+00
808,27.3400,2026-05-15 13:52:25.7054+00
809,2.1400,2026-05-15 13:52:55.705165+00
810,1.0700,2026-05-15 13:53:07.763001+00
811,2.2000,2026-05-15 13:53:31.918363+00
812,3.8700,2026-05-15 13:54:01.915436+00
813,1.9000,2026-05-15 13:54:20.077565+00
814,18.3100,2026-05-15 13:55:07.266397+00
815,39.3900,2026-05-15 13:56:06.982325+00
816,30.3900,2026-05-15 13:56:19.165384+00
817,1.9900,2026-05-15 13:56:37.24079+00
818,1.9000,2026-05-15 13:56:55.430409+00
819,4.7100,2026-05-15 13:57:31.34371+00
820,1.7200,2026-05-15 13:57:49.447822+00
821,1.4900,2026-05-15 13:58:07.506088+00
822,11.0900,2026-05-15 13:58:49.205975+00
823,1.8000,2026-05-15 13:59:37.043999+00
824,3.9300,2026-05-15 14:00:00.971902+00
825,1.2200,2026-05-15 14:00:19.177996+00
826,2.8900,2026-05-15 14:00:43.17823+00
827,1.0100,2026-05-15 14:01:01.472324+00
828,1.0700,2026-05-15 14:01:13.670103+00
829,2.1300,2026-05-15 14:01:31.893018+00
830,1.9500,2026-05-15 14:01:55.898629+00
831,2.1300,2026-05-15 14:02:19.995105+00
832,1.2600,2026-05-15 14:02:32.172441+00
833,4.1000,2026-05-15 14:03:08.09245+00
834,3.6900,2026-05-15 14:03:32.205004+00
835,14.9200,2026-05-15 14:04:19.871687+00
836,203.1600,2026-05-15 14:05:42.74594+00
837,1.3825,2026-05-15 14:06:00.773936+00
838,4.6700,2026-05-15 14:06:36.76134+00
839,9.7700,2026-05-15 14:07:18.550102+00
840,2.2000,2026-05-15 14:07:36.478263+00
841,19.2900,2026-05-15 14:08:23.953264+00
842,1.0400,2026-05-15 14:08:42.238298+00
843,1.0300,2026-05-15 14:08:54.48935+00
844,1.9600,2026-05-15 14:09:12.437504+00
845,1.2100,2026-05-15 14:09:24.612885+00
846,2.0900,2026-05-15 14:09:48.664023+00
847,1.2000,2026-05-15 14:10:06.812078+00
848,1.2300,2026-05-15 14:10:25.046935+00
849,1.9900,2026-05-15 14:10:43.042957+00
850,3.6800,2026-05-15 14:11:25.111873+00
851,1.9900,2026-05-15 14:11:43.10686+00
852,1.0100,2026-05-15 14:11:55.256142+00
853,3.0600,2026-05-15 14:12:25.42782+00
854,1.4000,2026-05-15 14:12:37.585093+00
855,2.0900,2026-05-15 14:13:01.625028+00
856,1.2900,2026-05-15 14:13:19.774576+00
857,9.8100,2026-05-15 14:14:01.660348+00
858,23.0000,2026-05-15 14:14:55.312348+00
859,1.3800,2026-05-15 14:15:13.360709+00
860,1.2100,2026-05-15 14:15:25.737493+00
861,1.9900,2026-05-15 14:15:43.60008+00
862,4.0900,2026-05-15 14:16:13.408222+00
863,13.9440,2026-05-15 14:17:01.120137+00
864,1.6700,2026-05-15 14:17:19.236696+00
865,2.6600,2026-05-15 14:17:49.26399+00
866,1.9000,2026-05-15 14:18:07.278323+00
867,6.3400,2026-05-15 14:18:43.136474+00
868,31.3600,2026-05-15 14:19:36.736345+00
869,1.6600,2026-05-15 14:19:54.760955+00
870,1.6000,2026-05-15 14:20:18.863653+00
871,2.3000,2026-05-15 14:20:42.903995+00
872,22.6000,2026-05-15 14:21:30.232464+00
873,2.1200,2026-05-15 14:22:00.200403+00
874,3.8800,2026-05-15 14:22:30.363532+00
875,1.4900,2026-05-15 14:22:48.48482+00
876,47.2600,2026-05-15 14:23:47.902946+00
877,1.8100,2026-05-15 14:24:05.980083+00
878,1.3600,2026-05-15 14:24:24.057324+00
879,4.0000,2026-05-15 14:24:53.876+00
880,1.2100,2026-05-15 14:25:12.005389+00
881,1.1400,2026-05-15 14:25:24.149279+00
882,0.8700,2026-05-15 14:25:59.632103+00
883,3.1400,2026-05-15 14:26:29.521308+00
884,1.8300,2026-05-15 14:26:47.5175+00
885,106.9900,2026-05-15 14:27:58.628764+00
886,8.1600,2026-05-15 14:28:40.199998+00
887,4.4000,2026-05-15 14:29:10.235752+00
888,4.7000,2026-05-15 14:29:46.240013+00
889,2.8600,2026-05-15 14:30:10.129867+00
890,1.0500,2026-05-15 14:30:22.385275+00
891,1.3600,2026-05-15 14:30:40.416096+00
892,8.9300,2026-05-15 14:31:22.312362+00
893,1.0200,2026-05-15 14:31:34.444314+00
894,4.3400,2026-05-15 14:32:10.472548+00
895,3.0600,2026-05-15 14:32:34.327805+00
896,1.7900,2026-05-15 14:32:52.401557+00
897,0.6800,2026-05-15 14:33:28.171052+00
898,1.8900,2026-05-15 14:33:52.205883+00
899,4.0200,2026-05-15 14:34:22.245222+00
900,2.0400,2026-05-15 14:34:46.387298+00
901,2.1800,2026-05-15 14:35:10.302461+00
902,1.9800,2026-05-15 14:35:28.360908+00
903,14.0200,2026-05-15 14:36:15.91522+00
904,1.3900,2026-05-15 14:36:33.854201+00
905,10.1700,2026-05-15 14:37:15.212814+00
906,1.0500,2026-05-15 14:37:27.309984+00
907,13.9700,2026-05-15 14:38:14.831757+00
908,4.0600,2026-05-15 14:38:44.611044+00
909,18.2500,2026-05-15 14:39:38.423293+00
910,1.4700,2026-05-15 14:39:56.496995+00
911,3.4400,2026-05-15 14:40:20.378023+00
912,3.2300,2026-05-15 14:40:50.247089+00
913,4.3100,2026-05-15 14:41:20.432441+00
914,1.4800,2026-05-15 14:41:38.804875+00
915,2.1800,2026-05-15 14:42:02.836917+00
916,1.7400,2026-05-15 14:42:26.894038+00
917,1.9100,2026-05-15 14:42:45.080178+00
918,11.7800,2026-05-15 14:43:26.902937+00
919,0.4200,2026-05-15 14:44:02.634415+00
920,4.3300,2026-05-15 14:44:32.674173+00
921,1.9800,2026-05-15 14:44:56.905963+00
922,3.8200,2026-05-15 14:45:20.888872+00
923,1.3800,2026-05-15 14:45:39.127252+00
924,4.7300,2026-05-15 14:46:15.151078+00
925,1.4000,2026-05-15 14:46:33.232893+00
926,9.0700,2026-05-15 14:47:02.955515+00
927,6.9700,2026-05-15 14:47:44.740284+00
928,2.6100,2026-05-15 14:48:08.83221+00
929,1.6900,2026-05-15 14:48:26.961903+00
930,2.9200,2026-05-15 14:48:50.914845+00
931,1.3600,2026-05-15 14:49:09.156971+00
932,6.6900,2026-05-15 14:49:45.043102+00
933,2.2000,2026-05-15 14:50:09.3003+00
934,3.8600,2026-05-15 14:50:39.220321+00
935,3.2000,2026-05-15 14:51:09.208316+00
936,2.2200,2026-05-15 14:51:33.186374+00
937,1.7000,2026-05-15 14:51:51.303554+00
938,1.0600,2026-05-15 14:52:03.34988+00
939,6.9000,2026-05-15 14:52:38.942572+00
940,3.3200,2026-05-15 14:53:08.790443+00
941,2.6900,2026-05-15 14:53:32.805914+00
942,1.1300,2026-05-15 14:53:50.965223+00
943,1.0400,2026-05-15 14:54:03.103157+00
944,1.9000,2026-05-15 14:54:26.922221+00
945,1.4300,2026-05-15 14:54:45.045393+00
946,1.7200,2026-05-15 14:55:02.955253+00
947,1.8300,2026-05-15 14:55:21.022602+00
948,1.1300,2026-05-15 14:55:39.142128+00
949,1.9800,2026-05-15 14:55:57.146333+00
950,6.3800,2026-05-15 14:56:32.842978+00
951,1.0400,2026-05-15 14:56:44.948195+00
952,2.1400,2026-05-15 14:57:09.031016+00
953,1.6900,2026-05-15 14:57:33.106683+00
954,24.0300,2026-05-15 14:58:26.373401+00
955,4.4300,2026-05-15 14:58:56.27933+00
956,1.7300,2026-05-15 14:59:14.273134+00
957,4.2800,2026-05-15 14:59:44.138351+00
958,2.0900,2026-05-15 15:00:08.005986+00
959,1.9400,2026-05-15 15:00:32.151021+00
960,0.3600,2026-05-15 15:01:01.882238+00
961,1.8700,2026-05-15 15:01:26.150349+00
962,3.6100,2026-05-15 15:01:56.238454+00
963,37.6400,2026-05-15 15:02:55.603425+00
964,1.6200,2026-05-15 15:03:49.168129+00
965,1.8400,2026-05-15 15:04:13.293473+00
966,6.8000,2026-05-15 15:04:48.980869+00
967,1.0500,2026-05-15 15:05:01.095171+00
968,1.4200,2026-05-15 15:05:19.249385+00
969,1.0400,2026-05-15 15:05:37.23588+00
970,1.1100,2026-05-15 15:06:07.481833+00
971,1.2000,2026-05-15 15:06:19.64643+00
972,4.8900,2026-05-15 15:06:55.505221+00
973,2.8400,2026-05-15 15:07:19.457472+00
974,3.6600,2026-05-15 15:07:49.208176+00
975,6.9100,2026-05-15 15:08:24.831935+00
976,1.7100,2026-05-15 15:08:48.866122+00
977,18.9700,2026-05-15 15:09:36.201099+00
978,1.2100,2026-05-15 15:09:54.278239+00
979,1.8400,2026-05-15 15:10:12.31726+00
980,1.1600,2026-05-15 15:10:24.506461+00
981,3.2400,2026-05-15 15:10:54.301547+00
982,1.7100,2026-05-15 15:11:12.306444+00
983,1.4100,2026-05-15 15:11:30.638455+00
984,7.0800,2026-05-15 15:12:12.632356+00
985,1.2900,2026-05-15 15:12:24.713202+00
986,1.2400,2026-05-15 15:12:42.834901+00
987,4.9700,2026-05-15 15:13:12.700839+00
988,3.9400,2026-05-15 15:13:42.48107+00
989,1.6100,2026-05-15 15:14:00.448181+00
990,1.9100,2026-05-15 15:14:18.712418+00
991,12.0000,2026-05-15 15:15:06.455365+00
992,1.2700,2026-05-15 15:15:18.712289+00
993,2.9300,2026-05-15 15:15:42.798234+00
994,1.3100,2026-05-15 15:16:00.914685+00
995,1.4800,2026-05-15 15:16:19.02844+00
996,1.0300,2026-05-15 15:16:31.256097+00
997,1.9200,2026-05-15 15:16:49.455435+00
998,9.3400,2026-05-15 15:17:31.005534+00
999,18.4600,2026-05-15 15:18:24.510959+00
1000,1.2200,2026-05-15 15:18:36.607474+00
1001,1.1600,2026-05-15 15:18:54.650473+00
1002,1.3900,2026-05-15 15:19:06.827139+00
1003,193.4000,2026-05-15 15:20:23.83638+00
1004,1.0600,2026-05-15 15:20:41.889255+00
1005,0.2200,2026-05-15 15:21:11.830392+00
1006,4.6800,2026-05-15 15:21:47.789807+00
1007,2.2200,2026-05-15 15:22:05.964017+00
1008,2.1900,2026-05-15 15:22:30.224563+00
1009,1.4000,2026-05-15 15:22:48.380113+00
1010,3.0400,2026-05-15 15:23:18.335126+00
1011,1.3100,2026-05-15 15:23:30.512292+00
1012,3.0100,2026-05-15 15:24:00.491152+00
1013,2.9600,2026-05-15 15:24:24.462877+00
1014,1.0200,2026-05-15 15:24:36.541741+00
1015,1.4000,2026-05-15 15:24:54.696563+00
1016,3.7700,2026-05-15 15:25:24.549596+00
1017,1.0600,2026-05-15 15:25:42.65309+00
1018,1.1200,2026-05-15 15:25:54.730046+00
1019,1.0400,2026-05-15 15:26:12.747352+00
1020,1.1200,2026-05-15 15:26:24.873426+00
1021,1.6900,2026-05-15 15:27:01.007007+00
1022,1.3200,2026-05-15 15:27:19.119354+00
1023,1.9100,2026-05-15 15:27:37.091277+00
1024,3.7700,2026-05-15 15:28:06.861331+00
1025,1.0400,2026-05-15 15:28:19.014667+00
1026,1.1400,2026-05-15 15:28:31.140377+00
1027,1.0400,2026-05-15 15:28:49.434015+00
1028,2.2000,2026-05-15 15:29:07.486354+00
1029,4.3800,2026-05-15 15:29:43.401245+00
1030,1.0300,2026-05-15 15:29:55.576878+00
1031,1.2300,2026-05-15 15:30:07.841179+00
1032,6.1300,2026-05-15 15:30:43.696148+00
1033,1.6700,2026-05-15 15:31:07.800845+00
1034,1.1400,2026-05-15 15:31:19.956467+00
1035,1.4000,2026-05-15 15:31:38.096451+00
1036,1.0600,2026-05-15 15:31:50.279016+00
1037,2.9300,2026-05-15 15:32:26.261385+00
1038,1.4400,2026-05-15 15:32:44.469942+00
1039,2.9900,2026-05-15 15:33:14.430899+00
1040,3.6900,2026-05-15 15:33:44.337599+00
1041,1.6100,2026-05-15 15:34:02.443684+00
1042,9.9300,2026-05-15 15:34:44.078258+00
1043,2.0100,2026-05-15 15:35:02.120495+00
1044,1.2900,2026-05-15 15:35:20.384331+00
1045,2.6600,2026-05-15 15:35:44.461911+00
1046,3.4900,2026-05-15 15:36:14.468332+00
1047,1.9700,2026-05-15 15:36:32.556806+00
1048,2.6100,2026-05-15 15:36:56.497842+00
1049,1.2600,2026-05-15 15:37:14.565336+00
1050,1.8300,2026-05-15 15:37:32.498869+00
1051,1.7700,2026-05-15 15:38:20.480746+00
1052,3.4400,2026-05-15 15:38:50.428408+00
1053,3.4600,2026-05-15 15:39:14.441326+00
1054,1.2200,2026-05-15 15:39:32.582693+00
1055,2.6700,2026-05-15 15:39:56.575962+00
1056,0.2100,2026-05-15 15:40:32.400382+00
1057,1.7700,2026-05-15 15:40:50.438836+00
1058,1.2900,2026-05-15 15:41:08.519899+00
1059,1.9200,2026-05-15 15:41:26.692174+00
1060,1.4400,2026-05-15 15:41:44.697543+00
1061,4.6100,2026-05-15 15:42:14.419397+00
1062,2.1000,2026-05-15 15:42:38.218884+00
1063,9.0700,2026-05-15 15:43:14.082997+00
1064,9.0500,2026-05-15 15:43:44.080394+00
1065,1.1600,2026-05-15 15:44:02.253296+00
1066,1.3900,2026-05-15 15:44:20.377321+00
1067,1.6900,2026-05-15 15:44:38.41491+00
1068,1.2900,2026-05-15 15:44:50.749505+00
1069,1.3800,2026-05-15 15:45:08.906193+00
1070,1.9000,2026-05-15 15:45:27.143227+00
1071,2.0300,2026-05-15 15:45:51.098299+00
1072,1.0800,2026-05-15 15:46:03.124789+00
1073,18.4600,2026-05-15 15:46:56.601465+00
1074,1.2800,2026-05-15 15:47:32.820474+00
1075,120.1200,2026-05-15 15:48:49.963198+00
1076,2.6200,2026-05-15 15:49:14.058993+00
1077,1.1200,2026-05-15 15:49:26.313346+00
1078,2.2000,2026-05-15 15:49:50.361311+00
1079,1.0700,2026-05-15 15:50:02.469465+00
1080,1.0200,2026-05-15 15:50:14.766438+00
1081,4.2000,2026-05-15 15:50:50.484036+00
1082,4.1600,2026-05-15 15:51:20.499283+00
1083,1.1100,2026-05-15 15:51:32.730431+00
1084,1.4000,2026-05-15 15:51:50.719232+00
1085,2.2800,2026-05-15 15:52:14.783346+00
1086,1.6000,2026-05-15 15:52:32.828535+00
1087,1.3100,2026-05-15 15:52:51.011755+00
1088,1.3400,2026-05-15 15:53:09.409437+00
1089,1.2400,2026-05-15 15:53:21.501936+00
1090,1.6600,2026-05-15 15:53:39.414449+00
1091,1.9900,2026-05-15 15:54:03.546086+00
1092,80.6800,2026-05-15 15:55:08.611323+00
1093,1.4100,2026-05-15 15:55:26.779306+00
1094,1.4000,2026-05-15 15:56:08.799318+00
1095,1.1300,2026-05-15 15:56:27.089806+00
1096,3.4100,2026-05-15 15:56:56.895407+00
1097,1.4700,2026-05-15 15:57:15.064198+00
1098,2.4000,2026-05-15 15:57:39.260406+00
1099,1.2900,2026-05-15 15:57:51.45796+00
1100,1.0200,2026-05-15 15:58:03.509934+00
1101,3.3100,2026-05-15 15:58:33.43761+00
1102,2.0000,2026-05-15 15:58:57.430857+00
1103,4.2000,2026-05-15 15:59:33.424371+00
1104,1.9900,2026-05-15 15:59:51.434706+00
1105,2.6600,2026-05-15 16:00:15.317091+00
1106,2.0300,2026-05-15 16:00:39.279347+00
1107,17.9800,2026-05-15 16:01:26.956463+00
1108,2.0500,2026-05-15 16:01:51.086873+00
1109,1.9100,2026-05-15 16:02:09.289461+00
1110,1.4700,2026-05-15 16:02:27.611842+00
1111,17.4800,2026-05-15 16:03:21.216438+00
1112,4.3400,2026-05-15 16:03:50.709273+00
1113,3.1000,2026-05-15 16:04:20.704288+00
1114,1.0500,2026-05-15 16:04:32.802802+00
1115,2.2000,2026-05-15 16:04:57.153452+00
1116,1.8100,2026-05-15 16:05:15.040275+00
1117,1.1700,2026-05-15 16:05:33.318576+00
1118,2.2000,2026-05-15 16:05:57.37905+00
1119,11.9700,2026-05-15 16:06:39.019667+00
1120,2.2000,2026-05-15 16:07:02.96517+00
1121,4.3000,2026-05-15 16:07:32.815397+00
1122,1.9200,2026-05-15 16:07:56.944281+00
1123,1.0200,2026-05-15 16:08:09.036629+00
1124,4.1000,2026-05-15 16:08:39.200294+00
1125,3.1700,2026-05-15 16:09:09.140774+00
1126,1.1900,2026-05-15 16:09:21.293705+00
1127,1.9100,2026-05-15 16:09:39.380927+00
1128,0.6700,2026-05-15 16:10:15.399373+00
1129,1.4400,2026-05-15 16:10:33.429937+00
1130,1.3900,2026-05-15 16:10:45.629569+00
1131,1.2100,2026-05-15 16:11:03.622337+00
1132,1.7600,2026-05-15 16:11:21.751326+00
1133,1.7200,2026-05-15 16:11:45.844663+00
1134,2.6000,2026-05-15 16:12:09.811486+00
1135,2.2200,2026-05-15 16:12:33.826083+00
1136,1.0800,2026-05-15 16:12:46.093844+00
1137,6.1600,2026-05-15 16:13:21.677309+00
1138,6.4700,2026-05-15 16:13:57.247384+00
1139,2.9000,2026-05-15 16:14:21.109571+00
1140,1.0200,2026-05-15 16:14:33.264301+00
1141,1.1300,2026-05-15 16:14:51.388081+00
1142,8.7200,2026-05-15 16:15:27.048652+00
1143,1.3200,2026-05-15 16:15:45.304019+00
1144,3.4300,2026-05-15 16:16:15.371506+00
1145,1.7200,2026-05-15 16:16:33.33003+00
1146,2.0000,2026-05-15 16:16:57.306371+00
1147,1.1600,2026-05-15 16:17:15.62518+00
1148,1.7100,2026-05-15 16:17:33.763324+00
1149,1.2900,2026-05-15 16:17:51.901488+00
1150,1.4100,2026-05-15 16:18:10.0002+00
1151,1.0300,2026-05-15 16:18:22.142027+00
1152,1.3100,2026-05-15 16:18:40.277172+00
1153,1.4400,2026-05-15 16:18:52.727942+00
1154,4.1700,2026-05-15 16:19:28.568338+00
1155,2.9600,2026-05-15 16:19:52.683144+00
1156,19.8600,2026-05-15 16:20:40.062431+00
1157,2.3800,2026-05-15 16:21:04.326148+00
1158,1.0700,2026-05-15 16:21:16.447402+00
1159,1.2200,2026-05-15 16:21:34.574281+00
1160,1.0600,2026-05-15 16:21:46.671215+00
1161,2.6400,2026-05-15 16:22:10.420389+00
1162,1.9200,2026-05-15 16:22:34.482132+00
1163,2.2300,2026-05-15 16:22:58.5036+00
1164,1.9600,2026-05-15 16:23:16.665985+00
1165,1.1300,2026-05-15 16:23:34.825961+00
1166,2.1100,2026-05-15 16:23:52.96175+00
1167,1.4200,2026-05-15 16:24:35.241206+00
1168,4.6900,2026-05-15 16:25:11.385701+00
1169,2.9600,2026-05-15 16:25:35.562297+00
1170,2.1100,2026-05-15 16:25:59.776557+00
1171,1.6900,2026-05-15 16:26:17.962891+00
1172,9.0500,2026-05-15 16:26:53.875646+00
1173,2.9800,2026-05-15 16:27:17.708868+00
1174,3.8300,2026-05-15 16:27:47.752297+00
1175,1.3300,2026-05-15 16:28:05.887009+00
1176,1.6300,2026-05-15 16:28:24.076082+00
1177,1.4900,2026-05-15 16:28:42.236275+00
1178,1.3300,2026-05-15 16:29:00.344598+00
1179,1.6000,2026-05-15 16:29:18.408546+00
1180,1.9300,2026-05-15 16:29:54.859881+00
1181,4.8800,2026-05-15 16:30:24.620449+00
1182,1.2900,2026-05-15 16:30:42.639901+00
1183,1.9400,2026-05-15 16:31:00.678578+00
1184,1.9000,2026-05-15 16:31:18.82509+00
1185,1.9600,2026-05-15 16:31:42.72846+00
1186,1.9700,2026-05-15 16:32:00.719021+00
1187,4.9000,2026-05-15 16:33:06.182388+00
1188,33.4100,2026-05-15 16:33:59.406911+00
1189,12.9633,2026-05-15 16:34:47.15844+00
1190,1.9600,2026-05-15 16:35:05.136377+00
1191,2.6000,2026-05-15 16:35:29.161351+00
1192,9.0000,2026-05-15 16:36:10.720531+00
1193,3.0600,2026-05-15 16:36:40.950853+00
1194,4.8300,2026-05-15 16:37:10.790764+00
1195,3.9200,2026-05-15 16:38:22.537066+00
1196,9.1200,2026-05-15 16:38:52.229147+00
1197,3.4300,2026-05-15 16:39:22.185325+00
1198,1.0400,2026-05-15 16:39:34.370456+00
1199,10.3500,2026-05-15 16:40:16.200119+00
1200,1.9800,2026-05-15 16:40:40.311219+00
1201,3.0600,2026-05-15 16:41:10.52876+00
1202,23.9900,2026-05-15 16:42:03.956347+00
1203,2.6900,2026-05-15 16:42:28.068798+00
1204,2.1700,2026-05-15 16:42:52.229417+00
1205,1.4600,2026-05-15 16:43:04.443225+00
1206,4.9700,2026-05-15 16:43:40.534228+00
1207,4.3400,2026-05-15 16:44:10.673505+00
1208,2.2400,2026-05-15 16:44:34.56551+00
1209,1.0700,2026-05-15 16:44:46.555007+00
1210,3.7600,2026-05-15 16:45:16.606252+00
1211,1.2100,2026-05-15 16:45:34.807322+00
1212,0.4000,2026-05-15 16:46:10.952408+00
1213,1.7600,2026-05-15 16:46:28.965865+00
1214,1.7900,2026-05-15 16:46:47.260163+00
1215,39.3000,2026-05-15 16:47:46.510286+00
1216,8.2100,2026-05-15 16:48:28.511354+00
1217,1.4100,2026-05-15 16:48:46.735423+00
1218,1.0200,2026-05-15 16:49:11.068114+00
1219,11.2000,2026-05-15 16:49:52.78532+00
1220,6.2900,2026-05-15 16:50:28.496837+00
1221,9.1100,2026-05-15 16:51:10.269434+00
1222,7.9300,2026-05-15 16:51:52.1086+00
1223,1.6800,2026-05-15 16:52:10.172386+00
1224,1.9200,2026-05-15 16:52:28.298656+00
1225,1.8200,2026-05-15 16:52:52.470776+00
1226,0.4200,2026-05-15 16:53:22.317668+00
1228,2.0400,2026-05-15 16:55:21.231217+00
1230,2.4900,2026-05-15 16:56:09.662452+00
1231,1.0700,2026-05-15 16:56:21.956351+00
1232,2.2000,2026-05-15 16:56:45.898507+00
1233,1.7100,2026-05-15 16:57:03.976075+00
1234,3.1400,2026-05-15 16:57:34.199307+00
1235,1.2700,2026-05-15 16:57:46.399545+00
1236,1.0400,2026-05-15 16:58:04.549481+00
1237,4.9200,2026-05-15 16:58:34.220967+00
1238,11.2300,2026-05-15 16:59:15.924744+00
1239,1.2300,2026-05-15 16:59:34.232533+00
1240,0.6200,2026-05-15 17:00:09.870687+00
1241,1.7100,2026-05-15 17:00:27.856887+00
1242,7.9000,2026-05-15 17:01:09.743112+00
1243,0.2100,2026-05-15 17:01:39.525706+00
1244,2.0000,2026-05-15 17:02:03.625884+00
1245,1.1300,2026-05-15 17:02:21.825301+00
1246,1.6600,2026-05-15 17:02:39.844503+00
1247,3.6000,2026-05-15 17:03:45.263115+00
1248,14.1093,2026-05-15 17:04:27.022369+00
1249,1.1100,2026-05-15 17:04:45.197502+00
1250,3.0200,2026-05-15 17:05:09.20984+00
1251,2.6000,2026-05-15 17:05:33.06777+00
1252,1.6200,2026-05-15 17:05:57.360487+00
1253,2.1000,2026-05-15 17:06:15.55932+00
1254,1.6900,2026-05-15 17:06:39.635449+00
1255,1.3700,2026-05-15 17:06:51.908756+00
1256,1.7300,2026-05-15 17:07:16.155223+00
1257,1.9700,2026-05-15 17:07:34.304084+00
1258,1.3700,2026-05-15 17:07:52.612504+00
1259,1.9200,2026-05-15 17:08:10.702093+00
1260,3.0300,2026-05-15 17:08:34.775074+00
1261,2.4000,2026-05-15 17:08:58.961793+00
1262,8.2800,2026-05-15 17:09:40.715422+00
1263,1.6400,2026-05-15 17:09:58.740404+00
1264,3.1200,2026-05-15 17:10:28.490873+00
1265,1.4400,2026-05-15 17:10:46.631297+00
1266,28.0000,2026-05-15 17:11:39.934282+00
1267,2.2000,2026-05-15 17:12:03.912272+00
1268,4.3900,2026-05-15 17:12:34.04042+00
1269,1.4400,2026-05-15 17:12:52.151333+00
1270,2.9600,2026-05-15 17:13:22.263565+00
1271,1.1100,2026-05-15 17:13:34.427306+00
1272,4.9100,2026-05-15 17:14:22.644585+00
1273,14.1800,2026-05-15 17:15:10.282428+00
1274,1.6000,2026-05-15 17:15:28.542566+00
1275,28.0200,2026-05-15 17:16:21.729429+00
1276,2.1300,2026-05-15 17:16:45.750668+00
1277,1.0400,2026-05-15 17:16:57.970891+00
1278,1.1200,2026-05-15 17:17:10.046562+00
1279,1.0200,2026-05-15 17:17:28.53115+00
1280,19.2400,2026-05-15 17:18:16.22526+00
1281,24.3000,2026-05-15 17:19:03.860154+00
1282,1.0500,2026-05-15 17:19:22.352386+00
1283,1.1700,2026-05-15 17:19:34.486833+00
1284,1.0800,2026-05-15 17:19:46.549678+00
1285,11.7200,2026-05-15 17:20:34.335429+00
1286,24.6300,2026-05-15 17:21:27.945305+00
1287,9.9900,2026-05-15 17:22:03.756124+00
1288,1.3600,2026-05-15 17:22:22.069423+00
1289,7.2000,2026-05-15 17:22:57.952169+00
1290,1.0500,2026-05-15 17:23:10.015027+00
1291,1.2700,2026-05-15 17:23:28.226565+00
1292,1.0900,2026-05-15 17:23:40.375761+00
1293,2.0900,2026-05-15 17:24:04.259866+00
1294,1.0400,2026-05-15 17:24:16.400333+00
1295,1.3700,2026-05-15 17:24:34.299897+00
1296,1.0300,2026-05-15 17:24:46.450263+00
1297,10.7100,2026-05-15 17:25:34.173884+00
1298,1.0700,2026-05-15 17:25:46.339782+00
1299,4.2100,2026-05-15 17:26:16.390312+00
1300,2.0100,2026-05-15 17:26:40.39344+00
1301,1.0100,2026-05-15 17:26:52.568512+00
1302,1.1900,2026-05-15 17:27:04.842412+00
1303,3.4800,2026-05-15 17:27:34.536313+00
1304,1.0400,2026-05-15 17:27:46.558318+00
1305,8.6200,2026-05-15 17:28:28.37621+00
1306,1.2000,2026-05-15 17:28:46.368093+00
1307,1.4800,2026-05-15 17:29:04.447263+00
1308,2.8000,2026-05-15 17:29:28.439868+00
1309,1.0100,2026-05-15 17:29:40.448908+00
1310,1.7200,2026-05-15 17:29:58.51152+00
1311,4.1400,2026-05-15 17:30:34.415325+00
1312,1.8600,2026-05-15 17:30:52.358182+00
1313,1.8300,2026-05-15 17:31:10.598129+00
1314,1.2000,2026-05-15 17:31:28.700307+00
1315,4.2400,2026-05-15 17:31:58.653916+00
1316,1.3000,2026-05-15 17:32:16.81699+00
1317,1.3300,2026-05-15 17:32:34.999011+00
1318,6.0600,2026-05-15 17:33:11.050908+00
1319,1.6700,2026-05-15 17:33:29.127706+00
1320,1.2000,2026-05-15 17:33:41.087371+00
1321,2.9000,2026-05-15 17:34:05.167444+00
1322,1.1700,2026-05-15 17:34:23.229391+00
1323,1.0700,2026-05-15 17:34:35.34202+00
1324,1.0400,2026-05-15 17:34:53.155278+00
1325,3.0600,2026-05-15 17:35:23.264378+00
1326,1.1100,2026-05-15 17:35:35.318105+00
1327,1.4400,2026-05-15 17:35:53.321937+00
1328,1.0400,2026-05-15 17:36:05.321296+00
1329,1.0600,2026-05-15 17:36:23.588551+00
1330,1.7900,2026-05-15 17:36:41.456597+00
1331,1.2900,2026-05-15 17:36:59.495589+00
1332,7.9900,2026-05-15 17:37:35.049252+00
1333,1.4100,2026-05-15 17:37:53.064369+00
1334,2.1600,2026-05-15 17:38:17.069218+00
1335,1.2900,2026-05-15 17:38:35.150648+00
1336,1.8100,2026-05-15 17:38:53.108336+00
1337,34.1900,2026-05-15 17:39:52.58637+00
1338,1.6000,2026-05-15 17:40:10.697009+00
1339,1.1200,2026-05-15 17:40:22.802476+00
1340,2.8200,2026-05-15 17:40:52.76655+00
1341,1.8000,2026-05-15 17:41:10.746326+00
1342,18.8600,2026-05-15 17:41:58.205213+00
1343,1.9600,2026-05-15 17:42:22.470088+00
1344,1.3400,2026-05-15 17:42:34.649396+00
1345,1.0500,2026-05-15 17:42:52.690944+00
1346,1.3600,2026-05-15 17:43:04.932649+00
1347,1.8400,2026-05-15 17:43:28.988881+00
1348,19.0200,2026-05-15 17:44:16.585507+00
1349,1.0600,2026-05-15 17:44:28.788815+00
1350,2.2900,2026-05-15 17:44:52.827532+00
1351,6.9100,2026-05-15 17:45:28.797375+00
1352,3.2900,2026-05-15 17:45:59.10729+00
1353,2.1200,2026-05-15 17:46:23.032587+00
1354,2.1000,2026-05-15 17:46:47.344603+00
1355,1.9800,2026-05-15 17:47:05.32309+00
1356,0.2900,2026-05-15 17:47:41.29972+00
1357,2.0400,2026-05-15 17:48:05.490393+00
1358,1.1600,2026-05-15 17:48:17.614399+00
1359,1.0700,2026-05-15 17:48:35.751483+00
1360,0.4400,2026-05-15 17:49:05.560376+00
1361,3.6900,2026-05-15 17:49:35.515881+00
1362,2.3000,2026-05-15 17:50:05.438409+00
1363,1.6800,2026-05-15 17:50:23.444507+00
1364,47.9700,2026-05-15 17:51:41.009899+00
1365,1.0100,2026-05-15 17:51:59.22739+00
1366,0.0600,2026-05-15 17:52:28.903413+00
1367,0.8400,2026-05-15 17:53:04.529754+00
1368,1.9000,2026-05-15 17:53:28.677442+00
1369,62.2400,2026-05-15 17:54:33.984377+00
1370,1.3800,2026-05-15 17:54:46.19549+00
1371,1.2300,2026-05-15 17:55:04.434001+00
1372,7.1100,2026-05-15 17:55:40.072524+00
1373,1.9900,2026-05-15 17:55:58.14205+00
1374,1.2200,2026-05-15 17:56:16.325011+00
1375,1.0600,2026-05-15 17:56:28.589469+00
1376,14.9300,2026-05-15 17:57:15.856454+00
1377,1.1100,2026-05-15 17:57:27.944634+00
1378,1.4400,2026-05-15 17:58:34.45048+00
1379,1.6900,2026-05-15 17:58:52.378754+00
1380,4.9300,2026-05-15 17:59:22.262065+00
1381,1.0600,2026-05-15 17:59:40.455465+00
1382,2.1900,2026-05-15 18:00:04.516459+00
1383,1.9100,2026-05-15 18:00:22.495409+00
1384,9.9400,2026-05-15 18:01:04.132456+00
1385,1.2900,2026-05-15 18:01:22.353382+00
1386,1.0700,2026-05-15 18:01:34.568012+00
1387,2.6100,2026-05-15 18:01:58.421934+00
1388,3.2100,2026-05-15 18:02:28.467943+00
1389,3.2000,2026-05-15 18:02:52.497971+00
1390,3.2600,2026-05-15 18:03:22.493161+00
1391,1.3000,2026-05-15 18:03:40.686101+00
1392,1.2400,2026-05-15 18:03:52.790116+00
1393,1.1900,2026-05-15 18:04:11.063416+00
1394,1.3300,2026-05-15 18:04:29.317645+00
1395,1.9600,2026-05-15 18:04:47.493885+00
1396,1.0600,2026-05-15 18:04:59.667347+00
1397,1.7900,2026-05-15 18:05:17.737212+00
1398,3.3000,2026-05-15 18:05:47.608907+00
1399,1.0400,2026-05-15 18:05:59.683278+00
1400,1.7700,2026-05-15 18:06:17.619208+00
1401,1.8600,2026-05-15 18:06:41.653009+00
1402,1.6000,2026-05-15 18:06:59.824311+00
1403,1.2500,2026-05-15 18:07:17.944697+00
1404,19.3700,2026-05-15 18:08:05.666375+00
1405,1.6600,2026-05-15 18:08:23.739534+00
1406,0.4000,2026-05-15 18:08:59.61992+00
1407,6.6800,2026-05-15 18:09:35.509416+00
1408,3.9900,2026-05-15 18:10:05.460951+00
1409,1.2600,2026-05-15 18:10:23.540935+00
1410,1.0500,2026-05-15 18:10:35.744995+00
1411,14.1400,2026-05-15 18:11:23.464682+00
1412,1.9900,2026-05-15 18:11:41.477562+00
1413,3.1400,2026-05-15 18:12:05.424274+00
1414,1.7300,2026-05-15 18:12:29.434276+00
1415,7.3200,2026-05-15 18:13:05.212895+00
1416,1.9900,2026-05-15 18:13:29.42737+00
1417,1.0300,2026-05-15 18:13:41.571288+00
1418,0.4400,2026-05-15 18:14:11.262843+00
1419,2.6000,2026-05-15 18:14:41.359351+00
1420,0.0300,2026-05-15 18:15:11.100928+00
1421,1.7200,2026-05-15 18:15:35.181196+00
1422,1.9700,2026-05-15 18:15:53.316265+00
1423,1.0100,2026-05-15 18:16:05.463374+00
1424,3.4700,2026-05-15 18:16:35.461128+00
1425,4.2400,2026-05-15 18:17:05.228796+00
1426,2.0100,2026-05-15 18:17:29.231407+00
1427,1.0100,2026-05-15 18:17:41.398848+00
1428,1.2000,2026-05-15 18:17:59.564999+00
1429,2.0500,2026-05-15 18:18:17.71414+00
1430,2.4900,2026-05-15 18:19:05.903281+00
1431,143.6620,2026-05-15 18:20:23.057304+00
1432,1.1800,2026-05-15 18:20:41.208464+00
1433,3.0400,2026-05-15 18:21:04.985553+00
1434,3.6600,2026-05-15 18:21:34.9618+00
1435,1.3000,2026-05-15 18:21:53.281087+00
1436,0.8700,2026-05-15 18:22:29.11518+00
1437,0.4300,2026-05-15 18:22:59.034888+00
1438,2.2600,2026-05-15 18:23:22.951277+00
1439,1.6700,2026-05-15 18:23:40.986037+00
1440,3.9300,2026-05-15 18:24:11.037369+00
1441,1.0100,2026-05-15 18:24:29.380992+00
1442,3.0900,2026-05-15 18:24:53.229326+00
1443,2.6800,2026-05-15 18:25:17.292492+00
1444,3.1100,2026-05-15 18:25:53.172068+00
1445,1.0100,2026-05-15 18:26:05.336943+00
1446,1.4300,2026-05-15 18:26:23.425118+00
1447,1.0100,2026-05-15 18:26:35.554552+00
1448,9.2100,2026-05-15 18:27:17.075045+00
1449,1.4200,2026-05-15 18:27:35.18447+00
1450,4.3900,2026-05-15 18:28:04.913244+00
1451,2.0900,2026-05-15 18:28:28.901822+00
1452,1.1700,2026-05-15 18:28:46.928089+00
1453,2.8000,2026-05-15 18:29:10.891099+00
1454,3.4700,2026-05-15 18:29:40.815958+00
1455,1.1700,2026-05-15 18:29:52.900881+00
1456,3.6400,2026-05-15 18:30:22.844791+00
1457,9.0500,2026-05-15 18:30:58.860466+00
1458,1.6100,2026-05-15 18:31:17.037321+00
1459,1.0300,2026-05-15 18:31:29.21589+00
1460,1.3300,2026-05-15 18:31:47.316395+00
1461,1.0400,2026-05-15 18:31:59.475125+00
1462,4.3600,2026-05-15 18:32:29.332195+00
1463,1.4600,2026-05-15 18:32:47.615106+00
1464,6.7600,2026-05-15 18:33:23.492883+00
1465,2.1900,2026-05-15 18:33:53.739457+00
1466,1.2200,2026-05-15 18:34:05.948562+00
1467,2.2000,2026-05-15 18:34:29.984458+00
1468,1.9300,2026-05-15 18:34:47.980097+00
1469,1.1600,2026-05-15 18:35:06.292192+00
1470,1.0800,2026-05-15 18:35:18.381129+00
1471,1.9900,2026-05-15 18:35:36.356695+00
1472,14.1300,2026-05-15 18:36:23.787926+00
1473,1.7200,2026-05-15 18:36:47.756422+00
1474,1.8000,2026-05-15 18:37:05.839352+00
1475,3.1700,2026-05-15 18:37:35.944454+00
1476,11.9800,2026-05-15 18:38:17.6114+00
1477,1.0800,2026-05-15 18:38:29.657116+00
1478,1.9400,2026-05-15 18:38:53.645972+00
1479,1.6800,2026-05-15 18:39:11.782464+00
1480,1.2600,2026-05-15 18:39:29.907894+00
1481,1.7300,2026-05-15 18:39:47.886975+00
1482,1.3300,2026-05-15 18:40:06.019842+00
1483,1.0600,2026-05-15 18:40:18.097819+00
1484,1.7200,2026-05-15 18:40:36.202524+00
1485,1.9300,2026-05-15 18:41:00.123411+00
1486,2.2000,2026-05-15 18:41:24.201848+00
1487,12.6600,2026-05-15 18:42:05.643258+00
1488,1.2100,2026-05-15 18:42:23.754426+00
1489,3.2000,2026-05-15 18:42:47.610261+00
1490,1.9800,2026-05-15 18:43:11.802124+00
1491,1.2900,2026-05-15 18:43:23.869428+00
1492,2.3400,2026-05-15 18:43:47.789938+00
1493,0.9000,2026-05-15 18:44:23.594918+00
1494,3.0600,2026-05-15 18:44:53.653302+00
1495,1.3900,2026-05-15 18:45:11.746902+00
1496,11.0000,2026-05-15 18:45:53.26789+00
1497,1.6600,2026-05-15 18:46:11.180306+00
1498,2.0100,2026-05-15 18:46:35.449335+00
1499,14.1200,2026-05-15 18:47:17.044103+00
1500,18.8500,2026-05-15 18:48:10.782445+00
1501,1.0200,2026-05-15 18:48:22.846445+00
1502,1.3100,2026-05-15 18:48:40.917923+00
1503,3.8000,2026-05-15 18:49:11.049091+00
1504,8.1700,2026-05-15 18:49:46.694814+00
1505,2.1700,2026-05-15 18:50:10.615891+00
1506,2.4400,2026-05-15 18:50:34.769809+00
1507,3.2000,2026-05-15 18:51:04.714256+00
1508,1.9000,2026-05-15 18:51:22.686045+00
1509,1.3300,2026-05-15 18:51:40.835681+00
1510,1.9600,2026-05-15 18:51:58.79398+00
1511,1.0200,2026-05-15 18:52:10.868051+00
1512,3.3700,2026-05-15 18:52:40.881209+00
1513,0.3600,2026-05-15 18:53:10.516389+00
1514,1.0800,2026-05-15 18:53:28.508363+00
1515,1.2800,2026-05-15 18:53:40.622864+00
1516,8.9700,2026-05-15 18:54:22.317069+00
1517,10.9900,2026-05-15 18:55:03.90222+00
1518,1.9700,2026-05-15 18:55:22.067914+00
1519,1.6700,2026-05-15 18:55:46.315197+00
1520,1.6000,2026-05-15 18:56:04.493239+00
1521,3.3400,2026-05-15 18:56:28.553141+00
1522,19.8200,2026-05-15 18:57:22.457181+00
1523,1.9400,2026-05-15 18:57:40.587676+00
1524,31.6600,2026-05-15 18:58:39.983156+00
1525,11.9831,2026-05-15 18:59:21.679402+00
1526,10.9300,2026-05-15 19:00:09.374603+00
1527,1.8000,2026-05-15 19:00:27.413426+00
1528,2.0500,2026-05-15 19:00:51.218297+00
1529,4.7400,2026-05-15 19:01:21.15582+00
1530,3.8200,2026-05-15 19:01:51.248553+00
1531,3.0500,2026-05-15 19:02:21.097189+00
1532,3.0800,2026-05-15 19:02:45.046374+00
1533,1.0700,2026-05-15 19:02:57.165498+00
1534,2.3100,2026-05-15 19:03:21.206899+00
1535,1.0500,2026-05-15 19:03:39.435384+00
1536,1.0800,2026-05-15 19:03:51.706923+00
1537,39.0600,2026-05-15 19:04:51.220145+00
1538,4.2000,2026-05-15 19:05:21.015654+00
1539,1.0400,2026-05-15 19:05:33.237338+00
1540,2.9400,2026-05-15 19:06:03.168463+00
1541,2.0100,2026-05-15 19:06:27.039141+00
1542,1.1600,2026-05-15 19:06:39.072285+00
1543,6.0800,2026-05-15 19:07:14.898722+00
1544,6.4900,2026-05-15 19:07:50.388484+00
1545,1.0100,2026-05-15 19:08:08.590949+00
1546,1.2700,2026-05-15 19:08:20.846973+00
1547,1.7300,2026-05-15 19:08:44.866153+00
1548,3.9300,2026-05-15 19:09:14.857017+00
1549,2.2200,2026-05-15 19:09:32.980019+00
1550,4.0000,2026-05-15 19:10:02.871128+00
1551,1.0600,2026-05-15 19:10:21.097999+00
1552,1.0200,2026-05-15 19:10:33.376542+00
1553,1.1100,2026-05-15 19:10:45.582334+00
1554,1.9600,2026-05-15 19:11:03.590148+00
1555,1.6600,2026-05-15 19:11:27.620027+00
1556,3.7400,2026-05-15 19:11:51.500335+00
1557,1.7800,2026-05-15 19:12:15.564097+00
1558,2.8600,2026-05-15 19:12:39.614656+00
1559,0.0600,2026-05-15 19:13:15.569476+00
1560,1.7200,2026-05-15 19:13:33.674365+00
1561,2.0400,2026-05-15 19:13:57.499969+00
1562,3.8900,2026-05-15 19:14:27.294843+00
1563,1.7900,2026-05-15 19:14:51.340979+00
1564,19.7900,2026-05-15 19:15:38.882298+00
1565,12.8900,2026-05-15 19:16:20.448749+00
1566,1.2900,2026-05-15 19:16:38.601527+00
1567,0.9300,2026-05-15 19:17:14.28933+00
1568,2.4600,2026-05-15 19:17:38.404701+00
1569,6.0100,2026-05-15 19:18:14.116103+00
1570,1.9400,2026-05-15 19:18:32.306702+00
1571,2.1100,2026-05-15 19:18:56.239799+00
1572,2.2000,2026-05-15 19:19:20.368409+00
1573,4.3000,2026-05-15 19:19:50.397042+00
1574,9.6300,2026-05-15 19:20:32.054706+00
1575,1.7600,2026-05-15 19:20:50.063506+00
1576,1.9200,2026-05-15 19:21:14.221924+00
1577,3.6700,2026-05-15 19:21:38.131322+00
1578,2.1000,2026-05-15 19:22:02.02688+00
1579,2.6000,2026-05-15 19:22:26.029562+00
1580,0.0100,2026-05-15 19:23:01.906107+00
1581,1.0400,2026-05-15 19:23:14.197162+00
1582,2.1000,2026-05-15 19:23:38.484082+00
1583,1.9200,2026-05-15 19:23:56.706869+00
1584,3.1600,2026-05-15 19:24:26.757178+00
1585,1.4400,2026-05-15 19:24:44.798274+00
1586,1.8300,2026-05-15 19:25:02.654211+00
1587,9.0700,2026-05-15 19:25:38.424883+00
1588,2.3000,2026-05-15 19:26:02.644222+00
1589,1.1900,2026-05-15 19:26:15.000129+00
1590,2.1900,2026-05-15 19:26:44.979899+00
1591,1.4700,2026-05-15 19:27:03.133926+00
1592,7.6200,2026-05-15 19:27:38.763536+00
1593,3.0600,2026-05-15 19:28:08.841177+00
1594,1.0200,2026-05-15 19:28:21.037455+00
1595,1.3800,2026-05-15 19:28:39.121641+00
1596,1.1600,2026-05-15 19:28:51.183238+00
1597,2.8200,2026-05-15 19:29:15.271749+00
1598,1.9600,2026-05-15 19:29:33.473069+00
1599,3.9600,2026-05-15 19:30:09.470132+00
1600,0.4900,2026-05-15 19:30:39.219626+00
1601,1.9600,2026-05-15 19:31:03.244886+00
1602,2.0100,2026-05-15 19:31:27.315612+00
1603,2.0900,2026-05-15 19:31:51.459053+00
1604,3.3000,2026-05-15 19:32:15.392049+00
1605,3.3200,2026-05-15 19:32:45.262292+00
1606,6.6800,2026-05-15 19:33:21.219796+00
1607,3.4900,2026-05-15 19:33:51.195227+00
1608,1.2300,2026-05-15 19:34:09.412224+00
1609,2.2900,2026-05-15 19:34:27.653287+00
1610,7.1200,2026-05-15 19:35:09.58261+00
1611,2.1400,2026-05-15 19:35:33.587469+00
1612,1.0900,2026-05-15 19:35:45.615951+00
1613,3.6600,2026-05-15 19:36:15.565192+00
1614,1.8300,2026-05-15 19:36:33.755891+00
1615,1.2400,2026-05-15 19:36:51.942336+00
1616,10.1500,2026-05-15 19:37:33.522141+00
1617,1.9900,2026-05-15 19:37:57.583982+00
1618,3.1700,2026-05-15 19:38:21.641129+00
1619,3.4900,2026-05-15 19:38:51.760346+00
1620,14.9700,2026-05-15 19:39:39.410916+00
1621,2.0200,2026-05-15 19:39:57.481616+00
1622,1.7900,2026-05-15 19:40:21.776584+00
1623,12.3300,2026-05-15 19:41:03.425387+00
1624,2.0700,2026-05-15 19:41:27.373391+00
1625,3.0400,2026-05-15 19:42:09.475252+00
1626,1.4100,2026-05-15 19:42:27.518548+00
1627,1.9000,2026-05-15 19:42:45.583462+00
1628,4.6800,2026-05-15 19:43:15.471171+00
1629,8.4200,2026-05-15 19:43:57.327245+00
1630,1.2700,2026-05-15 19:44:15.4437+00
1631,1.3200,2026-05-15 19:44:33.821182+00
1632,1.1300,2026-05-15 19:44:45.933106+00
1633,2.0300,2026-05-15 19:45:10.141725+00
1634,1.9200,2026-05-15 19:45:28.467367+00
1635,1.3700,2026-05-15 19:46:22.62913+00
1636,3.4200,2026-05-15 19:46:46.543016+00
1637,1.2600,2026-05-15 19:47:04.574425+00
1638,2.6700,2026-05-15 19:47:58.371476+00
1639,4.1900,2026-05-15 19:48:28.397018+00
1640,1.2800,2026-05-15 19:48:40.533865+00
1641,1.3800,2026-05-15 19:49:16.939544+00
1642,0.9900,2026-05-15 19:49:46.8017+00
1643,1.7200,2026-05-15 19:50:10.930431+00
1644,3.0600,2026-05-15 19:50:40.982401+00
1645,1.1100,2026-05-15 19:50:53.201164+00
1646,2.2300,2026-05-15 19:51:17.200299+00
1647,2.1100,2026-05-15 19:51:41.025282+00
1648,8.9100,2026-05-15 19:52:23.068505+00
1649,1.8600,2026-05-15 19:52:41.118031+00
1650,1.4900,2026-05-15 19:53:23.147383+00
1651,1.9900,2026-05-15 19:53:41.052445+00
1652,2.1200,2026-05-15 19:54:35.237389+00
1653,6.8700,2026-05-15 19:55:11.039322+00
1654,4.6300,2026-05-15 19:55:40.882746+00
1655,2.6600,2026-05-15 19:56:10.772087+00
1656,6.9300,2026-05-15 19:56:46.551525+00
1657,2.0300,2026-05-15 19:57:04.618021+00
1658,1.9600,2026-05-15 19:57:22.65223+00
1659,2.0000,2026-05-15 19:57:46.679729+00
1660,0.9200,2026-05-15 19:58:22.777392+00
1661,1.4400,2026-05-15 19:58:40.971914+00
1662,1.2700,2026-05-15 19:58:53.107321+00
1663,2.3400,2026-05-15 19:59:17.333876+00
1664,8.2000,2026-05-15 19:59:59.358561+00
1665,2.9000,2026-05-15 20:00:23.475421+00
1666,1.3600,2026-05-15 20:00:41.600414+00
1667,2.3100,2026-05-15 20:01:05.753266+00
1668,111.4020,2026-05-15 20:02:17.252694+00
1669,1.1200,2026-05-15 20:02:29.473405+00
1670,1.2700,2026-05-15 20:02:47.672868+00
1671,1.0100,2026-05-15 20:02:59.99047+00
1672,14.2500,2026-05-15 20:03:47.596079+00
1673,1.1400,2026-05-15 20:03:59.751126+00
1674,1.3300,2026-05-15 20:04:17.889675+00
1675,2.2600,2026-05-15 20:04:41.999863+00
1676,0.4800,2026-05-15 20:05:11.732218+00
1677,1.9300,2026-05-15 20:05:36.057329+00
1678,1.6700,2026-05-15 20:05:54.124016+00
1679,1.6200,2026-05-15 20:06:12.135952+00
1680,7.1200,2026-05-15 20:06:53.952912+00
1681,2.1000,2026-05-15 20:07:11.916188+00
1682,2.0100,2026-05-15 20:07:41.856971+00
1683,1.3400,2026-05-15 20:07:54.103041+00
1684,1.9800,2026-05-15 20:08:18.149102+00
1685,1.1800,2026-05-15 20:08:30.304218+00
1686,4.8600,2026-05-15 20:09:06.21041+00
1687,1.4700,2026-05-15 20:09:24.441223+00
1688,1.7600,2026-05-15 20:09:42.425476+00
1689,1.3800,2026-05-15 20:10:00.389898+00
1690,17.0600,2026-05-15 20:10:47.850158+00
1691,2.2000,2026-05-15 20:11:11.847341+00
1692,2.6100,2026-05-15 20:11:35.992958+00
1693,1.0100,2026-05-15 20:11:48.277099+00
1694,0.3100,2026-05-15 20:12:24.194406+00
1695,3.0300,2026-05-15 20:12:54.293086+00
1696,24.9400,2026-05-15 20:13:47.672313+00
1697,1.0400,2026-05-15 20:13:59.802094+00
1698,2.6800,2026-05-15 20:14:23.639594+00
1699,4.6050,2026-05-15 20:14:53.637561+00
1700,3.4300,2026-05-15 20:15:23.575395+00
1701,3.0000,2026-05-15 20:15:53.631378+00
1702,4.4500,2026-05-15 20:16:23.681994+00
1703,1.9800,2026-05-15 20:16:41.774814+00
1704,1.2200,2026-05-15 20:17:00.037721+00
1705,0.8800,2026-05-15 20:17:35.693574+00
1706,1.8200,2026-05-15 20:17:53.872631+00
1707,2.4000,2026-05-15 20:18:17.958529+00
1708,0.9900,2026-05-15 20:18:53.80536+00
1709,4.3900,2026-05-15 20:19:23.646916+00
1710,2.6600,2026-05-15 20:19:47.68043+00
1711,3.7400,2026-05-15 20:20:17.536126+00
1712,4.6100,2026-05-15 20:20:53.513883+00
1713,1.3400,2026-05-15 20:21:35.780147+00
1714,1.4400,2026-05-15 20:21:47.957037+00
1715,1.0900,2026-05-15 20:22:06.243358+00
1716,1.9300,2026-05-15 20:22:24.31817+00
1717,1.0100,2026-05-15 20:22:36.472121+00
1718,14.3500,2026-05-15 20:23:24.229754+00
1719,3.0800,2026-05-15 20:23:48.201412+00
1720,11.3600,2026-05-15 20:24:36.097216+00
1721,61.7900,2026-05-15 20:25:35.430369+00
1722,2.3800,2026-05-15 20:25:59.531706+00
1723,1.0300,2026-05-15 20:26:17.790315+00
1724,4.8000,2026-05-15 20:26:47.508891+00
1725,0.9000,2026-05-15 20:27:23.104484+00
1726,14.9400,2026-05-15 20:28:10.892276+00
1727,1.7900,2026-05-15 20:28:28.837097+00
1728,1.1800,2026-05-15 20:28:47.07945+00
1729,1.1600,2026-05-15 20:28:59.394517+00
1730,1.9800,2026-05-15 20:29:41.380486+00
1731,0.7700,2026-05-15 20:30:17.095127+00
1732,1.0600,2026-05-15 20:30:35.224703+00
1733,3.3000,2026-05-15 20:30:59.036922+00
1734,1.1900,2026-05-15 20:31:17.170862+00
1735,1.7800,2026-05-15 20:31:35.161901+00
1736,2.3000,2026-05-15 20:31:59.005331+00
1737,2.2000,2026-05-15 20:32:23.128157+00
1738,1.1700,2026-05-15 20:32:35.343494+00
1739,2.6400,2026-05-15 20:33:05.230898+00
1740,1.6000,2026-05-15 20:33:23.254496+00
1741,1.6800,2026-05-15 20:33:41.265023+00
1742,1.2900,2026-05-15 20:33:59.336186+00
1743,2.2900,2026-05-15 20:34:23.531069+00
1744,1.0500,2026-05-15 20:34:35.703834+00
1745,3.3200,2026-05-15 20:34:59.644256+00
1746,13.9500,2026-05-15 20:35:53.240848+00
1747,1.0700,2026-05-15 20:36:05.311426+00
1748,6.0300,2026-05-15 20:36:41.26618+00
1749,9.3000,2026-05-15 20:37:23.064716+00
1750,1.0500,2026-05-15 20:37:35.284147+00
1751,1.4200,2026-05-15 20:37:53.308167+00
1752,1.0600,2026-05-15 20:38:05.392081+00
1753,7.9200,2026-05-15 20:39:10.911322+00
1754,8.9900,2026-05-15 20:39:52.474385+00
1755,10.0200,2026-05-15 20:40:34.059488+00
1756,1.0900,2026-05-15 20:40:46.265215+00
1757,14.3200,2026-05-15 20:41:46.124359+00
1758,1.1300,2026-05-15 20:41:58.163275+00
1759,1.8100,2026-05-15 20:42:22.475302+00
1760,3.6900,2026-05-15 20:42:52.51348+00
1761,19.7600,2026-05-15 20:43:40.215787+00
1762,9.0000,2026-05-15 20:44:21.927952+00
1763,0.2400,2026-05-15 20:44:57.663072+00
1764,7.8800,2026-05-15 20:45:33.372903+00
1765,1.3400,2026-05-15 20:45:51.312102+00
1766,1.8600,2026-05-15 20:46:15.356437+00
1767,1.0300,2026-05-15 20:46:27.527261+00
1768,3.3000,2026-05-15 20:46:51.551252+00
1769,0.2200,2026-05-15 20:47:27.094344+00
1770,1.7900,2026-05-15 20:47:45.242009+00
1771,2.1800,2026-05-15 20:48:15.368525+00
1772,1.3900,2026-05-15 20:48:33.487183+00
1773,1.8500,2026-05-15 20:48:51.592322+00
1774,9.0100,2026-05-15 20:49:33.47592+00
1775,2.6900,2026-05-15 20:49:57.50208+00
1776,28.1000,2026-05-15 20:50:51.057017+00
1777,3.4000,2026-05-15 20:51:20.969838+00
1778,1.6900,2026-05-15 20:51:38.977908+00
1779,2.0000,2026-05-15 20:52:02.819322+00
1780,0.9000,2026-05-15 20:52:38.63743+00
1781,2.8200,2026-05-15 20:53:08.687149+00
1782,1.2900,2026-05-15 20:53:20.958064+00
1783,1.3100,2026-05-15 20:53:39.635592+00
1784,4.8000,2026-05-15 20:54:09.630496+00
1785,133.0540,2026-05-15 20:55:26.532128+00
1786,1.0600,2026-05-15 20:55:38.625663+00
1787,1.4000,2026-05-15 20:55:56.660904+00
1788,1.1900,2026-05-15 20:56:14.672505+00
1789,8.4200,2026-05-15 20:56:50.417422+00
1790,1.4100,2026-05-15 20:57:08.692666+00
1791,1.6100,2026-05-15 20:57:26.867386+00
1792,9.9900,2026-05-15 20:58:02.48229+00
1793,33.4900,2026-05-15 20:59:01.701884+00
1794,2.0900,2026-05-15 21:00:01.403118+00
1795,1.9300,2026-05-15 21:00:25.465595+00
1796,1.0100,2026-05-15 21:00:37.702329+00
1797,6.9000,2026-05-15 21:01:13.412651+00
1798,120.2460,2026-05-15 21:02:30.774242+00
1799,4.0100,2026-05-15 21:03:00.72069+00
1800,1.9000,2026-05-15 21:03:18.920921+00
1801,2.0300,2026-05-15 21:03:43.053694+00
1802,39.0600,2026-05-15 21:04:42.498554+00
1803,1.3700,2026-05-15 21:04:54.650522+00
1804,1.2700,2026-05-15 21:05:12.755098+00
1805,3.0300,2026-05-15 21:05:42.814218+00
1806,1.3200,2026-05-15 21:05:55.22216+00
1807,1.2300,2026-05-15 21:06:13.349871+00
1808,6.7100,2026-05-15 21:06:49.254777+00
1809,1.7100,2026-05-15 21:07:07.300283+00
1810,4.0100,2026-05-15 21:07:37.179263+00
1811,1.6100,2026-05-15 21:07:55.232009+00
1812,20.0200,2026-05-15 21:08:48.712349+00
1813,12.2020,2026-05-15 21:09:36.502093+00
1814,6.4000,2026-05-15 21:10:12.53968+00
1815,19.6200,2026-05-15 21:11:00.28225+00
1816,1.0200,2026-05-15 21:11:36.663228+00
1817,3.9900,2026-05-15 21:12:06.612881+00
1818,1.1400,2026-05-15 21:12:18.62143+00
1819,2.2900,2026-05-15 21:12:42.495417+00
1820,6.2600,2026-05-15 21:13:18.135923+00
1821,1.9800,2026-05-15 21:13:36.227395+00
1822,84.0600,2026-05-15 21:14:47.712303+00
1823,1.0300,2026-05-15 21:14:59.781128+00
1824,1.2600,2026-05-15 21:15:17.901912+00
1825,19.8600,2026-05-15 21:16:05.663809+00
1826,1.3900,2026-05-15 21:16:36.207175+00
1827,1.9800,2026-05-15 21:16:54.294507+00
1828,1.3400,2026-05-15 21:17:12.371603+00
1829,1.2400,2026-05-15 21:17:30.419126+00
1830,1.2000,2026-05-15 21:17:42.520323+00
1831,2.1400,2026-05-15 21:18:06.11995+00
1832,1.0300,2026-05-15 21:18:18.014026+00
1833,3.8200,2026-05-15 21:18:47.325157+00
1834,1.6300,2026-05-15 21:19:11.186097+00
1835,1.9800,2026-05-15 21:19:29.222946+00
1836,3.4000,2026-05-15 21:19:53.156459+00
1837,3.3000,2026-05-15 21:20:23.108411+00
1838,18.7800,2026-05-15 21:21:16.485416+00
1839,1.3900,2026-05-15 21:21:28.629186+00
1840,3.3400,2026-05-15 21:21:58.564152+00
1841,6.0900,2026-05-15 21:22:34.180653+00
1842,1.3400,2026-05-15 21:22:52.183881+00
1843,3.0400,2026-05-15 21:23:22.285566+00
1844,1.3800,2026-05-15 21:23:34.442298+00
1845,4.2600,2026-05-15 21:24:10.18413+00
1846,1.9900,2026-05-15 21:24:28.391555+00
1847,2.9000,2026-05-15 21:24:58.2974+00
1848,9.3000,2026-05-15 21:25:27.869547+00
1849,1.2100,2026-05-15 21:25:46.114477+00
1850,1.6900,2026-05-15 21:26:04.002381+00
1851,1.9600,2026-05-15 21:26:22.072142+00
1852,1.7700,2026-05-15 21:26:46.126331+00
1853,2.0400,2026-05-15 21:27:10.255323+00
1854,1.8700,2026-05-15 21:27:28.3219+00
1855,2.0000,2026-05-15 21:27:53.84343+00
1856,2.4400,2026-05-15 21:28:17.843423+00
1857,2.0500,2026-05-15 21:28:41.777512+00
1858,23.2600,2026-05-15 21:29:35.33513+00
1859,3.0900,2026-05-15 21:29:59.10541+00
1860,1.2100,2026-05-15 21:30:17.424095+00
1861,2.1400,2026-05-15 21:31:22.956851+00
1862,2.2000,2026-05-15 21:31:40.916931+00
1863,3.0300,2026-05-15 21:32:10.913113+00
1864,1.1800,2026-05-15 21:32:28.985459+00
1865,1.0600,2026-05-15 21:33:05.212522+00
1866,10.7500,2026-05-15 21:33:46.844298+00
1867,4.1950,2026-05-15 21:34:16.827807+00
1868,2.9700,2026-05-15 21:34:46.915533+00
1869,11.2100,2026-05-15 21:35:28.555746+00
1870,1.6100,2026-05-15 21:35:46.479091+00
1871,1.4900,2026-05-15 21:36:04.699309+00
1872,1.6100,2026-05-15 21:36:22.764251+00
1873,2.0500,2026-05-15 21:36:46.728737+00
1874,1.3900,2026-05-15 21:37:04.855257+00
1875,1.2700,2026-05-15 21:37:23.09046+00
1876,1.0200,2026-05-15 21:37:59.348155+00
1877,1.3400,2026-05-15 21:38:11.548323+00
1878,1.2700,2026-05-15 21:38:29.384001+00
1879,1.4700,2026-05-15 21:38:47.200356+00
1880,3.3900,2026-05-15 21:39:16.628274+00
1881,8.8000,2026-05-15 21:40:21.886233+00
1882,2.6700,2026-05-15 21:40:45.944296+00
1883,1.2100,2026-05-15 21:40:57.980782+00
1884,1.8300,2026-05-15 21:41:22.103424+00
1885,1.0100,2026-05-15 21:41:34.152004+00
1886,1.0600,2026-05-15 21:41:46.247129+00
1887,1.2900,2026-05-15 21:42:04.213344+00
1888,1.2500,2026-05-15 21:42:10.262858+00
1889,3.1000,2026-05-15 21:42:34.166844+00
1890,3.3700,2026-05-15 21:42:57.961471+00
1891,1.1200,2026-05-15 21:43:16.164355+00
1892,1.0500,2026-05-15 21:43:28.26937+00
1893,2.1300,2026-05-15 21:43:51.769206+00
1894,1.3100,2026-05-15 21:44:03.87879+00
1895,2.6900,2026-05-15 21:44:33.409426+00
1896,1.1200,2026-05-15 21:44:45.3855+00
1897,1.3300,2026-05-15 21:45:03.010359+00
1898,1.9300,2026-05-15 21:45:20.71436+00
1899,6.8800,2026-05-15 21:45:56.091955+00
1900,1.0100,2026-05-15 21:46:14.178826+00
1901,1.9400,2026-05-15 21:46:31.894343+00
1902,4.1000,2026-05-15 21:47:01.251416+00
1903,4.0800,2026-05-15 21:47:37.279859+00
1904,3.6100,2026-05-15 21:48:25.125399+00
1905,10.7600,2026-05-15 21:49:12.838803+00
1906,4.4000,2026-05-15 21:49:42.845341+00
1907,2.0400,2026-05-15 21:50:06.873317+00
1908,1.3200,2026-05-15 21:50:18.973725+00
1909,3.7600,2026-05-15 21:50:48.799422+00
1910,1.9600,2026-05-15 21:51:12.822853+00
1911,1.1300,2026-05-15 21:51:24.764649+00
1912,3.0600,2026-05-15 21:51:54.698815+00
1913,3.2800,2026-05-15 21:52:24.686965+00
1914,1.4000,2026-05-15 21:52:36.999145+00
1915,1.3000,2026-05-15 21:52:55.132606+00
1916,3.2000,2026-05-15 21:53:25.211356+00
1917,14.2900,2026-05-15 21:54:07.05053+00
1918,1.2200,2026-05-15 21:54:25.349491+00
1919,1.2700,2026-05-15 21:54:43.458517+00
1920,1.3000,2026-05-15 21:54:55.525272+00
1921,1.1200,2026-05-15 21:55:13.524555+00
1922,3.0000,2026-05-15 21:55:37.191752+00
1923,1.7000,2026-05-15 21:56:00.846481+00
1924,7.9200,2026-05-15 21:56:36.211626+00
1925,1.0400,2026-05-15 21:56:54.08617+00
1926,14.5200,2026-05-15 21:57:41.480275+00
1927,1.6000,2026-05-15 21:58:41.466376+00
1928,16.6700,2026-05-15 21:59:29.013162+00
1929,2.2000,2026-05-15 21:59:52.974981+00
1930,19.7900,2026-05-15 22:00:40.437543+00
1931,1.9900,2026-05-15 22:00:58.542401+00
1932,1.2600,2026-05-15 22:01:16.651161+00
1933,1.4200,2026-05-15 22:01:28.853692+00
1934,1.2300,2026-05-15 22:01:47.010874+00
1935,1.3300,2026-05-15 22:02:04.982038+00
1936,3.4600,2026-05-15 22:02:34.533128+00
1937,1.8600,2026-05-15 22:02:52.256306+00
1938,1.6700,2026-05-15 22:03:10.015847+00
1939,1.0800,2026-05-15 22:03:28.174283+00
1940,1.2500,2026-05-15 22:03:58.456369+00
1941,1.9200,2026-05-15 22:04:16.306492+00
1942,4.9300,2026-05-15 22:04:51.568636+00
1943,3.8700,2026-05-15 22:05:21.36991+00
1944,4.2900,2026-05-15 22:05:51.292806+00
1945,1.0400,2026-05-15 22:06:03.345275+00
1946,1.2900,2026-05-15 22:06:21.331303+00
1947,1.9000,2026-05-15 22:06:39.164365+00
1948,6.7300,2026-05-15 22:07:14.185194+00
1949,0.6400,2026-05-15 22:07:49.780486+00
1950,1.0100,2026-05-15 22:08:01.827039+00
1951,1.3900,2026-05-15 22:08:19.641448+00
1952,4.2000,2026-05-15 22:08:49.310228+00
1953,3.3600,2026-05-15 22:09:19.027276+00
1954,2.4600,2026-05-15 22:09:42.861965+00
1955,1.0300,2026-05-15 22:09:55.068343+00
1956,3.2800,2026-05-15 22:10:24.926682+00
1957,8.8000,2026-05-15 22:11:06.79408+00
1958,4.7700,2026-05-15 22:11:36.60346+00
1959,1.1800,2026-05-15 22:11:54.805679+00
1960,1.2900,2026-05-15 22:12:06.940615+00
1961,9.1200,2026-05-15 22:12:42.353183+00
1962,1.9700,2026-05-15 22:13:06.453486+00
1963,1.1900,2026-05-15 22:13:18.56729+00
1964,2.2200,2026-05-15 22:13:42.403598+00
1965,2.1900,2026-05-15 22:14:06.406323+00
1966,1.1100,2026-05-15 22:14:24.667322+00
1967,1.0400,2026-05-15 22:14:42.703357+00
1968,1.0200,2026-05-15 22:14:54.896025+00
1969,1.6900,2026-05-15 22:15:12.894094+00
1970,190.0000,2026-05-15 22:16:29.664899+00
1971,3.8700,2026-05-15 22:16:59.79894+00
1972,1.1200,2026-05-15 22:17:11.927288+00
1973,3.0300,2026-05-15 22:17:41.934191+00
1974,1.8000,2026-05-15 22:17:59.851395+00
1975,2.8200,2026-05-15 22:18:29.852161+00
1976,8.8800,2026-05-15 22:19:05.513831+00
1977,1.9000,2026-05-15 22:19:23.815139+00
1978,3.0600,2026-05-15 22:19:53.897323+00
1979,2.0800,2026-05-15 22:20:18.012728+00
1980,62.0000,2026-05-15 22:21:23.307205+00
1981,1.6400,2026-05-15 22:21:41.415178+00
1982,3.2000,2026-05-15 22:22:05.576306+00
1983,7.9900,2026-05-15 22:22:47.277844+00
1984,3.3000,2026-05-15 22:23:17.182357+00
1985,1.0800,2026-05-15 22:23:29.478128+00
1986,1.9700,2026-05-15 22:23:47.78089+00
1987,1.6900,2026-05-15 22:24:12.007907+00
1988,2.6000,2026-05-15 22:24:36.148936+00
1989,1.2000,2026-05-15 22:24:48.397767+00
1990,1.3200,2026-05-15 22:25:06.513886+00
1991,1.2400,2026-05-15 22:25:24.757044+00
1992,21.0400,2026-05-15 22:26:12.062952+00
1993,1.0200,2026-05-15 22:26:24.616707+00
1994,2.9900,2026-05-15 22:27:18.795018+00
1995,4.1300,2026-05-15 22:27:48.994411+00
1996,1.2900,2026-05-15 22:28:07.257493+00
1997,1.4000,2026-05-15 22:28:19.376911+00
1998,2.6000,2026-05-15 22:28:49.438361+00
1999,2.0500,2026-05-15 22:29:07.48686+00
2000,6.3100,2026-05-15 22:29:43.174888+00
2001,3.2900,2026-05-15 22:30:13.08834+00
2002,2.1800,2026-05-15 22:30:37.265514+00
2003,7.8400,2026-05-15 22:31:12.850669+00
2004,2.2200,2026-05-15 22:31:36.896965+00
2005,2.0500,2026-05-15 22:32:00.829894+00
2006,1.4900,2026-05-15 22:32:19.004576+00
2007,16.3500,2026-05-15 22:33:06.689115+00
2008,1.0800,2026-05-15 22:33:18.830313+00
2009,1.0100,2026-05-15 22:33:30.92115+00
2010,1.2200,2026-05-15 22:33:49.181212+00
2011,1.9500,2026-05-15 22:34:07.107177+00
2012,1.9900,2026-05-15 22:34:30.994255+00
2013,3.7600,2026-05-15 22:35:00.918518+00
2014,1.0600,2026-05-15 22:35:36.941546+00
2015,2.6600,2026-05-15 22:36:00.796578+00
2016,1.7800,2026-05-15 22:36:24.882836+00
2017,19.1200,2026-05-15 22:37:12.137855+00
2018,1.1400,2026-05-15 22:37:30.269689+00
2019,1.4200,2026-05-15 22:37:48.331883+00
2020,6.3900,2026-05-15 22:38:24.020446+00
2021,61.3400,2026-05-15 22:39:29.146179+00
2022,1.3400,2026-05-15 22:39:41.360422+00
2023,1.4300,2026-05-15 22:39:59.538397+00
2024,7.0400,2026-05-15 22:41:04.5488+00
2025,4.9600,2026-05-15 22:41:34.445082+00
2026,1.9800,2026-05-15 22:41:58.736936+00
2027,2.2000,2026-05-15 22:42:16.859519+00
2028,3.9700,2026-05-15 22:42:46.808906+00
2029,1.0400,2026-05-15 22:42:58.961417+00
2030,6.0200,2026-05-15 22:43:34.869151+00
2031,80.9100,2026-05-15 22:44:46.025893+00
2032,6.7000,2026-05-15 22:45:21.605126+00
2033,2.1200,2026-05-15 22:45:45.561478+00
2034,2.0000,2026-05-15 22:46:09.477843+00
2035,2.1200,2026-05-15 22:46:33.401352+00
2036,2.4400,2026-05-15 22:46:57.332854+00
2037,1.8500,2026-05-15 22:47:21.336027+00
2038,7.1200,2026-05-15 22:47:56.842881+00
2039,2.0900,2026-05-15 22:48:20.709407+00
2040,4.9700,2026-05-15 22:48:56.474204+00
2041,1.4200,2026-05-15 22:49:14.701338+00
2042,2.6000,2026-05-15 22:49:38.697166+00
2043,1.1400,2026-05-15 22:49:50.790535+00
2044,1.1100,2026-05-15 22:50:08.894275+00
2045,1.4100,2026-05-15 22:50:21.099763+00
2046,6.7000,2026-05-15 22:51:02.479153+00
2047,1.4100,2026-05-15 22:51:20.819431+00
2048,1.3000,2026-05-15 22:51:32.842834+00
2049,20.0000,2026-05-15 22:52:26.126454+00
2050,1.4800,2026-05-15 22:52:44.102358+00
2051,1.9800,2026-05-15 22:53:02.127668+00
2052,14.1100,2026-05-15 22:53:49.471426+00
2053,0.8200,2026-05-15 22:54:25.208635+00
2054,1.9900,2026-05-15 22:54:49.335124+00
2055,1.1300,2026-05-15 22:55:25.548984+00
2056,2.6100,2026-05-15 22:55:49.45145+00
2057,1.0300,2026-05-15 22:56:01.616462+00
2058,2.2800,2026-05-15 22:56:25.445171+00
2059,1.0200,2026-05-15 22:56:43.689263+00
2060,14.9900,2026-05-15 22:57:25.120218+00
2061,1.4100,2026-05-15 22:57:43.348246+00
2062,2.4400,2026-05-15 22:58:07.29252+00
2063,2.9300,2026-05-15 22:58:31.28184+00
2064,1.4000,2026-05-15 22:58:49.325909+00
2065,1.2600,2026-05-15 22:59:07.464748+00
2066,14.6400,2026-05-15 22:59:55.105361+00
2067,1.3200,2026-05-15 23:00:07.28012+00
2068,1.9200,2026-05-15 23:00:25.43837+00
2069,1.0200,2026-05-15 23:00:43.714065+00
2070,1.8400,2026-05-15 23:01:01.54586+00
2071,2.3000,2026-05-15 23:01:25.516304+00
2072,3.1400,2026-05-15 23:01:55.532509+00
2073,6.3600,2026-05-15 23:02:31.454874+00
2074,1.7200,2026-05-15 23:02:49.485022+00
2075,1.9700,2026-05-15 23:03:31.391564+00
2076,29.8800,2026-05-15 23:04:30.970031+00
2077,2.9900,2026-05-15 23:04:54.812294+00
2078,1.9800,2026-05-15 23:05:12.898144+00
2079,1.3400,2026-05-15 23:05:31.022009+00
2080,1.7200,2026-05-15 23:05:49.016768+00
2081,1.2700,2026-05-15 23:06:07.173114+00
2082,1.0500,2026-05-15 23:06:19.264496+00
2083,1.8400,2026-05-15 23:06:43.02756+00
2084,2.4800,2026-05-15 23:07:07.082087+00
2085,1.2600,2026-05-15 23:07:19.180362+00
2086,1.0800,2026-05-15 23:07:37.352148+00
2087,3.8400,2026-05-15 23:08:07.160775+00
2088,3.7600,2026-05-15 23:08:37.098573+00
2089,1.0400,2026-05-15 23:08:49.192402+00
2090,9.4700,2026-05-15 23:09:30.939099+00
2091,1.7100,2026-05-15 23:09:48.950866+00
2092,1.2900,2026-05-15 23:10:07.038873+00
2093,21.8000,2026-05-15 23:11:00.504397+00
2094,1.2400,2026-05-15 23:11:12.521787+00
2095,1.8600,2026-05-15 23:11:36.468924+00
2096,1.9700,2026-05-15 23:11:54.37954+00
2097,3.0300,2026-05-15 23:12:24.286381+00
2098,1.1200,2026-05-15 23:12:36.432494+00
2099,1.1700,2026-05-15 23:12:54.574491+00
2100,1.0800,2026-05-15 23:13:06.812497+00
2101,2.9000,2026-05-15 23:13:30.646216+00
2102,1.1900,2026-05-15 23:13:48.573797+00
2103,3.6600,2026-05-15 23:14:18.476943+00
2104,1.3900,2026-05-15 23:14:36.814126+00
2105,1.0500,2026-05-15 23:14:48.8591+00
2106,2.9600,2026-05-15 23:15:12.77363+00
2107,11.2100,2026-05-15 23:15:54.182033+00
2108,9.0400,2026-05-15 23:16:36.168252+00
2109,1.0700,2026-05-15 23:16:48.274213+00
2110,6.2800,2026-05-15 23:17:23.859149+00
2111,1.8300,2026-05-15 23:17:48.009832+00
2112,1.4900,2026-05-15 23:18:06.107933+00
2113,9.3000,2026-05-15 23:18:47.785445+00
2114,1.6700,2026-05-15 23:19:05.773575+00
2115,1.4800,2026-05-15 23:19:23.753478+00
2116,4.7900,2026-05-15 23:19:53.602192+00
2117,7.6900,2026-05-15 23:20:35.403104+00
2118,8.8300,2026-05-15 23:21:29.313661+00
2119,1.0800,2026-05-15 23:21:41.318748+00
2120,2.3800,2026-05-15 23:22:05.189227+00
2121,4.2000,2026-05-15 23:22:34.934203+00
2122,4.3600,2026-05-15 23:23:10.670867+00
2123,3.0200,2026-05-15 23:23:34.719348+00
2124,1.2400,2026-05-15 23:23:52.959025+00
2125,1.9000,2026-05-15 23:24:11.041329+00
2126,1.8800,2026-05-15 23:24:29.008333+00
2127,1.9300,2026-05-15 23:24:53.352342+00
2128,4.0500,2026-05-15 23:25:23.413466+00
2129,0.6100,2026-05-15 23:25:59.217369+00
2130,1.3000,2026-05-15 23:26:11.442305+00
2131,1.0600,2026-05-15 23:26:29.719369+00
2132,2.0300,2026-05-15 23:26:48.008817+00
2133,3.7700,2026-05-15 23:27:17.665423+00
2134,1.1400,2026-05-15 23:27:35.719449+00
2135,2.0200,2026-05-15 23:27:53.898072+00
2136,1.2700,2026-05-15 23:28:12.036002+00
2137,2.0000,2026-05-15 23:28:36.056521+00
2138,3.0600,2026-05-15 23:29:06.083585+00
2139,1.7700,2026-05-15 23:29:24.050811+00
2140,1.2800,2026-05-15 23:29:42.199302+00
2141,1.3300,2026-05-15 23:29:54.276216+00
2142,3.0600,2026-05-15 23:30:24.130044+00
2143,3.2900,2026-05-15 23:30:53.998193+00
2144,1.2400,2026-05-15 23:31:12.356957+00
2145,1.1900,2026-05-15 23:31:24.346602+00
2146,7.2900,2026-05-15 23:32:00.066422+00
2147,4.9200,2026-05-15 23:32:36.043391+00
2148,1.2600,2026-05-15 23:32:48.241163+00
2149,7.9200,2026-05-15 23:33:30.027473+00
2150,1.9800,2026-05-15 23:33:48.013413+00
2151,1.3400,2026-05-15 23:34:06.115637+00
2152,0.0300,2026-05-15 23:34:42.05681+00
2153,2.1400,2026-05-15 23:35:00.100904+00
2154,1.1900,2026-05-15 23:35:18.423283+00
2155,1.2400,2026-05-15 23:35:30.3884+00
2156,1.6200,2026-05-15 23:35:54.673097+00
2157,1.0800,2026-05-15 23:36:07.004881+00
2158,2.0000,2026-05-15 23:36:31.056376+00
2159,4.1000,2026-05-15 23:37:00.899275+00
2160,1.0500,2026-05-15 23:37:12.874213+00
2161,1.2000,2026-05-15 23:37:31.095932+00
2162,0.0600,2026-05-15 23:38:07.254469+00
2163,1.0900,2026-05-15 23:38:19.41403+00
2164,1.6900,2026-05-15 23:38:37.46872+00
2165,1.0200,2026-05-15 23:38:49.672149+00
2166,1.0100,2026-05-15 23:39:01.920022+00
2167,1.2100,2026-05-15 23:39:19.994432+00
2168,4.0500,2026-05-15 23:39:49.813487+00
2169,1.0500,2026-05-15 23:40:01.905066+00
2170,2.2000,2026-05-15 23:40:25.872353+00
2171,1.0600,2026-05-15 23:40:38.005886+00
2172,1.7700,2026-05-15 23:41:02.144355+00
2173,1.4300,2026-05-15 23:41:20.119938+00
2174,1.0200,2026-05-15 23:41:32.335129+00
2175,1.3000,2026-05-15 23:41:50.46602+00
2176,2.4600,2026-05-15 23:42:14.468658+00
2177,1.0500,2026-05-15 23:42:26.748178+00
2178,6.4600,2026-05-15 23:43:02.75088+00
2179,1.2900,2026-05-15 23:43:20.951282+00
2180,1.7200,2026-05-15 23:43:39.137793+00
2181,2.8300,2026-05-15 23:44:26.932141+00
2182,3.1000,2026-05-15 23:44:56.922167+00
2183,1.3900,2026-05-15 23:45:38.947497+00
2184,1.3600,2026-05-15 23:45:51.036577+00
2185,4.1400,2026-05-15 23:46:27.037406+00
2186,1.2800,2026-05-15 23:46:39.15095+00
2187,14.7900,2026-05-15 23:47:26.641453+00
2188,1.7700,2026-05-15 23:47:50.656354+00
2189,1.6200,2026-05-15 23:48:08.833467+00
2190,3.8300,2026-05-15 23:48:38.73849+00
2191,1.3700,2026-05-15 23:48:56.953405+00
2192,20.8500,2026-05-15 23:49:44.362076+00
2193,1.4400,2026-05-15 23:50:02.345147+00
2194,1.0300,2026-05-15 23:50:14.503351+00
2195,1.4700,2026-05-15 23:50:32.500524+00
2196,6.6800,2026-05-15 23:51:08.145121+00
2197,3.3800,2026-05-15 23:51:38.099017+00
2198,1.3400,2026-05-15 23:51:56.329299+00
2199,2.0100,2026-05-15 23:52:20.515292+00
2200,3.7700,2026-05-15 23:52:44.360586+00
2201,1.0900,2026-05-15 23:53:02.621064+00
2202,1.2100,2026-05-15 23:53:14.711077+00
2203,1.1600,2026-05-15 23:53:32.922294+00
2204,86.4400,2026-05-15 23:54:38.012988+00
2205,1.2700,2026-05-15 23:54:56.008331+00
2206,83.7300,2026-05-15 23:56:07.393335+00
2207,1.0400,2026-05-15 23:56:19.625925+00
2208,1.0700,2026-05-15 23:56:31.617268+00
2209,1.6800,2026-05-15 23:56:49.623455+00
2210,1.2600,2026-05-15 23:57:07.845414+00
2211,1.4700,2026-05-15 23:57:25.944964+00
2212,1.2800,2026-05-15 23:57:44.112471+00
2213,1.9800,2026-05-15 23:58:02.16544+00
2214,8.3700,2026-05-15 23:58:44.131245+00
2215,1.0400,2026-05-15 23:58:56.252233+00
2216,2.1800,2026-05-15 23:59:20.137563+00
2217,20.9200,2026-05-16 00:00:13.68384+00
2218,1.1900,2026-05-16 00:00:25.802952+00
2219,2.2000,2026-05-16 00:00:49.736914+00
2220,1.6900,2026-05-16 00:01:07.707813+00
2221,2.9600,2026-05-16 00:01:31.834453+00
2222,1.0400,2026-05-16 00:01:43.908641+00
2223,1.0200,2026-05-16 00:02:01.980439+00
2224,2.0900,2026-05-16 00:02:25.96856+00
2225,3.8400,2026-05-16 00:03:25.200835+00
2226,3.2100,2026-05-16 00:03:55.051318+00
2227,7.9200,2026-05-16 00:04:30.809355+00
2228,3.2300,2026-05-16 00:05:00.761005+00
2229,1.1800,2026-05-16 00:05:18.837431+00
2230,1.0600,2026-05-16 00:05:54.919133+00
2231,2.0500,2026-05-16 00:06:18.918131+00
2232,1.8600,2026-05-16 00:06:37.030772+00
2233,1.0100,2026-05-16 00:06:49.220226+00
2234,30.9000,2026-05-16 00:07:48.323607+00
2235,1.1400,2026-05-16 00:08:24.333168+00
2236,0.9900,2026-05-16 00:09:00.12598+00
2237,6.4900,2026-05-16 00:09:41.856851+00
2238,4.6000,2026-05-16 00:10:11.730849+00
2239,13.3700,2026-05-16 00:10:59.516957+00
2240,2.8200,2026-05-16 00:11:23.598914+00
2241,2.9300,2026-05-16 00:11:47.605469+00
2242,1.9800,2026-05-16 00:12:05.636422+00
2243,1.0200,2026-05-16 00:12:17.690393+00
2244,1.8800,2026-05-16 00:12:41.660685+00
2245,2.3400,2026-05-16 00:13:05.711378+00
2246,1.1300,2026-05-16 00:13:17.914008+00
2247,3.0300,2026-05-16 00:13:47.963863+00
2248,1.9700,2026-05-16 00:14:06.07078+00
2249,1.6900,2026-05-16 00:14:24.2364+00
2250,1.2900,2026-05-16 00:14:42.376381+00
2251,1.6600,2026-05-16 00:15:00.417301+00
2252,2.6000,2026-05-16 00:15:24.265216+00
2253,16.9300,2026-05-16 00:16:18.136306+00
2254,1.2400,2026-05-16 00:16:30.141329+00
2255,1.0400,2026-05-16 00:16:42.13229+00
2256,1.7200,2026-05-16 00:17:06.167834+00
2257,9.5100,2026-05-16 00:17:47.904342+00
2258,1.6300,2026-05-16 00:18:06.024262+00
2259,1.0600,2026-05-16 00:18:18.060027+00
2260,1.9900,2026-05-16 00:18:36.130388+00
2261,1.0400,2026-05-16 00:18:48.222148+00
2262,9.7600,2026-05-16 00:19:29.637469+00
2263,2.8900,2026-05-16 00:19:59.598575+00
2264,4.0900,2026-05-16 00:20:29.729999+00
2265,123.3840,2026-05-16 00:21:40.898499+00
2266,1.9600,2026-05-16 00:21:59.000274+00
2267,2.1900,2026-05-16 00:22:23.066647+00
2268,1.0100,2026-05-16 00:22:35.092775+00
2269,1.4300,2026-05-16 00:22:53.322419+00
2270,1.0900,2026-05-16 00:23:11.338055+00
2271,2.3000,2026-05-16 00:23:35.345529+00
2272,30.1600,2026-05-16 00:24:28.397427+00
2273,1.0800,2026-05-16 00:24:40.563697+00
2274,2.0300,2026-05-16 00:25:04.630766+00
2275,2.0100,2026-05-16 00:25:28.583867+00
2276,1.0100,2026-05-16 00:25:40.860408+00
2277,1.6600,2026-05-16 00:26:05.047406+00
2278,1.2700,2026-05-16 00:26:17.026106+00
2279,2.0000,2026-05-16 00:26:40.900177+00
2280,1.4300,2026-05-16 00:26:58.88938+00
2281,2.1100,2026-05-16 00:27:22.764358+00
2282,1.8200,2026-05-16 00:28:11.09771+00
2283,4.2900,2026-05-16 00:28:40.831235+00
2284,3.0800,2026-05-16 00:29:10.825487+00
2285,1.8700,2026-05-16 00:29:28.735068+00
2286,2.2200,2026-05-16 00:29:52.832457+00
2287,1.2600,2026-05-16 00:30:22.960315+00
2288,2.1700,2026-05-16 00:30:46.980509+00
2289,3.2200,2026-05-16 00:31:10.853522+00
2290,1.8200,2026-05-16 00:31:34.722296+00
2291,1.2900,2026-05-16 00:31:46.75514+00
2292,1.0400,2026-05-16 00:32:05.080411+00
2293,1.3200,2026-05-16 00:32:17.278233+00
2294,1.1400,2026-05-16 00:32:35.411179+00
2295,11.6100,2026-05-16 00:33:16.742087+00
2296,1.7200,2026-05-16 00:33:34.766559+00
2297,1.0100,2026-05-16 00:33:53.121325+00
2298,1.4900,2026-05-16 00:34:11.461909+00
2299,20.0000,2026-05-16 00:34:58.843392+00
2300,1.3900,2026-05-16 00:35:16.954189+00
2301,19.0900,2026-05-16 00:36:04.811241+00
2302,1.2000,2026-05-16 00:36:16.842449+00
2303,1.3300,2026-05-16 00:36:34.931531+00
2304,8.8200,2026-05-16 00:37:16.831654+00
2305,38.0900,2026-05-16 00:38:16.239009+00
2306,1.9900,2026-05-16 00:38:34.391399+00
2307,1.4900,2026-05-16 00:38:52.564297+00
2308,7.8400,2026-05-16 00:39:34.33644+00
2309,1.0100,2026-05-16 00:39:46.554333+00
2310,1.2900,2026-05-16 00:40:04.49929+00
2311,1.3900,2026-05-16 00:40:16.576509+00
2312,2.4600,2026-05-16 00:40:40.386112+00
2313,1.3600,2026-05-16 00:40:58.651318+00
2314,6.0200,2026-05-16 00:41:34.301051+00
2315,4.0900,2026-05-16 00:42:04.138448+00
2316,1.3000,2026-05-16 00:42:22.204293+00
2317,1.7200,2026-05-16 00:42:40.300352+00
2318,1.2900,2026-05-16 00:42:58.521315+00
2319,1.6700,2026-05-16 00:43:16.587595+00
2320,1.3100,2026-05-16 00:43:34.705088+00
2321,1.2200,2026-05-16 00:43:52.916545+00
2322,1.3300,2026-05-16 00:44:05.142094+00
2323,1.0100,2026-05-16 00:44:17.418255+00
2324,1.7000,2026-05-16 00:44:41.560121+00
2325,1.8000,2026-05-16 00:44:59.586883+00
2326,2.0400,2026-05-16 00:45:23.686488+00
2327,3.0100,2026-05-16 00:45:47.533247+00
2328,4.1600,2026-05-16 00:46:17.42418+00
2329,1.7100,2026-05-16 00:46:41.504924+00
2330,1.7200,2026-05-16 00:46:59.533985+00
2331,1.2000,2026-05-16 00:47:11.606002+00
2332,1.0700,2026-05-16 00:47:29.710929+00
2333,1.1300,2026-05-16 00:47:41.947373+00
2334,1.7000,2026-05-16 00:47:59.953377+00
2335,1.0700,2026-05-16 00:48:18.163992+00
2336,1.1200,2026-05-16 00:48:30.323338+00
2337,1.0700,2026-05-16 00:48:42.514984+00
2338,2.1300,2026-05-16 00:49:06.471028+00
2339,2.6700,2026-05-16 00:49:30.400269+00
2340,1.2200,2026-05-16 00:49:48.520373+00
2341,1.7900,2026-05-16 00:50:06.544964+00
2342,2.0000,2026-05-16 00:50:30.484412+00
2343,1.9100,2026-05-16 00:50:48.649026+00
2344,1.9000,2026-05-16 00:51:06.830841+00
2345,4.7800,2026-05-16 00:51:42.606319+00
2346,1.1200,2026-05-16 00:51:54.718145+00
2347,1.0400,2026-05-16 00:52:06.862273+00
2348,63.7700,2026-05-16 00:53:12.204735+00
2349,2.9600,2026-05-16 00:53:36.42265+00
2350,1.4800,2026-05-16 00:53:54.530148+00
2351,1.7300,2026-05-16 00:54:18.547062+00
2352,2.8900,2026-05-16 00:54:42.616423+00
2353,1.9300,2026-05-16 00:55:00.689384+00
2354,1.1800,2026-05-16 00:55:12.773535+00
2355,1.0800,2026-05-16 00:55:30.951889+00
2356,18.9900,2026-05-16 00:56:18.175403+00
2357,1.3400,2026-05-16 00:56:36.247317+00
2358,1.0700,2026-05-16 00:56:48.289148+00
2359,13.4900,2026-05-16 00:57:35.970309+00
2360,9.0600,2026-05-16 00:58:11.85999+00
2361,1.9700,2026-05-16 00:58:29.961376+00
2362,3.6700,2026-05-16 00:59:00.201142+00
2363,2.3000,2026-05-16 00:59:24.100189+00
2364,1.7900,2026-05-16 00:59:42.226377+00
2365,1.2200,2026-05-16 01:00:00.454933+00
2366,3.1000,2026-05-16 01:00:24.509103+00
2367,1.0900,2026-05-16 01:00:42.858886+00
2368,1.0800,2026-05-16 01:01:36.8313+00
2369,1.1300,2026-05-16 01:01:48.96579+00
2370,1.0100,2026-05-16 01:02:01.047312+00
2371,4.9600,2026-05-16 01:02:30.984336+00
2372,13.0100,2026-05-16 01:03:18.462242+00
2373,3.0700,2026-05-16 01:03:48.476426+00
2374,1.3900,2026-05-16 01:04:00.760541+00
2375,3.0800,2026-05-16 01:04:30.916306+00
2376,1.1700,2026-05-16 01:05:01.203169+00
2377,1.6700,2026-05-16 01:05:19.306468+00
2378,2.0500,2026-05-16 01:05:43.23835+00
2379,1.6800,2026-05-16 01:06:01.233379+00
2380,1.3700,2026-05-16 01:06:19.441387+00
2381,1.8600,2026-05-16 01:06:37.354309+00
2382,1.9800,2026-05-16 01:07:01.32231+00
2383,2.1700,2026-05-16 01:07:25.263389+00
2384,1.6700,2026-05-16 01:07:44.957908+00
2385,1.1800,2026-05-16 01:07:57.121337+00
2386,4.1300,2026-05-16 01:08:26.93989+00
2387,1.2100,2026-05-16 01:08:45.046015+00
2388,1.0500,2026-05-16 01:08:57.229363+00
2389,14.7950,2026-05-16 01:09:44.80548+00
2390,2.6900,2026-05-16 01:10:08.721956+00
2391,1.0800,2026-05-16 01:10:20.912341+00
2392,0.9300,2026-05-16 01:10:56.602154+00
2393,3.3400,2026-05-16 01:11:26.426245+00
2394,69.0600,2026-05-16 01:12:31.523234+00
2395,41.9065,2026-05-16 01:13:30.663995+00
2396,1.0100,2026-05-16 01:13:42.924045+00
2397,1.0500,2026-05-16 01:14:01.077355+00
2398,1.1600,2026-05-16 01:14:13.207281+00
2399,3.1200,2026-05-16 01:14:43.124194+00
2400,14.1600,2026-05-16 01:15:30.732547+00
2401,3.4400,2026-05-16 01:16:00.613538+00
2402,6.0300,2026-05-16 01:16:36.500355+00
2403,1.0100,2026-05-16 01:16:48.73885+00
2404,1.9300,2026-05-16 01:17:06.837272+00
2405,6.7300,2026-05-16 01:17:42.844441+00
2406,1.6100,2026-05-16 01:18:00.818752+00
2407,8.0300,2026-05-16 01:18:42.4967+00
2408,17.6800,2026-05-16 01:19:29.785212+00
2409,4.3300,2026-05-16 01:19:59.500312+00
2410,1.8000,2026-05-16 01:20:23.53631+00
2411,3.8400,2026-05-16 01:20:53.711378+00
2412,1.4600,2026-05-16 01:21:47.66457+00
2413,1.9600,2026-05-16 01:22:05.583795+00
2414,11.4200,2026-05-16 01:22:47.368553+00
2415,1.1900,2026-05-16 01:23:05.485141+00
2416,7.9300,2026-05-16 01:23:47.284919+00
2417,1.2900,2026-05-16 01:23:59.430865+00
2418,1.0100,2026-05-16 01:24:11.707509+00
2419,0.6800,2026-05-16 01:24:47.397977+00
2420,1.2900,2026-05-16 01:25:17.55676+00
2421,1.1700,2026-05-16 01:25:35.421985+00
2422,2.1400,2026-05-16 01:25:59.229884+00
2423,1.4600,2026-05-16 01:26:17.340872+00
2424,1.0900,2026-05-16 01:26:53.358335+00
2425,3.0600,2026-05-16 01:27:35.259318+00
2426,10.9400,2026-05-16 01:28:16.881162+00
2427,1.2800,2026-05-16 01:28:35.10206+00
2428,2.1200,2026-05-16 01:28:59.271456+00
2429,18.4300,2026-05-16 01:29:46.922877+00
2430,1.0800,2026-05-16 01:29:59.050498+00
2431,12.9900,2026-05-16 01:30:46.587329+00
2432,1.9100,2026-05-16 01:31:04.637128+00
2433,9.4300,2026-05-16 01:31:46.599441+00
2434,2.1200,2026-05-16 01:32:04.809029+00
2435,1.2000,2026-05-16 01:32:23.137867+00
2436,1.1100,2026-05-16 01:32:35.226049+00
2437,1.0400,2026-05-16 01:32:53.391482+00
2438,22.2000,2026-05-16 01:34:10.712366+00
2439,1.8500,2026-05-16 01:34:34.816486+00
2440,10.9600,2026-05-16 01:35:16.3488+00
2441,1.0900,2026-05-16 01:35:28.572134+00
2442,2.1000,2026-05-16 01:35:52.556145+00
2443,1.2900,2026-05-16 01:36:10.686686+00
2444,1.0100,2026-05-16 01:36:22.85836+00
2445,33.7100,2026-05-16 01:37:34.287953+00
2446,1.0800,2026-05-16 01:37:46.53691+00
2447,1.7100,2026-05-16 01:38:04.521179+00
2448,2.9600,2026-05-16 01:38:28.405976+00
2449,1.9000,2026-05-16 01:38:46.442825+00
2450,1.1600,2026-05-16 01:39:04.465972+00
2451,1.0500,2026-05-16 01:39:16.51055+00
2452,1.0400,2026-05-16 01:39:34.542319+00
2453,13.8300,2026-05-16 01:40:22.270788+00
2454,1.2700,2026-05-16 01:40:34.427327+00
2455,1.3900,2026-05-16 01:40:52.590931+00
2456,1.1100,2026-05-16 01:41:10.771484+00
2457,1.4300,2026-05-16 01:41:28.859517+00
2458,1.3900,2026-05-16 01:41:40.910359+00
2459,1.1900,2026-05-16 01:41:58.962602+00
2460,2.0000,2026-05-16 01:42:22.757891+00
2461,3.0300,2026-05-16 01:42:46.706023+00
2462,4.8900,2026-05-16 01:43:22.709092+00
2463,1.9300,2026-05-16 01:43:40.869329+00
2464,223.4600,2026-05-16 01:45:03.413441+00
2465,17.4950,2026-05-16 01:45:50.957633+00
2466,1.7900,2026-05-16 01:46:15.194382+00
2467,1.0100,2026-05-16 01:46:27.440671+00
2468,1.0600,2026-05-16 01:46:39.605093+00
2469,76.8200,2026-05-16 01:47:50.606487+00
2470,2.8000,2026-05-16 01:48:14.755125+00
2471,4.8000,2026-05-16 01:48:44.600729+00
2472,3.1200,2026-05-16 01:49:14.400736+00
2473,4.2200,2026-05-16 01:49:50.237433+00
2474,19.1900,2026-05-16 01:50:37.69507+00
2475,1.0400,2026-05-16 01:50:49.856445+00
2476,1.9900,2026-05-16 01:51:07.971472+00
2477,2.6000,2026-05-16 01:51:38.07831+00
2478,3.9600,2026-05-16 01:52:07.979031+00
2479,2.3000,2026-05-16 01:52:32.112905+00
2480,1.8600,2026-05-16 01:52:50.091084+00
2481,0.2000,2026-05-16 01:53:25.846343+00
2482,8.3600,2026-05-16 01:54:01.591745+00
2483,1.0700,2026-05-16 01:54:19.797475+00
2484,2.6600,2026-05-16 01:54:43.675317+00
2485,2.1900,2026-05-16 01:55:07.635008+00
2486,2.1200,2026-05-16 01:55:31.624373+00
2487,14.0800,2026-05-16 01:56:19.316339+00
2488,1.3700,2026-05-16 01:56:37.377242+00
2489,1.3900,2026-05-16 01:57:07.660349+00
2490,1.7200,2026-05-16 01:57:25.700425+00
2491,31.4700,2026-05-16 01:58:24.986383+00
2492,6.9400,2026-05-16 01:59:00.776222+00
2493,1.3300,2026-05-16 01:59:18.924248+00
2494,3.3400,2026-05-16 01:59:42.842554+00
2495,2.4000,2026-05-16 02:00:06.978179+00
2496,1.8800,2026-05-16 02:00:30.957356+00
2497,0.3200,2026-05-16 02:01:06.896126+00
2498,34.0300,2026-05-16 02:02:00.39145+00
2499,1.8100,2026-05-16 02:02:24.631034+00
2500,0.4900,2026-05-16 02:02:54.509497+00
2501,1.4400,2026-05-16 02:03:12.680994+00
2502,1.4800,2026-05-16 02:03:30.71417+00
2503,1.8400,2026-05-16 02:03:54.744824+00
2504,1.3700,2026-05-16 02:04:12.751319+00
2505,1.9900,2026-05-16 02:04:30.88439+00
2506,3.0000,2026-05-16 02:04:54.802871+00
2507,1.6400,2026-05-16 02:05:12.915434+00
2508,6.3000,2026-05-16 02:05:48.703599+00
2509,3.3100,2026-05-16 02:06:18.526627+00
2510,2.1300,2026-05-16 02:06:42.817524+00
2511,2.2000,2026-05-16 02:07:06.926145+00
2512,3.8900,2026-05-16 02:07:36.866847+00
2513,1.1200,2026-05-16 02:07:48.889848+00
2514,10.2700,2026-05-16 02:08:30.51914+00
2515,1.9400,2026-05-16 02:08:54.652961+00
2516,1.1200,2026-05-16 02:09:06.771854+00
2517,40.1400,2026-05-16 02:10:06.000422+00
2518,1.9100,2026-05-16 02:10:24.130768+00
2519,1.7900,2026-05-16 02:10:42.177723+00
2520,1.0300,2026-05-16 02:11:00.350838+00
2521,3.0800,2026-05-16 02:11:24.254321+00
2522,1.3000,2026-05-16 02:11:42.269259+00
2523,1.0200,2026-05-16 02:11:54.478034+00
2524,10.1200,2026-05-16 02:12:36.013331+00
2525,0.4800,2026-05-16 02:13:11.811984+00
2526,2.0900,2026-05-16 02:13:35.935021+00
2528,1.1390,2026-05-16 02:15:22.662616+00
2529,1.3900,2026-05-16 02:15:40.746874+00
2530,1.0400,2026-05-16 02:15:59.012531+00
2531,1.9900,2026-05-16 02:16:17.401439+00
2532,1.2600,2026-05-16 02:16:29.51709+00
2533,6.8200,2026-05-16 02:17:11.217572+00
2534,1.0200,2026-05-16 02:17:23.36914+00
2535,1.0300,2026-05-16 02:17:35.517177+00
2536,1.3900,2026-05-16 02:17:53.556841+00
2537,1.0200,2026-05-16 02:18:05.7881+00
2538,1.9300,2026-05-16 02:18:23.888435+00
2539,1.6700,2026-05-16 02:18:41.907083+00
2540,1.2000,2026-05-16 02:19:00.107131+00
2541,1.8900,2026-05-16 02:19:18.070029+00
2542,1.0200,2026-05-16 02:19:36.249429+00
2543,3.4200,2026-05-16 02:20:00.065966+00
2544,1.9000,2026-05-16 02:20:24.142833+00
2545,3.4200,2026-05-16 02:20:54.327014+00
2546,1.8400,2026-05-16 02:21:12.286669+00
2547,1.4700,2026-05-16 02:21:30.568333+00
2548,1.3800,2026-05-16 02:21:48.753345+00
2549,2.0000,2026-05-16 02:22:12.830289+00
2550,3.0000,2026-05-16 02:22:42.86587+00
2551,2.0600,2026-05-16 02:23:01.048291+00
2552,1.4200,2026-05-16 02:23:19.077058+00
2553,1.0500,2026-05-16 02:23:31.214136+00
2554,3.6900,2026-05-16 02:24:00.986939+00
2555,4.3700,2026-05-16 02:24:36.796141+00
2556,2.9300,2026-05-16 02:25:00.82606+00
2557,2.0800,2026-05-16 02:25:18.894773+00
2558,4.2600,2026-05-16 02:25:54.995806+00
2559,21.8000,2026-05-16 02:26:42.371299+00
2560,1.0500,2026-05-16 02:27:00.745056+00
2561,2.1800,2026-05-16 02:27:24.752141+00
2562,1.9200,2026-05-16 02:27:42.986616+00
2563,1.4000,2026-05-16 02:28:01.131523+00
2564,1.3100,2026-05-16 02:28:19.228953+00
2565,1.1900,2026-05-16 02:28:31.348295+00
2566,1.7000,2026-05-16 02:28:55.470217+00
2567,3.9200,2026-05-16 02:29:19.410949+00
2568,1.1900,2026-05-16 02:29:37.53681+00
2569,2.1000,2026-05-16 02:30:01.642338+00
2570,1.4300,2026-05-16 02:30:20.063099+00
2571,9.1100,2026-05-16 02:30:55.671979+00
2572,1.2400,2026-05-16 02:31:13.716334+00
2573,1.3600,2026-05-16 02:31:31.921663+00
2574,1.9700,2026-05-16 02:31:50.044129+00
2575,1.3900,2026-05-16 02:32:08.111523+00
2576,1.4900,2026-05-16 02:32:26.201101+00
2577,0.9900,2026-05-16 02:32:55.802214+00
2578,2.8000,2026-05-16 02:33:25.691425+00
2579,26.3000,2026-05-16 02:34:18.674345+00
2580,1.8400,2026-05-16 02:34:42.944336+00
2581,1.0100,2026-05-16 02:34:55.09946+00
2582,6.8900,2026-05-16 02:35:30.72604+00
2583,1.0200,2026-05-16 02:35:42.679237+00
2584,8.9400,2026-05-16 02:36:24.621349+00
2585,3.6400,2026-05-16 02:37:18.580998+00
2586,1.0300,2026-05-16 02:37:30.738617+00
2587,1.0400,2026-05-16 02:37:48.74431+00
2588,10.4300,2026-05-16 02:38:36.331293+00
2589,3.8800,2026-05-16 02:39:06.162257+00
2590,1.0400,2026-05-16 02:39:18.213564+00
2591,1.9900,2026-05-16 02:39:36.20921+00
2592,12.4900,2026-05-16 02:40:24.016396+00
2593,1.2000,2026-05-16 02:40:36.176819+00
2594,1.2600,2026-05-16 02:40:54.365194+00
2595,3.1000,2026-05-16 02:42:00.035738+00
2596,2.0000,2026-05-16 02:42:24.047905+00
2597,10.0900,2026-05-16 02:43:06.06554+00
2598,1.6900,2026-05-16 02:43:24.287318+00
2599,1.6100,2026-05-16 02:43:42.382252+00
2600,1.4200,2026-05-16 02:44:00.211717+00
2601,1.0400,2026-05-16 02:44:12.295038+00
2602,1.3800,2026-05-16 02:44:30.481329+00
2603,2.2300,2026-05-16 02:44:54.588363+00
2604,12.3800,2026-05-16 02:45:36.091953+00
2605,0.6600,2026-05-16 02:46:11.80836+00
2606,1.0500,2026-05-16 02:46:30.001095+00
2607,1.0600,2026-05-16 02:46:42.263552+00
2608,23.8400,2026-05-16 02:47:35.878042+00
2609,7.3700,2026-05-16 02:48:11.532945+00
2610,3.1600,2026-05-16 02:48:41.455445+00
2611,3.8700,2026-05-16 02:49:11.496376+00
2612,1.3700,2026-05-16 02:49:23.594311+00
2613,3.3800,2026-05-16 02:49:53.705509+00
2614,2.1000,2026-05-16 02:50:18.062501+00
2615,1.9600,2026-05-16 02:50:36.466996+00
2616,1.0100,2026-05-16 02:50:54.822322+00
2617,3.0200,2026-05-16 02:51:18.662472+00
2618,1.3000,2026-05-16 02:51:36.7465+00
2619,1.2300,2026-05-16 02:51:48.814474+00
2620,1.9800,2026-05-16 02:52:12.901413+00
2621,2.0400,2026-05-16 02:52:36.904927+00
2622,9.2000,2026-05-16 02:53:12.502337+00
2623,1.8900,2026-05-16 02:53:36.545664+00
2624,1.2900,2026-05-16 02:53:54.710928+00
2625,1.3300,2026-05-16 02:54:06.891016+00
2626,4.3200,2026-05-16 02:54:42.658844+00
2627,1.1900,2026-05-16 02:54:54.789278+00
2628,1.6000,2026-05-16 02:55:12.872952+00
2629,0.4700,2026-05-16 02:56:18.54641+00
2630,1.6000,2026-05-16 02:57:11.933116+00
2631,1.8500,2026-05-16 02:57:36.068206+00
2632,2.0500,2026-05-16 02:57:59.991977+00
2633,1.0100,2026-05-16 02:58:12.036364+00
2634,14.9700,2026-05-16 02:58:59.665035+00
2635,1.1200,2026-05-16 02:59:11.734607+00
2636,1.2400,2026-05-16 02:59:29.818999+00
2637,11.3800,2026-05-16 03:00:11.381077+00
2638,1.2100,2026-05-16 03:00:23.624936+00
2639,9.3000,2026-05-16 03:00:59.429266+00
2640,2.1100,2026-05-16 03:01:23.573099+00
2641,3.6600,2026-05-16 03:01:53.560012+00
2642,1.0200,2026-05-16 03:02:05.649425+00
2643,1.0400,2026-05-16 03:02:17.766294+00
2644,1.8500,2026-05-16 03:02:41.846505+00
2645,1.9400,2026-05-16 03:03:41.314329+00
2646,3.3400,2026-05-16 03:04:05.160288+00
2647,1.4600,2026-05-16 03:04:41.460896+00
2648,1.8600,2026-05-16 03:04:59.40197+00
2649,1.0900,2026-05-16 03:05:11.610666+00
2650,13.3100,2026-05-16 03:05:58.888089+00
2651,1.0900,2026-05-16 03:06:11.149498+00
2652,1.1400,2026-05-16 03:06:29.28905+00
2653,29.0700,2026-05-16 03:07:22.597657+00
2654,9.0600,2026-05-16 03:07:58.567655+00
2655,2.2000,2026-05-16 03:08:22.423725+00
2656,1.2600,2026-05-16 03:08:34.520111+00
2657,9.9000,2026-05-16 03:09:16.303949+00
2658,4.6050,2026-05-16 03:09:52.021911+00
2659,1.0200,2026-05-16 03:10:04.175878+00
2660,1.7700,2026-05-16 03:10:22.446838+00
2661,8.4400,2026-05-16 03:11:03.915091+00
2662,3.9900,2026-05-16 03:11:33.736498+00
2663,1.0300,2026-05-16 03:11:46.027837+00
2664,1.0200,2026-05-16 03:11:58.144539+00
2665,6.9200,2026-05-16 03:12:40.236924+00
2666,2.1100,2026-05-16 03:12:58.351227+00
2667,0.0200,2026-05-16 03:13:34.072337+00
2668,2.1100,2026-05-16 03:13:57.97069+00
2669,23.8300,2026-05-16 03:14:51.233871+00
2670,1.7300,2026-05-16 03:15:15.260331+00
2671,1.2600,2026-05-16 03:15:27.280496+00
2672,9.0600,2026-05-16 03:16:08.886017+00
2673,10.8300,2026-05-16 03:16:50.73201+00
2674,4.1000,2026-05-16 03:17:20.579401+00
2675,3.2000,2026-05-16 03:17:50.473683+00
2676,1.0900,2026-05-16 03:18:02.546079+00
2677,1.7900,2026-05-16 03:18:26.74197+00
2678,1.8700,2026-05-16 03:18:44.673035+00
2679,12.2300,2026-05-16 03:19:32.39045+00
2680,1.2200,2026-05-16 03:19:44.314388+00
2681,1.3300,2026-05-16 03:20:02.417483+00
2682,1.3000,2026-05-16 03:20:20.444853+00
2683,3.9100,2026-05-16 03:20:50.608041+00
2684,1.1200,2026-05-16 03:21:02.68924+00
2685,9.0600,2026-05-16 03:21:44.393981+00
2686,90.9100,2026-05-16 03:22:55.569046+00
2687,1.1100,2026-05-16 03:23:07.738196+00
2688,4.3300,2026-05-16 03:23:37.496296+00
2689,7.2400,2026-05-16 03:24:13.353226+00
2690,3.4800,2026-05-16 03:24:43.460006+00
2691,22.1900,2026-05-16 03:25:36.774778+00
2692,1.9800,2026-05-16 03:25:54.609828+00
2693,1.1200,2026-05-16 03:26:12.768063+00
2694,1.0800,2026-05-16 03:26:25.069267+00
2695,2.0500,2026-05-16 03:26:49.083152+00
2696,3.9000,2026-05-16 03:27:18.929365+00
2697,0.0300,2026-05-16 03:27:48.836436+00
2698,7.1000,2026-05-16 03:28:30.580383+00
2699,3.1200,2026-05-16 03:28:54.585249+00
2700,1.2800,2026-05-16 03:29:12.635797+00
2701,3.8200,2026-05-16 03:29:42.540528+00
2702,1.0200,2026-05-16 03:29:54.594869+00
2703,1.0400,2026-05-16 03:30:12.593582+00
2704,1.1600,2026-05-16 03:30:30.815818+00
2705,1.1300,2026-05-16 03:30:42.956709+00
2706,121.9500,2026-05-16 03:31:53.942519+00
2707,7.0400,2026-05-16 03:32:35.827183+00
2708,16.9500,2026-05-16 03:33:23.017322+00
2709,1.7200,2026-05-16 03:33:41.07595+00
2710,12.7300,2026-05-16 03:34:52.541485+00
2711,7.0200,2026-05-16 03:35:52.342553+00
2712,1.0700,2026-05-16 03:36:10.588841+00
2713,111.9600,2026-05-16 03:37:22.081689+00
2714,10.8211,2026-05-16 03:38:03.520067+00
2715,12.8000,2026-05-16 03:38:51.197979+00
2716,3.6100,2026-05-16 03:39:15.135799+00
2717,8.7400,2026-05-16 03:39:56.881905+00
2718,1.0200,2026-05-16 03:40:09.117144+00
2719,11.2700,2026-05-16 03:40:56.966267+00
2720,2.9300,2026-05-16 03:41:21.010013+00
2721,1.3100,2026-05-16 03:41:33.110469+00
2722,2.1400,2026-05-16 03:41:57.279487+00
2723,4.0800,2026-05-16 03:42:26.899407+00
2724,11.6900,2026-05-16 03:43:14.48737+00
2725,1.9900,2026-05-16 03:43:32.519309+00
2726,32.9600,2026-05-16 03:44:55.4884+00
2727,1.1900,2026-05-16 03:45:13.659057+00
2728,1.7700,2026-05-16 03:45:32.014883+00
2729,1.7100,2026-05-16 03:45:49.984133+00
2730,1.4700,2026-05-16 03:46:08.044374+00
2731,4.8900,2026-05-16 03:46:43.850149+00
2732,1.1600,2026-05-16 03:46:55.886839+00
2733,13.8500,2026-05-16 03:47:43.11352+00
2734,3.7300,2026-05-16 03:48:13.128401+00
2735,3.7100,2026-05-16 03:48:48.872557+00
2736,2.1900,2026-05-16 03:49:12.827368+00
2737,1.3600,2026-05-16 03:49:24.948592+00
2738,4.1300,2026-05-16 03:50:01.04214+00
2739,2.1400,2026-05-16 03:50:19.149293+00
2740,1.2600,2026-05-16 03:50:37.218762+00
2741,1.6000,2026-05-16 03:50:55.306902+00
2742,1.8300,2026-05-16 03:51:19.328067+00
2743,1.3300,2026-05-16 03:51:31.409141+00
2744,1.4700,2026-05-16 03:51:49.527334+00
2745,3.0600,2026-05-16 03:52:19.455476+00
2746,1.0700,2026-05-16 03:52:31.651886+00
2747,1.6400,2026-05-16 03:52:49.774725+00
2748,1.0700,2026-05-16 03:53:07.951037+00
2749,6.4300,2026-05-16 03:53:43.719106+00
2750,0.3700,2026-05-16 03:54:13.449765+00
2751,1.6200,2026-05-16 03:54:37.54885+00
2752,1.4800,2026-05-16 03:54:55.778408+00
2753,2.0600,2026-05-16 03:55:13.858396+00
2754,3.6100,2026-05-16 03:55:43.650136+00
2755,1.7700,2026-05-16 03:56:01.763138+00
2756,1.0900,2026-05-16 03:56:20.011396+00
2757,4.8300,2026-05-16 03:56:49.800133+00
2758,1.1600,2026-05-16 03:57:07.865622+00
2759,1.1900,2026-05-16 03:57:20.082134+00
2760,4.3000,2026-05-16 03:58:08.319375+00
2761,1.1800,2026-05-16 03:58:20.411878+00
2762,11.8700,2026-05-16 03:59:08.07239+00
2763,1.9000,2026-05-16 03:59:26.092141+00
2764,11.8700,2026-05-16 04:00:13.735288+00
2765,2.0000,2026-05-16 04:00:38.127897+00
2766,3.3700,2026-05-16 04:01:02.11245+00
2767,8.3600,2026-05-16 04:01:44.019046+00
2768,12.4800,2026-05-16 04:02:31.522477+00
2769,1.0900,2026-05-16 04:02:43.670347+00
2770,1.0700,2026-05-16 04:02:55.824458+00
2771,31.1600,2026-05-16 04:03:55.242994+00
2772,1.4300,2026-05-16 04:04:13.315439+00
2773,1.0200,2026-05-16 04:04:25.424388+00
2774,1.3900,2026-05-16 04:05:18.987334+00
2775,1.7800,2026-05-16 04:05:37.259148+00
2776,2.2000,2026-05-16 04:06:01.342265+00
2777,2.9700,2026-05-16 04:06:31.30533+00
2778,11.3500,2026-05-16 04:07:13.062809+00
2779,1.4600,2026-05-16 04:07:31.178028+00
2780,2.2800,2026-05-16 04:07:55.132935+00
2781,2.0800,2026-05-16 04:08:13.39649+00
2782,2.6800,2026-05-16 04:08:43.434897+00
2783,1.0400,2026-05-16 04:09:01.513982+00
2784,1.9300,2026-05-16 04:09:19.519195+00
2785,1.0800,2026-05-16 04:09:37.757345+00
2786,14.3000,2026-05-16 04:10:19.294779+00
2787,1.7100,2026-05-16 04:10:43.398002+00
2788,2.1000,2026-05-16 04:11:01.556306+00
2789,1.4000,2026-05-16 04:11:19.799766+00
2790,1.0000,2026-05-16 04:12:54.743891+00
2791,1.8090,2026-05-16 04:13:12.785012+00
2792,1.2700,2026-05-16 04:13:31.038394+00
2793,1.1400,2026-05-16 04:13:43.207143+00
2794,2.9400,2026-05-16 04:14:13.414055+00
2795,1.1800,2026-05-16 04:14:25.644857+00
2796,1.2000,2026-05-16 04:14:37.798586+00
2797,0.2000,2026-05-16 04:15:13.606159+00
2798,1.2800,2026-05-16 04:15:31.653368+00
2799,1.0800,2026-05-16 04:15:43.82358+00
2800,1.3100,2026-05-16 04:16:01.916921+00
2801,3.4000,2026-05-16 04:16:31.758711+00
2802,8.8000,2026-05-16 04:17:07.520931+00
2803,1.0900,2026-05-16 04:17:25.854991+00
2804,1.2800,2026-05-16 04:17:38.058275+00
2805,11.0800,2026-05-16 04:18:25.822049+00
2806,2.3100,2026-05-16 04:18:49.806757+00
2807,66.2900,2026-05-16 04:19:54.981323+00
2808,2.1900,2026-05-16 04:20:18.939475+00
2809,2.0600,2026-05-16 04:20:43.072798+00
2810,1.4900,2026-05-16 04:21:01.136835+00
2811,1.4400,2026-05-16 04:21:19.333224+00
2812,1.8800,2026-05-16 04:21:37.399428+00
2813,1.2300,2026-05-16 04:21:55.331529+00
2814,3.9000,2026-05-16 04:22:19.21064+00
2815,2.0500,2026-05-16 04:22:43.258394+00
2816,2.2900,2026-05-16 04:23:07.162811+00
2817,1.1400,2026-05-16 04:23:19.193226+00
2818,1.1700,2026-05-16 04:23:37.246363+00
2819,4.2900,2026-05-16 04:24:07.033395+00
2820,1.9400,2026-05-16 04:24:31.042729+00
2821,1.1100,2026-05-16 04:24:43.139659+00
2822,1.4900,2026-05-16 04:25:01.25534+00
2823,2.9600,2026-05-16 04:25:31.195258+00
2824,3.0500,2026-05-16 04:25:55.271451+00
2825,3.0400,2026-05-16 04:26:25.216341+00
2826,1.8400,2026-05-16 04:26:43.11672+00
2827,5.0100,2026-05-16 06:37:52.560032+00
2828,1.0100,2026-05-16 06:38:03.705471+00
2829,2.0100,2026-05-16 06:38:10.897617+00
2830,2.0000,2026-05-16 06:38:23.435516+00
2831,2.0000,2026-05-16 06:38:32.286539+00
2832,12.0000,2026-05-16 06:39:00.889736+00
2833,6.0000,2026-05-16 06:39:16.221044+00
