id,multiplier,recorded_at
5935,2.13,2026-05-22 10:12:31.495215+00
5936,2.01,2026-05-22 10:12:56.468721+00
5937,1.08,2026-05-22 10:13:04.741065+00
5938,1.92,2026-05-22 10:13:29.620949+00
5939,1.07,2026-05-22 10:13:37.89208+00
5940,2.19,2026-05-22 10:14:02.831563+00
5941,6.97,2026-05-22 10:14:44.322437+00
5942,1.09,2026-05-22 10:14:52.735929+00
5943,1.01,2026-05-22 10:15:09.473749+00
5944,1.01,2026-05-22 10:15:25.958683+00
5945,1.48,2026-05-22 10:15:42.778362+00
5946,9.46,2026-05-22 10:16:16.597055+00
5947,2.57,2026-05-22 10:16:41.541744+00
5948,1.69,2026-05-22 10:17:22.137312+00
5949,4.23,2026-05-22 10:17:30.584454+00
5950,2.17,2026-05-22 10:17:56.01424+00
5951,9.23,2026-05-22 10:18:29.060466+00
5952,1.77,2026-05-22 10:18:54.284026+00
5953,3.03,2026-05-22 10:19:19.219294+00
5954,1.24,2026-05-22 10:19:35.7172+00
5955,1.81,2026-05-22 10:19:52.246197+00
5956,1.72,2026-05-22 10:20:17.286582+00
5957,4.38,2026-05-22 10:20:41.939212+00
5958,3.14,2026-05-22 10:21:15.29133+00
5959,3.23,2026-05-22 10:21:40.443184+00
5960,2.34,2026-05-22 10:22:05.412014+00
5961,1.9,2026-05-22 10:22:22.031115+00
5962,1.07,2026-05-22 10:22:38.692052+00
5963,4.13,2026-05-22 10:23:11.724722+00
5964,3.31,2026-05-22 10:23:36.557292+00
5965,3.58,2026-05-22 10:24:09.851358+00
5966,1.74,2026-05-22 10:24:26.673609+00
5967,4.59,2026-05-22 10:24:59.691054+00
5968,1.16,2026-05-22 10:25:16.521005+00
5969,1.24,2026-05-22 10:25:33.118823+00
5970,1.88,2026-05-22 10:25:49.700046+00
5971,16.23,2026-05-22 10:26:39.56278+00
5972,2.44,2026-05-22 10:27:04.382788+00
5973,1.5,2026-05-22 10:27:21.013001+00
5974,1.71,2026-05-22 10:27:37.567907+00
5975,9.98,2026-05-22 10:28:27.278068+00
5976,1.38,2026-05-22 10:28:43.853045+00
5977,4.11,2026-05-22 10:29:08.504952+00
5978,1.22,2026-05-22 10:29:24.94438+00
5979,1.01,2026-05-22 10:29:41.462606+00
5980,11.85,2026-05-22 10:30:22.649726+00
5981,1.71,2026-05-22 10:30:47.629401+00
5982,1.61,2026-05-22 10:31:04.337716+00
5983,1.15,2026-05-22 10:31:20.951158+00
5984,17.36,2026-05-22 10:32:02.434308+00
5985,1.07,2026-05-22 10:32:19.010932+00
5986,1.39,2026-05-22 10:32:35.678033+00
5987,6,2026-05-22 10:33:08.856429+00
5988,3.2,2026-05-22 10:33:42.214381+00
5989,1.16,2026-05-22 10:33:58.888692+00
5990,1.5,2026-05-22 10:34:15.497494+00
5991,34.65,2026-05-22 10:35:13.300572+00
5992,1.09,2026-05-22 10:35:21.621202+00
5993,1.26,2026-05-22 10:35:38.303235+00
5994,1.87,2026-05-22 10:36:03.331689+00
5995,7.62,2026-05-22 10:36:44.660195+00
5996,19.2,2026-05-22 10:37:34.398147+00
5997,6.04,2026-05-22 10:38:07.598618+00
5998,1.93,2026-05-22 10:38:32.779378+00
5999,9.95,2026-05-22 10:39:14.400458+00
6000,4.46,2026-05-22 10:39:39.343278+00
6001,2.26,2026-05-22 10:40:04.22589+00
6002,1.65,2026-05-22 10:40:29.223985+00
6003,1.23,2026-05-22 10:40:37.53316+00
6004,9.1,2026-05-22 10:41:10.654386+00
6005,2.61,2026-05-22 10:41:35.633858+00
6006,7.16,2026-05-22 10:42:16.981377+00
6007,2.03,2026-05-22 10:42:42.021577+00
6008,1.45,2026-05-22 10:42:58.821048+00
6009,1.18,2026-05-22 10:43:15.63652+00
6010,1.25,2026-05-22 10:43:32.354016+00
6011,3.36,2026-05-22 10:43:57.252285+00
6012,2.27,2026-05-22 10:44:22.432485+00
6013,9.91,2026-05-22 10:44:55.851226+00
6014,7.16,2026-05-22 10:46:10.545447+00
6015,1.02,2026-05-22 10:46:18.819542+00
6016,1.2,2026-05-22 10:46:35.421087+00
6017,9.02,2026-05-22 10:47:16.547577+00
6018,3.07,2026-05-22 10:47:41.550973+00
6019,6.57,2026-05-22 10:48:23.232359+00
6020,4.02,2026-05-22 10:48:56.555977+00
6021,1.46,2026-05-22 10:49:13.192625+00
6022,2.19,2026-05-22 10:49:29.881992+00
6023,3.11,2026-05-22 10:50:03.150855+00
6024,1.06,2026-05-22 10:50:11.557061+00
6025,1.25,2026-05-22 10:50:28.128953+00
6026,146.33,2026-05-22 10:51:42.094174+00
6027,3.26,2026-05-22 10:52:15.563474+00
6028,14.66,2026-05-22 10:52:56.888563+00
6029,1.43,2026-05-22 10:53:22.001427+00
6030,1.93,2026-05-22 10:53:38.745593+00
6031,8.71,2026-05-22 10:54:20.271929+00
6032,1.79,2026-05-22 10:54:36.890385+00
6033,1.14,2026-05-22 10:54:53.602729+00
6034,1.13,2026-05-22 10:55:10.34702+00
6035,1.23,2026-05-22 10:55:26.910955+00
6036,2.1,2026-05-22 10:55:51.899719+00
6037,19.33,2026-05-22 10:56:33.189449+00
6038,1.9,2026-05-22 10:56:58.441392+00
6039,1.59,2026-05-22 10:57:15.11342+00
6040,1.88,2026-05-22 10:57:40.122679+00
6041,8.45,2026-05-22 10:58:13.120025+00
6042,25.8,2026-05-22 10:59:11.430444+00
6043,1.45,2026-05-22 10:59:28.072593+00
6044,1.28,2026-05-22 10:59:44.89624+00
6045,4.32,2026-05-22 11:00:18.151026+00
6046,6.36,2026-05-22 11:00:51.346802+00
6047,16.46,2026-05-22 11:01:41.070084+00
6048,9.9,2026-05-22 11:02:14.030061+00
6049,66.63,2026-05-22 11:03:20.479967+00
6050,3.91,2026-05-22 11:03:54.172891+00
6051,2.17,2026-05-22 11:04:10.858469+00
6052,1.3,2026-05-22 11:04:27.483448+00
6053,8.93,2026-05-22 11:05:08.692486+00
6054,1.43,2026-05-22 11:05:25.241743+00
6055,2.65,2026-05-22 11:05:50.235605+00
6056,2.27,2026-05-22 11:06:15.038482+00
6057,2.82,2026-05-22 11:06:40.108418+00
6058,11.78,2026-05-22 11:07:29.836066+00
6059,2.16,2026-05-22 11:07:46.531816+00
6060,4.54,2026-05-22 11:08:19.577001+00
6061,1.9,2026-05-22 11:08:44.711632+00
6062,1.83,2026-05-22 11:09:01.16059+00
6063,21.36,2026-05-22 11:09:59.113053+00
6064,12.43,2026-05-22 11:10:40.723402+00
6065,1.06,2026-05-22 11:10:57.39179+00
6066,1.5,2026-05-22 11:11:14.182499+00
6067,1.56,2026-05-22 11:11:30.72152+00
6068,1.35,2026-05-22 11:11:47.487874+00
6069,1.76,2026-05-22 11:12:04.160197+00
6070,2.01,2026-05-22 11:12:29.045063+00
6071,3.84,2026-05-22 11:13:02.492634+00
6072,15.47,2026-05-22 11:13:43.785644+00
6073,3.81,2026-05-22 11:14:17.317087+00
6074,1.19,2026-05-22 11:14:34.050108+00
6075,1.19,2026-05-22 11:14:50.819703+00
6076,1.7,2026-05-22 11:15:07.438893+00
6077,15.76,2026-05-22 11:15:57.213166+00
6078,6.93,2026-05-22 11:16:30.240646+00
6079,1.16,2026-05-22 11:16:47.072551+00
6080,1.31,2026-05-22 11:17:03.671955+00
6081,2.11,2026-05-22 11:17:28.756123+00
6082,2.11,2026-05-22 11:17:45.212319+00
6083,1.84,2026-05-22 11:18:10.460798+00
6084,1.12,2026-05-22 11:18:18.809126+00
6085,8.43,2026-05-22 11:19:00.075258+00
6086,3.45,2026-05-22 11:19:33.512328+00
6087,3.56,2026-05-22 11:19:58.256449+00
6088,14.81,2026-05-22 11:20:48.288368+00
6089,1.25,2026-05-22 11:21:05.057706+00
6090,1.86,2026-05-22 11:21:21.523575+00
6091,31.99,2026-05-22 11:22:19.676041+00
6092,2.15,2026-05-22 11:22:44.668046+00
6093,1.06,2026-05-22 11:22:53.106203+00
6094,4.57,2026-05-22 11:23:26.231964+00
6095,6.07,2026-05-22 11:24:07.671391+00
6096,9.46,2026-05-22 11:24:41.354469+00
6097,2.23,2026-05-22 11:25:06.493721+00
6098,1.04,2026-05-22 11:25:14.800533+00
6099,8.19,2026-05-22 11:25:56.466098+00
6100,1.01,2026-05-22 11:26:04.688435+00
6101,2.84,2026-05-22 11:26:37.938044+00
6102,4.55,2026-05-22 11:27:02.743276+00
6103,2.5,2026-05-22 11:27:27.666528+00
6104,13.98,2026-05-22 11:28:17.667605+00
6105,1.71,2026-05-22 11:28:34.251729+00
6106,1.46,2026-05-22 11:28:50.78869+00
6107,1.85,2026-05-22 11:29:15.935579+00
6108,1.01,2026-05-22 11:29:32.637532+00
6109,1.82,2026-05-22 11:29:49.346398+00
6110,9.89,2026-05-22 11:30:30.966185+00
6111,4.99,2026-05-22 11:31:04.187821+00
6112,3.12,2026-05-22 11:31:28.987724+00
6113,2.07,2026-05-22 11:31:53.938714+00
6114,1.23,2026-05-22 11:32:10.604682+00
6115,1.17,2026-05-22 11:32:27.377743+00
6116,6.38,2026-05-22 11:33:00.595048+00
6117,1.95,2026-05-22 11:33:25.665934+00
6118,1.21,2026-05-22 11:33:33.883992+00
6119,9.87,2026-05-22 11:34:15.517583+00
6120,2.05,2026-05-22 11:34:32.179608+00
6121,1.12,2026-05-22 11:34:48.813375+00
6122,3.55,2026-05-22 11:35:22.08993+00
6123,1.01,2026-05-22 11:35:30.527965+00
6124,1.69,2026-05-22 11:35:47.27771+00
6125,1.16,2026-05-22 11:36:03.850266+00
6126,2.07,2026-05-22 11:36:28.960232+00
6127,1.45,2026-05-22 11:36:45.817719+00
6128,120.93,2026-05-22 11:38:00.291975+00
6129,1.74,2026-05-22 11:38:16.821539+00
6130,16.31,2026-05-22 11:39:06.600411+00
6131,1.45,2026-05-22 11:39:23.29991+00
6132,1.61,2026-05-22 11:39:40.027061+00
6133,12.8,2026-05-22 11:40:29.850902+00
6134,2.22,2026-05-22 11:40:54.954303+00
6135,54.23,2026-05-22 11:41:52.571253+00
6136,1.12,2026-05-22 11:42:09.302604+00
6137,8.66,2026-05-22 11:42:50.960422+00
6138,1.52,2026-05-22 11:43:07.601416+00
6139,1.09,2026-05-22 11:43:24.365284+00
6140,6.39,2026-05-22 11:43:57.410067+00
6141,1.03,2026-05-22 11:44:14.15414+00
6142,3.25,2026-05-22 11:44:39.183384+00
6143,1.75,2026-05-22 11:45:04.299156+00
6144,1.5,2026-05-22 11:45:21.126268+00
6145,1.31,2026-05-22 11:45:38.146059+00
6146,1.94,2026-05-22 11:45:54.737482+00
6147,1.57,2026-05-22 11:46:11.675481+00
6148,1.22,2026-05-22 11:46:28.251632+00
6149,3.24,2026-05-22 11:47:01.50018+00
6150,4.05,2026-05-22 11:47:26.441182+00
6151,1.6,2026-05-22 11:47:51.226467+00
6152,263.2,2026-05-22 11:49:13.560687+00
6153,4.32,2026-05-22 11:49:38.674361+00
6154,2.21,2026-05-22 11:50:03.590216+00
6155,1.42,2026-05-22 11:50:20.311424+00
6156,32.12,2026-05-22 11:51:17.98557+00
6157,2.73,2026-05-22 11:51:42.836632+00
6158,1.28,2026-05-22 11:51:59.728142+00
6159,1.05,2026-05-22 11:52:16.350988+00
6160,1.53,2026-05-22 11:52:33.156704+00
6161,1.07,2026-05-22 11:52:49.732344+00
6162,2,2026-05-22 11:53:06.255568+00
6163,247,2026-05-22 11:53:30.992901+00
6164,2.38,2026-05-22 11:53:56.127732+00
6165,2.81,2026-05-22 11:54:21.007686+00
6166,1.07,2026-05-22 11:54:37.824231+00
6167,1.01,2026-05-22 11:54:46.139458+00
6168,1.34,2026-05-22 11:55:02.80728+00
6169,1.02,2026-05-22 11:55:19.52502+00
6170,1.1,2026-05-22 11:55:36.213989+00
6171,62.27,2026-05-22 11:56:48.034398+00
6172,1.13,2026-05-22 11:56:56.483599+00
6173,1.85,2026-05-22 11:57:13.126913+00
6174,1.58,2026-05-22 11:57:30.037864+00
6175,1.93,2026-05-22 11:57:54.984079+00
6176,1.35,2026-05-22 11:58:11.668693+00
6177,1.06,2026-05-22 11:58:28.208135+00
6178,11.69,2026-05-22 11:59:09.736024+00
6179,1.4,2026-05-22 11:59:26.356469+00
6180,4.27,2026-05-22 11:59:59.680724+00
6181,1.39,2026-05-22 12:00:16.387975+00
6182,5,2026-05-22 12:00:49.364061+00
6183,1.03,2026-05-22 12:00:57.711512+00
6184,4.31,2026-05-22 12:01:30.978416+00
6185,1.31,2026-05-22 12:01:47.585061+00
6186,1.89,2026-05-22 12:02:12.535506+00
6187,1.02,2026-05-22 12:02:20.867306+00
6188,1.91,2026-05-22 12:02:45.743728+00
6189,1.16,2026-05-22 12:03:02.537199+00
6190,1.36,2026-05-22 12:03:19.108587+00
6191,2.12,2026-05-22 12:03:44.081614+00
6192,3.02,2026-05-22 12:04:09.044393+00
6193,6.85,2026-05-22 12:04:42.099047+00
6194,1.24,2026-05-22 12:04:58.789538+00
6195,3.98,2026-05-22 12:05:32.410989+00
6196,3.44,2026-05-22 12:05:57.406057+00
6197,1.33,2026-05-22 12:06:13.977964+00
6198,25.9,2026-05-22 12:07:12.067156+00
6199,3.35,2026-05-22 12:07:37.02817+00
6200,9.2,2026-05-22 12:08:18.621126+00
6201,1.02,2026-05-22 12:08:27.052718+00
6202,1.01,2026-05-22 12:08:43.807206+00
6203,3.7,2026-05-22 12:09:08.822208+00
6204,1.78,2026-05-22 12:09:33.869105+00
6205,1.22,2026-05-22 12:09:42.345082+00
6206,5.99,2026-05-22 12:10:23.842928+00
6207,2.18,2026-05-22 12:10:48.803504+00
6208,1.16,2026-05-22 12:10:57.031896+00
6209,1.14,2026-05-22 12:11:13.786918+00
6210,1.3,2026-05-22 12:11:30.35522+00
6211,9.61,2026-05-22 12:12:03.585201+00
6212,6.86,2026-05-22 12:12:44.804814+00
6213,3.05,2026-05-22 12:13:09.915818+00
6214,65.23,2026-05-22 12:14:15.712212+00
6215,2,2026-05-22 12:14:40.814156+00
6216,3,2026-05-22 12:15:05.687315+00
6217,2.02,2026-05-22 12:15:22.278031+00
6218,1.1,2026-05-22 12:15:38.940606+00
6219,4.69,2026-05-22 12:16:12.314925+00
6220,2.1,2026-05-22 12:16:37.393196+00
6221,1.41,2026-05-22 12:16:54.103738+00
6222,112.81,2026-05-22 12:18:00.641206+00
6223,3.36,2026-05-22 12:18:33.987047+00
6224,1.21,2026-05-22 12:18:50.753591+00
6225,1.05,2026-05-22 12:18:59.012935+00
6226,4.49,2026-05-22 12:19:32.101394+00
6227,33.54,2026-05-22 12:20:30.279328+00
6228,19.04,2026-05-22 12:21:19.695444+00
6229,4.51,2026-05-22 12:21:53.172408+00
6230,2.79,2026-05-22 12:22:18.322326+00
6231,1.05,2026-05-22 12:22:35.236674+00
6232,1.06,2026-05-22 12:22:43.52324+00
6233,1.01,2026-05-22 12:23:00.170691+00
6234,1.46,2026-05-22 12:23:16.872396+00
6235,2.22,2026-05-22 12:23:41.747816+00
6236,1.07,2026-05-22 12:23:58.400011+00
6237,2.4,2026-05-22 12:24:14.843215+00
6238,1.44,2026-05-22 12:25:13.211079+00
6239,6.06,2026-05-22 12:25:46.537582+00
6240,1.8,2026-05-22 12:26:11.629952+00
6241,1.01,2026-05-22 12:26:19.848693+00
6242,16.25,2026-05-22 12:27:09.199257+00
6243,1.1,2026-05-22 12:27:25.886082+00
6244,1.69,2026-05-22 12:27:42.616815+00
6245,3.64,2026-05-22 12:28:15.948742+00
6246,1.01,2026-05-22 12:29:05.922984+00
6247,1.13,2026-05-22 12:29:14.222626+00
6248,1.01,2026-05-22 12:29:30.794887+00
6249,15.9,2026-05-22 12:30:20.21877+00
6250,1.68,2026-05-22 12:30:36.978963+00
6251,9.62,2026-05-22 12:31:10.242204+00
6252,1.21,2026-05-22 12:31:26.89636+00
6253,9.16,2026-05-22 12:32:00.116082+00
6254,1.19,2026-05-22 12:32:16.837792+00
6255,9.93,2026-05-22 12:32:58.107439+00
6256,10.13,2026-05-22 12:33:39.881704+00
6257,2.37,2026-05-22 12:34:04.836691+00
6258,3.34,2026-05-22 12:34:29.743592+00
6259,15.13,2026-05-22 12:36:00.696182+00
6260,1.38,2026-05-22 12:36:17.389679+00
6261,6.36,2026-05-22 12:36:50.863004+00
6262,1.59,2026-05-22 12:37:07.502578+00
6263,1.01,2026-05-22 12:37:24.098448+00
6264,3.45,2026-05-22 12:37:49.232015+00
6265,1.72,2026-05-22 12:38:14.191489+00
6266,4.89,2026-05-22 12:38:47.450804+00
6267,4.98,2026-05-22 12:39:21.049242+00
6268,1.41,2026-05-22 12:39:37.793787+00
6269,2.29,2026-05-22 12:40:02.712589+00
6270,1.07,2026-05-22 12:40:11.05254+00
6271,10.87,2026-05-22 12:40:52.437906+00
6272,1.1,2026-05-22 12:41:09.170172+00
6273,8.29,2026-05-22 12:41:50.85206+00
6274,1.49,2026-05-22 12:42:07.454427+00
6275,1.37,2026-05-22 12:42:24.208143+00
6276,1.3,2026-05-22 12:42:40.970252+00
6277,1.54,2026-05-22 12:42:57.647054+00
6278,1.01,2026-05-22 12:43:14.353501+00
6279,2.83,2026-05-22 12:43:39.428341+00
6280,2.5,2026-05-22 12:44:04.561053+00
6281,1.62,2026-05-22 12:44:21.189256+00
6282,1.31,2026-05-22 12:44:38.027811+00
6283,1.12,2026-05-22 12:44:54.66298+00
6284,1.26,2026-05-22 12:45:11.464069+00
6285,1.36,2026-05-22 12:45:28.128257+00
6286,8.61,2026-05-22 12:46:09.687839+00
6287,3.88,2026-05-22 12:46:34.471058+00
6288,1.1,2026-05-22 12:46:51.013893+00
6289,6.13,2026-05-22 12:47:24.012847+00
6290,1.15,2026-05-22 12:47:40.765901+00
6291,3.82,2026-05-22 12:48:14.035021+00
6292,1.2,2026-05-22 12:48:22.321639+00
6293,1.33,2026-05-22 12:48:39.043646+00
6294,1.41,2026-05-22 12:49:03.990953+00
6295,1.98,2026-05-22 12:49:20.664934+00
6296,3.42,2026-05-22 12:49:53.793998+00
6297,7.59,2026-05-22 12:50:26.591017+00
6298,1.15,2026-05-22 12:50:43.389409+00
6299,2.14,2026-05-22 12:51:08.337268+00
6300,3.33,2026-05-22 12:51:33.205022+00
6301,3.18,2026-05-22 12:51:58.166425+00
6302,21.66,2026-05-22 12:52:56.062413+00
6303,4.98,2026-05-22 12:53:29.48675+00
6304,1.79,2026-05-22 12:53:46.113931+00
6305,1.74,2026-05-22 12:54:02.716089+00
6306,1.28,2026-05-22 12:54:19.518058+00
6307,1.15,2026-05-22 12:54:36.236678+00
6308,113.28,2026-05-22 12:55:50.495808+00
6309,2.8,2026-05-22 12:56:15.523469+00
6310,3.03,2026-05-22 12:56:40.494987+00
6311,1.11,2026-05-22 12:56:57.03781+00
6312,2.86,2026-05-22 12:57:22.436183+00
6313,1.2,2026-05-22 12:57:39.095914+00
6314,1.44,2026-05-22 12:57:55.792423+00
6315,1.14,2026-05-22 12:58:12.618061+00
6316,2.39,2026-05-22 12:58:37.547342+00
6317,24.1,2026-05-22 12:59:27.236706+00
6318,1.28,2026-05-22 12:59:44.494869+00
6319,1.93,2026-05-22 13:00:01.402931+00
6320,2.17,2026-05-22 13:00:26.358859+00
6321,1.92,2026-05-22 13:00:51.292955+00
6322,31.19,2026-05-22 13:01:48.96573+00
6323,1.02,2026-05-22 13:01:57.20698+00
6324,2.41,2026-05-22 13:02:38.930328+00
6325,1.25,2026-05-22 13:02:38.930328+00
6326,8.22,2026-05-22 13:03:20.280621+00
6327,1.49,2026-05-22 13:03:36.926438+00
6328,1.72,2026-05-22 13:03:53.519024+00
6329,12.9,2026-05-22 13:04:43.365019+00
6330,6.97,2026-05-22 13:05:16.693497+00
6331,3.54,2026-05-22 13:05:49.95829+00
6332,1.89,2026-05-22 13:06:06.355856+00
6333,2,2026-05-22 13:06:31.360661+00
6334,1.1,2026-05-22 13:06:47.944744+00
6335,1.1,2026-05-22 13:06:56.313849+00
6336,7.29,2026-05-22 13:07:38.193805+00
6337,2.39,2026-05-22 13:08:03.175646+00
6338,1.54,2026-05-22 13:08:20.009729+00
6339,1.66,2026-05-22 13:08:36.469275+00
6340,2.17,2026-05-22 13:09:01.449216+00
6341,1.07,2026-05-22 13:09:18.218235+00
6342,3,2026-05-22 13:09:43.179072+00
6343,1.09,2026-05-22 13:09:59.816724+00
6344,1.26,2026-05-22 13:10:07.998128+00
6345,1.74,2026-05-22 13:10:33.262084+00
6346,1.23,2026-05-22 13:10:49.985384+00
6347,1.63,2026-05-22 13:11:06.686723+00
6348,1.76,2026-05-22 13:11:23.159989+00
6349,1.16,2026-05-22 13:11:39.685+00
6350,1.42,2026-05-22 13:11:56.278146+00
6351,1.53,2026-05-22 13:12:21.259105+00
6352,4.39,2026-05-22 13:12:45.914317+00
6353,1.06,2026-05-22 13:13:02.649893+00
6354,2.8,2026-05-22 13:13:27.509661+00
6355,4.63,2026-05-22 13:14:00.737595+00
6356,6.97,2026-05-22 13:14:42.14478+00
6357,9.13,2026-05-22 13:15:15.410888+00
6358,2.87,2026-05-22 13:15:41.049064+00
6359,1.85,2026-05-22 13:15:57.624726+00
6360,1.15,2026-05-22 13:16:14.373644+00
6361,1.27,2026-05-22 13:16:31.072801+00
6362,1.41,2026-05-22 13:16:47.883359+00
6363,1.1,2026-05-22 13:17:04.475225+00
6364,95.6,2026-05-22 13:18:09.698495+00
6365,12.62,2026-05-22 13:18:59.41022+00
6366,1.66,2026-05-22 13:19:16.137459+00
6367,4.12,2026-05-22 13:19:49.384731+00
6368,2.69,2026-05-22 13:20:14.544671+00
6369,1.47,2026-05-22 13:20:31.231069+00
6370,1.62,2026-05-22 13:20:47.957169+00
6371,2.86,2026-05-22 13:21:12.806619+00
6372,4.63,2026-05-22 13:21:45.704388+00
6373,2.12,2026-05-22 13:22:10.720118+00
6374,1.24,2026-05-22 13:22:27.214043+00
6375,1.24,2026-05-22 13:22:43.849962+00
6376,3.88,2026-05-22 13:23:17.213078+00
6377,1.02,2026-05-22 13:23:25.451165+00
6378,6.97,2026-05-22 13:24:06.93237+00
6379,7.9,2026-05-22 13:24:48.122204+00
6380,23.75,2026-05-22 13:25:37.679452+00
6381,3.04,2026-05-22 13:26:02.565543+00
6382,1.44,2026-05-22 13:26:19.19767+00
6383,1.11,2026-05-22 13:26:35.939329+00
6384,21.06,2026-05-22 13:27:25.207976+00
6385,1.11,2026-05-22 13:27:41.873008+00
6386,155.3,2026-05-22 13:28:56.017988+00
6387,124.81,2026-05-22 13:30:10.388088+00
6388,2.76,2026-05-22 13:30:35.407383+00
6389,37.16,2026-05-22 13:31:33.989667+00
6390,10.1,2026-05-22 13:32:15.613531+00
6391,1.04,2026-05-22 13:32:32.343708+00
6392,1.1,2026-05-22 13:32:49.085636+00
6393,2.23,2026-05-22 13:33:05.663961+00
6394,1.62,2026-05-22 13:33:30.543884+00
6395,10.07,2026-05-22 13:34:12.0297+00
6396,1.07,2026-05-22 13:34:28.709656+00
6397,6.64,2026-05-22 13:35:01.810645+00
6398,4.67,2026-05-22 13:35:35.228653+00
6399,1.62,2026-05-22 13:35:51.828374+00
6400,6.34,2026-05-22 13:36:33.455267+00
6401,6.83,2026-05-22 13:37:06.9258+00
6402,1.5,2026-05-22 13:37:23.70071+00
6403,2.51,2026-05-22 13:37:48.73607+00
6404,1.17,2026-05-22 13:38:05.437267+00
6405,1.21,2026-05-22 13:38:22.037037+00
6406,4.34,2026-05-22 13:38:55.379981+00
6407,7.23,2026-05-22 13:39:28.870921+00
6408,1.01,2026-05-22 13:39:45.516248+00
6409,3.01,2026-05-22 13:40:10.548162+00
6410,7.12,2026-05-22 13:40:43.462554+00
6411,176.66,2026-05-22 13:42:06.441009+00
6412,93.3,2026-05-22 13:43:12.537034+00
6413,11.85,2026-05-22 13:44:02.508017+00
6414,1.69,2026-05-22 13:44:19.192603+00
6415,2.66,2026-05-22 13:44:44.112123+00
6416,1.45,2026-05-22 13:45:00.64195+00
6417,1.36,2026-05-22 13:45:17.102339+00
6418,1.29,2026-05-22 13:45:33.715194+00
6419,2.51,2026-05-22 13:45:58.512385+00
6420,196.96,2026-05-22 13:47:21.380074+00
6421,2.9,2026-05-22 13:47:46.326029+00
6422,4.9,2026-05-22 13:48:19.498514+00
6423,11.79,2026-05-22 13:49:00.680657+00
6424,1.2,2026-05-22 13:49:17.497748+00
6425,1.62,2026-05-22 13:49:34.328012+00
6426,2.48,2026-05-22 13:49:59.323066+00
6427,1.15,2026-05-22 13:50:15.930999+00
6428,1.28,2026-05-22 13:50:32.507924+00
6429,1.52,2026-05-22 13:50:49.190923+00
6430,6.45,2026-05-22 13:51:30.660804+00
6431,1.24,2026-05-22 13:51:47.418581+00
6432,4.01,2026-05-22 13:52:12.08717+00
6433,1.4,2026-05-22 13:52:28.673232+00
6434,3.03,2026-05-22 13:53:01.967412+00
6435,1.92,2026-05-22 13:53:18.556985+00
6436,3.3,2026-05-22 13:53:51.976071+00
6437,4.76,2026-05-22 13:54:16.980205+00
6438,2.25,2026-05-22 13:54:42.169089+00
6439,8.47,2026-05-22 13:55:23.601733+00
6440,1.05,2026-05-22 13:55:40.238421+00
6441,1.15,2026-05-22 13:55:48.547281+00
6442,2.54,2026-05-22 13:56:13.370763+00
6443,2.04,2026-05-22 13:56:38.534712+00
6444,1.15,2026-05-22 13:56:55.255872+00
6445,6.93,2026-05-22 13:57:28.257046+00
6446,2.37,2026-05-22 13:57:53.448109+00
6447,2.1,2026-05-22 13:58:18.464601+00
6448,9.19,2026-05-22 13:58:51.765639+00
6449,1.34,2026-05-22 13:59:08.587067+00
6450,1.07,2026-05-22 13:59:25.280578+00
6451,43.3,2026-05-22 14:00:23.085255+00
6452,9.14,2026-05-22 14:00:56.371011+00
6453,1.01,2026-05-22 14:01:13.036817+00
6454,29.88,2026-05-22 14:02:02.435709+00
6455,2.18,2026-05-22 14:02:27.602416+00
6456,1.13,2026-05-22 14:02:44.54433+00
6457,2.19,2026-05-22 14:03:09.688123+00
6458,2.21,2026-05-22 14:03:35.043716+00
6459,3.47,2026-05-22 14:04:00.098237+00
6460,2.08,2026-05-22 14:04:24.979731+00
6461,1.32,2026-05-22 14:04:41.771655+00
6462,2.6,2026-05-22 14:05:06.64565+00
6463,1.2,2026-05-22 14:05:23.354028+00
6464,42.86,2026-05-22 14:06:21.111856+00
6465,1.25,2026-05-22 14:06:37.757225+00
6466,1.17,2026-05-22 14:06:54.40594+00
6467,17.68,2026-05-22 14:07:35.712457+00
6468,4.72,2026-05-22 14:08:08.90428+00
6469,1.05,2026-05-22 14:08:25.679369+00
6470,9.13,2026-05-22 14:09:07.575807+00
6471,1.88,2026-05-22 14:09:24.212334+00
6472,1.55,2026-05-22 14:09:49.152644+00
6473,1.23,2026-05-22 14:10:05.847485+00
6474,21.36,2026-05-22 14:10:55.538187+00
6475,1.42,2026-05-22 14:11:12.277064+00
6476,4.08,2026-05-22 14:11:45.506249+00
6477,1.25,2026-05-22 14:11:53.840163+00
6478,1.08,2026-05-22 14:12:10.494013+00
6479,1.68,2026-05-22 14:12:27.058634+00
6480,1.26,2026-05-22 14:12:43.585159+00
6481,13.11,2026-05-22 14:13:33.700005+00
6482,4,2026-05-22 14:14:06.930508+00
6483,1.05,2026-05-22 14:14:15.308821+00
6484,1.27,2026-05-22 14:14:31.97443+00
6485,1.44,2026-05-22 14:14:48.547665+00
6486,2.56,2026-05-22 14:15:13.436388+00
6487,1.14,2026-05-22 14:15:30.087352+00
6488,1.76,2026-05-22 14:15:46.633696+00
6489,1.71,2026-05-22 14:16:11.814673+00
6490,2.37,2026-05-22 14:16:36.995699+00
6491,1.35,2026-05-22 14:16:53.667448+00
6492,5,2026-05-22 14:17:26.999082+00
6493,16.01,2026-05-22 14:18:08.192053+00
6494,1.25,2026-05-22 14:18:24.826564+00
6495,3.15,2026-05-22 14:18:58.260567+00
6496,3.15,2026-05-22 14:19:14.905935+00
6497,2.41,2026-05-22 14:19:56.504043+00
6498,9.2,2026-05-22 14:19:56.504043+00
6499,27.01,2026-05-22 14:20:46.099987+00
6500,3.06,2026-05-22 14:21:11.100953+00
6501,31.78,2026-05-22 14:22:08.839793+00
6502,4.13,2026-05-22 14:22:42.009463+00
6503,1.15,2026-05-22 14:22:58.783975+00
6504,1.18,2026-05-22 14:23:15.559978+00
6505,2.32,2026-05-22 14:23:32.065339+00
6506,2.24,2026-05-22 14:23:57.187473+00
6507,1.22,2026-05-22 14:24:14.083711+00
6508,8.68,2026-05-22 14:24:55.713009+00
6509,1.44,2026-05-22 14:25:12.518608+00
6510,3.5,2026-05-22 14:25:37.294939+00
6511,1.93,2026-05-22 14:26:02.162153+00
6512,2.37,2026-05-22 14:26:27.394612+00
6513,1.11,2026-05-22 14:26:44.158175+00
6514,3.28,2026-05-22 14:27:09.190747+00
6515,1.43,2026-05-22 14:27:25.858993+00
6516,1.28,2026-05-22 14:27:42.522406+00
6517,3.32,2026-05-22 14:28:07.40184+00
6518,1.47,2026-05-22 14:28:23.826194+00
6519,2.68,2026-05-22 14:28:57.018732+00
6520,4.18,2026-05-22 14:29:21.862014+00
6521,42.64,2026-05-22 14:30:28.340634+00
6522,1.32,2026-05-22 14:30:45.094698+00
6523,1.11,2026-05-22 14:30:53.319448+00
6524,1.62,2026-05-22 14:31:18.45072+00
6525,2.93,2026-05-22 14:31:43.462812+00
6526,9.39,2026-05-22 14:32:16.677468+00
6527,2.32,2026-05-22 14:32:41.689678+00
6528,3.73,2026-05-22 14:33:06.498446+00
6529,24.39,2026-05-22 14:34:04.59286+00
6530,1.83,2026-05-22 14:34:21.184076+00
6531,1.19,2026-05-22 14:34:38.07256+00
6532,1.45,2026-05-22 14:34:54.830936+00
6533,1.21,2026-05-22 14:35:11.537447+00
6534,4.92,2026-05-22 14:35:44.809395+00
6535,1.36,2026-05-22 14:36:01.53725+00
6536,4.7,2026-05-22 14:36:34.765996+00
6537,1.8,2026-05-22 14:36:51.337318+00
6538,2.51,2026-05-22 14:37:16.121697+00
6539,1.34,2026-05-22 14:37:32.79191+00
6540,4.23,2026-05-22 14:38:06.242214+00
6541,10.58,2026-05-22 14:38:47.607056+00
6542,2.14,2026-05-22 14:39:12.71928+00
6543,5.69,2026-05-22 14:39:46.166954+00
6544,1.55,2026-05-22 14:40:02.695709+00
6545,1.44,2026-05-22 14:40:19.605791+00
6546,1.85,2026-05-22 14:40:44.584031+00
6547,1.33,2026-05-22 14:41:01.387653+00
6548,1.16,2026-05-22 14:41:18.128483+00
6549,1.3,2026-05-22 14:41:35.025007+00
6550,1.51,2026-05-22 14:41:51.798478+00
6551,2.41,2026-05-22 14:42:33.242356+00
6552,1.94,2026-05-22 14:42:33.242356+00
6553,1.11,2026-05-22 14:42:49.734088+00
6554,1.21,2026-05-22 14:43:06.488333+00
6555,1.21,2026-05-22 14:43:23.067955+00
6556,1.1,2026-05-22 14:43:31.296965+00
6557,4.26,2026-05-22 14:44:04.827151+00
6558,1.94,2026-05-22 14:44:30.009542+00
6559,1.5,2026-05-22 14:44:46.65666+00
6560,1.12,2026-05-22 14:45:03.432429+00
6561,2.86,2026-05-22 14:45:28.37431+00
6562,1.03,2026-05-22 14:45:36.550204+00
6563,1.63,2026-05-22 14:46:01.585074+00
6564,49.18,2026-05-22 14:46:59.731392+00
6565,1.51,2026-05-22 14:47:16.370245+00
6566,1.43,2026-05-22 14:47:32.976044+00
6567,1.22,2026-05-22 14:47:49.52903+00
6568,1.17,2026-05-22 14:48:06.044937+00
6569,1.1,2026-05-22 14:48:22.623169+00
6570,4.2,2026-05-22 14:48:47.50261+00
6571,2.14,2026-05-22 14:49:12.420453+00
6572,9.78,2026-05-22 14:49:53.646712+00
6573,10.18,2026-05-22 14:50:35.19908+00
6574,1.1,2026-05-22 14:50:51.885911+00
6575,1.17,2026-05-22 14:51:08.63355+00
6576,3.16,2026-05-22 14:51:33.377978+00
6577,1.03,2026-05-22 14:51:50.090176+00
6578,6.65,2026-05-22 14:52:23.032893+00
6579,1.26,2026-05-22 14:52:39.729946+00
6580,1.85,2026-05-22 14:53:04.899256+00
6581,1.1,2026-05-22 14:53:13.306742+00
6582,14.47,2026-05-22 14:54:02.937982+00
6583,8.17,2026-05-22 14:54:44.807227+00
6584,1.5,2026-05-22 14:55:01.736522+00
6585,1.21,2026-05-22 14:55:18.456072+00
6586,1.08,2026-05-22 14:55:26.706533+00
6587,1.16,2026-05-22 14:55:43.411543+00
6588,1.19,2026-05-22 14:56:00.094892+00
6589,1.24,2026-05-22 14:56:16.845082+00
6590,9.05,2026-05-22 14:56:50.319864+00
6591,1.71,2026-05-22 14:57:06.73364+00
6592,15,2026-05-22 14:57:56.451012+00
6593,10.74,2026-05-22 14:58:38.201467+00
6594,1.14,2026-05-22 14:58:54.927709+00
6595,1.79,2026-05-22 14:59:11.518498+00
6596,1.6,2026-05-22 14:59:36.619424+00
6597,2.52,2026-05-22 15:00:01.59421+00
6598,2.38,2026-05-22 15:00:18.481805+00
6599,1.11,2026-05-22 15:00:35.12849+00
6600,1.03,2026-05-22 15:00:52.018885+00
6601,12.1,2026-05-22 15:01:33.452614+00
6602,7.67,2026-05-22 15:02:14.948663+00
6603,1.53,2026-05-22 15:02:31.677133+00
6604,1.77,2026-05-22 15:02:48.565484+00
6605,1.9,2026-05-22 15:03:13.520232+00
6606,11.54,2026-05-22 15:03:54.673486+00
6607,4.7,2026-05-22 15:04:27.965876+00
6608,1.27,2026-05-22 15:04:44.564081+00
6609,1.38,2026-05-22 15:05:01.413106+00
6610,1.08,2026-05-22 15:05:18.187515+00
6611,2.85,2026-05-22 15:05:43.320976+00
6612,1.12,2026-05-22 15:06:00.112525+00
6613,1.34,2026-05-22 15:06:16.831809+00
6614,151.71,2026-05-22 15:07:30.83773+00
6615,2.98,2026-05-22 15:07:56.29789+00
6616,6.09,2026-05-22 15:08:29.606416+00
6617,4.41,2026-05-22 15:09:02.890736+00
6618,1.9,2026-05-22 15:09:28.023572+00
6619,4.84,2026-05-22 15:10:01.285658+00
6620,1.42,2026-05-22 15:10:18.000153+00
6621,1.09,2026-05-22 15:10:26.289965+00
6622,1.48,2026-05-22 15:10:51.347081+00
6623,1.17,2026-05-22 15:10:59.482739+00
6624,1.52,2026-05-22 15:11:16.152765+00
6625,12.1,2026-05-22 15:12:05.795603+00
6626,2.12,2026-05-22 15:12:30.874994+00
6627,1.22,2026-05-22 15:12:39.249986+00
6628,1.42,2026-05-22 15:13:04.280148+00
6629,1.2,2026-05-22 15:13:12.44633+00
6630,1.1,2026-05-22 15:13:29.184111+00
6631,1.16,2026-05-22 15:13:46.401462+00
6632,1.29,2026-05-22 15:14:02.932092+00
6633,1.71,2026-05-22 15:14:19.885148+00
6634,3.27,2026-05-22 15:14:44.64139+00
6635,1.54,2026-05-22 15:15:09.657181+00
6636,1.21,2026-05-22 15:15:17.987705+00
6637,1.02,2026-05-22 15:15:34.603792+00
6638,18.2,2026-05-22 15:16:24.068185+00
6639,1.1,2026-05-22 15:16:40.854239+00
6640,7.99,2026-05-22 15:17:22.272355+00
6641,1.07,2026-05-22 15:17:30.593076+00
6642,2.12,2026-05-22 15:17:55.763135+00
6643,1.51,2026-05-22 15:18:12.336434+00
6644,17.41,2026-05-22 15:19:01.799331+00
6645,2.17,2026-05-22 15:19:26.848065+00
6646,1.73,2026-05-22 15:19:43.505239+00
6647,1.61,2026-05-22 15:20:08.454184+00
6648,6.38,2026-05-22 15:20:41.440704+00
6649,9.2,2026-05-22 15:21:14.446884+00
6650,1.99,2026-05-22 15:21:39.578508+00
6651,1.23,2026-05-22 15:21:56.306398+00
6652,1.02,2026-05-22 15:22:04.598079+00
6653,1.2,2026-05-22 15:22:21.269458+00
6654,1.86,2026-05-22 15:22:46.410195+00
6655,2.68,2026-05-22 15:23:11.405882+00
6656,1.9,2026-05-22 15:23:28.140594+00
6657,1.07,2026-05-22 15:23:44.849238+00
6658,1.1,2026-05-22 15:24:01.800224+00
6659,1.44,2026-05-22 15:24:18.686737+00
6660,2.1,2026-05-22 15:25:16.758802+00
6661,1.16,2026-05-22 15:25:25.13074+00
6662,1.04,2026-05-22 15:25:41.565936+00
6663,172.11,2026-05-22 15:27:03.506507+00
6664,4.08,2026-05-22 15:27:28.457643+00
6665,12.96,2026-05-22 15:28:51.393441+00
6666,1.07,2026-05-22 15:29:08.206259+00
6667,2.7,2026-05-22 15:29:33.320476+00
6668,1.59,2026-05-22 15:29:49.99525+00
6669,1.1,2026-05-22 15:30:06.770998+00
6670,1.53,2026-05-22 15:30:23.351998+00
6671,1.02,2026-05-22 15:30:31.662499+00
6672,1.87,2026-05-22 15:30:56.655421+00
6673,2.47,2026-05-22 15:31:46.905396+00
6674,2.62,2026-05-22 15:31:46.905396+00
6675,1.88,2026-05-22 15:32:03.540762+00
6676,9.34,2026-05-22 15:32:53.497984+00
6677,1.38,2026-05-22 15:32:53.497984+00
6678,6.19,2026-05-22 15:33:35.091325+00
6679,1.38,2026-05-22 15:33:51.773198+00
6680,4.41,2026-05-22 15:34:25.378054+00
6681,1.08,2026-05-22 15:34:33.524998+00
6682,1.41,2026-05-22 15:34:50.285638+00
6683,2.43,2026-05-22 15:35:15.130562+00
6684,4.51,2026-05-22 15:35:48.751587+00
6685,10.77,2026-05-22 15:36:29.972204+00
6686,19.75,2026-05-22 15:37:19.425731+00
6687,1.25,2026-05-22 15:37:36.064981+00
6688,1.49,2026-05-22 15:38:00.993635+00
6689,1.03,2026-05-22 15:38:09.360394+00
6690,25.61,2026-05-22 15:39:07.580394+00
6691,1.19,2026-05-22 15:39:16.032822+00
6692,3.75,2026-05-22 15:39:49.814587+00
6693,1.57,2026-05-22 15:40:06.417619+00
6694,1.51,2026-05-22 15:40:23.130352+00
6695,1.94,2026-05-22 15:40:48.134107+00
6696,5.63,2026-05-22 15:41:21.494485+00
6697,1.58,2026-05-22 15:41:38.091436+00
6698,6.32,2026-05-22 15:42:19.815732+00
6699,11.99,2026-05-22 15:43:01.346485+00
6700,10.36,2026-05-22 15:43:42.859944+00
6701,2.02,2026-05-22 15:44:07.794743+00
6702,1.63,2026-05-22 15:44:24.46807+00
6703,4.78,2026-05-22 15:44:57.979211+00
6704,4.51,2026-05-22 15:45:31.643746+00
6705,3.66,2026-05-22 15:45:56.578865+00
6706,1.79,2026-05-22 15:46:21.542732+00
6707,8.31,2026-05-22 15:47:03.10774+00
6708,1.1,2026-05-22 15:47:11.448009+00
6709,1.12,2026-05-22 15:47:28.097222+00
6710,2.19,2026-05-22 15:47:52.958879+00
6711,1.1,2026-05-22 15:48:01.368398+00
6712,2.05,2026-05-22 15:48:26.304985+00
6713,10.4,2026-05-22 15:49:07.407129+00
6714,3.25,2026-05-22 15:49:40.788225+00
6715,2.39,2026-05-22 15:50:05.746498+00
6716,1.82,2026-05-22 15:50:22.388219+00
6717,1.01,2026-05-22 15:50:39.170208+00
6718,1.74,2026-05-22 15:50:55.963677+00
6719,3.16,2026-05-22 15:51:20.850395+00
6720,1.07,2026-05-22 15:51:37.632467+00
6721,12.05,2026-05-22 15:52:18.896562+00
6722,3.82,2026-05-22 15:52:52.158172+00
6723,1.21,2026-05-22 15:53:08.762026+00
6724,2.12,2026-05-22 15:53:33.866954+00
6725,1.08,2026-05-22 15:53:42.195295+00
6726,2.68,2026-05-22 15:54:07.150482+00
6727,15.68,2026-05-22 15:54:56.551646+00
6728,2.29,2026-05-22 15:55:21.550963+00
6729,3.91,2026-05-22 15:55:54.894971+00
6730,1.89,2026-05-22 15:56:11.581918+00
6731,73.44,2026-05-22 15:57:17.535058+00
6732,1.52,2026-05-22 15:57:42.517398+00
6733,3.23,2026-05-22 15:58:07.478363+00
6734,1.21,2026-05-22 15:58:24.172447+00
6735,1.03,2026-05-22 15:58:32.422777+00
6736,9.1,2026-05-22 15:59:05.652201+00
6737,1.53,2026-05-22 15:59:30.666947+00
6738,3.52,2026-05-22 15:59:55.619904+00
6739,1.69,2026-05-22 16:00:12.245931+00
6740,1.23,2026-05-22 16:00:28.917068+00
6741,1.66,2026-05-22 16:00:53.80503+00
6742,1.05,2026-05-22 16:01:02.413584+00
6743,1.23,2026-05-22 16:01:19.422995+00
6744,1.24,2026-05-22 16:01:36.11775+00
6745,2.95,2026-05-22 16:02:00.73396+00
6746,7.63,2026-05-22 16:02:42.231382+00
6747,1.93,2026-05-22 16:02:59.039676+00
6748,1.06,2026-05-22 16:03:15.542421+00
6749,4.83,2026-05-22 16:03:49.035899+00
6750,1.21,2026-05-22 16:04:05.733499+00
6751,3.05,2026-05-22 16:04:30.75225+00
6752,1.21,2026-05-22 16:04:47.506231+00
6753,17.11,2026-05-22 16:05:37.025792+00
6754,6.42,2026-05-22 16:06:10.096003+00
6755,23.01,2026-05-22 16:07:08.21456+00
6756,3.02,2026-05-22 16:07:33.189488+00
6757,1.51,2026-05-22 16:07:49.858803+00
6758,4.29,2026-05-22 16:08:23.125629+00
6759,2.81,2026-05-22 16:08:48.127524+00
6760,1.39,2026-05-22 16:09:04.888702+00
6761,1.85,2026-05-22 16:09:21.527786+00
6762,2.03,2026-05-22 16:09:46.632686+00
6763,1.04,2026-05-22 16:10:03.428697+00
6764,14.31,2026-05-22 16:10:44.556035+00
6765,2.89,2026-05-22 16:11:09.583457+00
6766,4.44,2026-05-22 16:11:42.748699+00
6767,1.14,2026-05-22 16:11:59.690729+00
6768,3,2026-05-22 16:12:24.485452+00
6769,3.53,2026-05-22 16:12:57.791133+00
6770,1.41,2026-05-22 16:13:14.631331+00
6771,2.02,2026-05-22 16:13:31.192737+00
6772,3.27,2026-05-22 16:14:04.544782+00
6773,1.93,2026-05-22 16:14:21.117361+00
6774,3.21,2026-05-22 16:14:54.586678+00
6775,1.15,2026-05-22 16:15:02.896088+00
6776,10.38,2026-05-22 16:15:52.593075+00
6777,16.65,2026-05-22 16:16:33.967388+00
6778,1.47,2026-05-22 16:16:59.450116+00
6779,1.46,2026-05-22 16:17:16.224562+00
6780,1.12,2026-05-22 16:17:24.660001+00
6781,3.04,2026-05-22 16:17:57.918697+00
6782,6.08,2026-05-22 16:18:31.027462+00
6783,1.25,2026-05-22 16:18:47.71973+00
6784,1.43,2026-05-22 16:19:04.323265+00
6785,1.18,2026-05-22 16:19:21.099809+00
6786,1.48,2026-05-22 16:19:37.941996+00
6787,1.04,2026-05-22 16:19:46.233009+00
6788,4.25,2026-05-22 16:20:19.462071+00
6789,1.4,2026-05-22 16:20:36.004727+00
6790,1.11,2026-05-22 16:20:52.721989+00
6791,1.14,2026-05-22 16:21:09.394506+00
6792,6.93,2026-05-22 16:21:42.338223+00
6793,2.19,2026-05-22 16:22:07.461477+00
6794,6.62,2026-05-22 16:22:40.692811+00
6795,19.84,2026-05-22 16:23:38.615425+00
6796,2.58,2026-05-22 16:24:03.489979+00
6797,1.96,2026-05-22 16:24:20.260524+00
6798,1.11,2026-05-22 16:24:36.874007+00
6799,2.16,2026-05-22 16:25:01.977239+00
6800,1.16,2026-05-22 16:25:10.232049+00
6801,2.18,2026-05-22 16:25:35.461511+00
6802,14.94,2026-05-22 16:26:24.821798+00
6803,1.27,2026-05-22 16:26:41.503147+00
6804,1.06,2026-05-22 16:26:49.750459+00
6805,4.73,2026-05-22 16:27:22.874839+00
6806,13.21,2026-05-22 16:28:12.607484+00
6807,1.78,2026-05-22 16:28:29.269971+00
6808,1.89,2026-05-22 16:28:54.314417+00
6809,6.16,2026-05-22 16:29:27.550135+00
6810,1.59,2026-05-22 16:29:44.235054+00
6811,7.18,2026-05-22 16:30:25.756402+00
6812,4.38,2026-05-22 16:30:58.951466+00
6813,40.63,2026-05-22 16:31:56.831679+00
6814,73.39,2026-05-22 16:33:03.223885+00
6815,2.42,2026-05-22 16:33:45.049343+00
6816,1.08,2026-05-22 16:33:45.049343+00
6817,1.11,2026-05-22 16:33:53.199121+00
6818,1.72,2026-05-22 16:34:18.404579+00
6819,1.03,2026-05-22 16:34:26.633339+00
6820,10.1,2026-05-22 16:35:07.851985+00
6821,4.55,2026-05-22 16:35:41.171308+00
6822,3.45,2026-05-22 16:36:14.726266+00
6823,2.23,2026-05-22 16:36:31.517186+00
6824,8.96,2026-05-22 16:37:12.890018+00
6825,1.14,2026-05-22 16:37:29.529949+00
6826,1.2,2026-05-22 16:37:46.255+00
6827,1.01,2026-05-22 16:37:54.767028+00
6828,1.42,2026-05-22 16:38:19.645208+00
6829,1.12,2026-05-22 16:38:28.039995+00
6830,1.81,2026-05-22 16:38:52.85144+00
6831,7.59,2026-05-22 16:39:25.959627+00
6832,81.77,2026-05-22 16:40:39.874168+00
6833,2.18,2026-05-22 16:41:04.795413+00
6834,1.24,2026-05-22 16:41:13.073044+00
6835,2.07,2026-05-22 16:41:37.996726+00
6836,17.9,2026-05-22 16:42:27.503025+00
6837,1.07,2026-05-22 16:42:44.129196+00
6838,7.89,2026-05-22 16:43:17.408064+00
6839,5.66,2026-05-22 16:43:59.053634+00
6840,1.02,2026-05-22 16:44:07.276657+00
6841,1.13,2026-05-22 16:44:23.901575+00
6842,1.32,2026-05-22 16:44:40.653499+00
6843,1.58,2026-05-22 16:44:57.376051+00
6844,7.03,2026-05-22 16:45:38.853929+00
6845,3.49,2026-05-22 16:46:03.556671+00
6846,1.1,2026-05-22 16:46:20.260128+00
6847,40.19,2026-05-22 16:47:18.221006+00
6848,3.19,2026-05-22 16:47:42.992026+00
6849,1.85,2026-05-22 16:48:08.051365+00
6850,2.46,2026-05-22 16:48:33.077749+00
6851,1.67,2026-05-22 16:48:49.603038+00
6852,3.14,2026-05-22 16:49:14.345918+00
6853,4.83,2026-05-22 16:49:47.595393+00
6854,2.49,2026-05-22 16:50:12.631948+00
6855,25.35,2026-05-22 16:51:10.501469+00
6856,9.12,2026-05-22 16:51:43.853309+00
6857,2.06,2026-05-22 16:52:08.944926+00
6858,8.12,2026-05-22 16:52:41.955789+00
6859,1.81,2026-05-22 16:53:06.871566+00
6860,1.06,2026-05-22 16:53:15.307288+00
6861,3.09,2026-05-22 16:53:48.623476+00
6862,1.47,2026-05-22 16:54:05.404927+00
6863,1.1,2026-05-22 16:54:22.164133+00
6864,2.14,2026-05-22 16:54:38.620968+00
6865,1.54,2026-05-22 16:54:55.325075+00
6866,19.32,2026-05-22 16:55:44.86792+00
6867,3.51,2026-05-22 16:56:18.344816+00
6868,11.1,2026-05-22 16:56:59.892895+00
6869,33.5,2026-05-22 16:57:57.78792+00
6870,6.26,2026-05-22 16:58:31.213364+00
6871,1.14,2026-05-22 16:58:47.872645+00
6872,1.14,2026-05-22 16:59:04.78194+00
6873,1.35,2026-05-22 16:59:21.573449+00
6874,1.04,2026-05-22 16:59:29.861544+00
6875,2.48,2026-05-22 16:59:54.698223+00
6876,6.88,2026-05-22 17:00:36.485941+00
6877,1.74,2026-05-22 17:00:53.229803+00
6878,1.04,2026-05-22 17:01:09.988482+00
6879,1.17,2026-05-22 17:01:18.226555+00
6880,1.38,2026-05-22 17:01:34.76304+00
6881,1.39,2026-05-22 17:01:59.778018+00
6882,1.15,2026-05-22 17:02:08.05963+00
6883,1.06,2026-05-22 17:02:24.76057+00
6884,19.1,2026-05-22 17:03:14.056631+00
6885,1.53,2026-05-22 17:03:30.83279+00
6886,1.59,2026-05-22 17:03:55.655154+00
6887,1.03,2026-05-22 17:04:03.917188+00
6888,8.05,2026-05-22 17:04:45.262411+00
6889,3.06,2026-05-22 17:05:10.251112+00
6890,1.87,2026-05-22 17:05:35.166916+00
6891,1.07,2026-05-22 17:05:43.320787+00
6892,1.32,2026-05-22 17:05:59.893982+00
6893,3.06,2026-05-22 17:06:34.294418+00
6894,7.11,2026-05-22 17:07:05.260665+00
6895,1.29,2026-05-22 17:07:22.354488+00
6896,25.58,2026-05-22 17:08:21.068486+00
6897,1.52,2026-05-22 17:08:37.830792+00
6898,1.33,2026-05-22 17:08:54.638655+00
6899,1.5,2026-05-22 17:09:11.268165+00
6900,1.01,2026-05-22 17:09:27.99233+00
6901,1.35,2026-05-22 17:09:44.840586+00
6902,14,2026-05-22 17:10:26.245964+00
6903,1.56,2026-05-22 17:10:42.85735+00
6904,1.82,2026-05-22 17:11:07.833104+00
6905,2.23,2026-05-22 17:11:32.754465+00
6906,1.49,2026-05-22 17:11:49.555316+00
6907,1.15,2026-05-22 17:11:57.917971+00
6908,1.37,2026-05-22 17:12:22.888036+00
6909,3.94,2026-05-22 17:12:47.710489+00
6910,1.95,2026-05-22 17:13:12.751801+00
6911,1.02,2026-05-22 17:13:21.026682+00
6912,1.19,2026-05-22 17:13:37.654999+00
6913,2.48,2026-05-22 17:14:02.625983+00
6914,10.82,2026-05-22 17:14:43.939668+00
6915,158.78,2026-05-22 17:16:07.098468+00
6916,2.21,2026-05-22 17:16:23.816893+00
6917,2.3,2026-05-22 17:16:48.784877+00
6918,1.85,2026-05-22 17:17:13.664254+00
6919,1.31,2026-05-22 17:17:30.365498+00
6920,1.42,2026-05-22 17:17:46.991529+00
6921,2.97,2026-05-22 17:18:12.01307+00
6922,1.07,2026-05-22 17:18:28.825291+00
6923,4.57,2026-05-22 17:18:53.391017+00
6924,2.36,2026-05-22 17:19:18.456357+00
6925,1.55,2026-05-22 17:19:43.593288+00
6926,1.19,2026-05-22 17:19:51.939967+00
6927,1.02,2026-05-22 17:20:08.716802+00
6928,2.05,2026-05-22 17:20:33.688162+00
6929,1.82,2026-05-22 17:20:50.356325+00
6930,3.52,2026-05-22 17:21:15.195359+00
6931,18.06,2026-05-22 17:22:04.998421+00
6932,1.07,2026-05-22 17:22:21.572023+00
6933,1.08,2026-05-22 17:22:38.082766+00
6934,1.07,2026-05-22 17:22:46.373584+00
6935,1.35,2026-05-22 17:23:03.012144+00
6936,2.06,2026-05-22 17:23:28.115902+00
6937,1.57,2026-05-22 17:23:44.676171+00
6938,2.34,2026-05-22 17:24:09.638923+00
6939,1.11,2026-05-22 17:24:26.160476+00
6940,1.57,2026-05-22 17:24:42.928054+00
6941,2.08,2026-05-22 17:25:08.061184+00
6942,1.45,2026-05-22 17:25:25.166292+00
6943,17,2026-05-22 17:26:14.69606+00
6944,2.19,2026-05-22 17:26:39.799685+00
6945,16.2,2026-05-22 17:27:20.787124+00
6946,501,2026-05-22 17:28:51.070924+00
6947,1.28,2026-05-22 17:29:07.633043+00
6948,1.03,2026-05-22 17:29:24.3458+00
6949,15.05,2026-05-22 17:30:14.314704+00
6950,1.41,2026-05-22 17:30:30.940406+00
6951,1.14,2026-05-22 17:30:47.68349+00
6952,6.86,2026-05-22 17:31:21.111038+00
6953,2.68,2026-05-22 17:31:46.041753+00
6954,1.71,2026-05-22 17:32:02.545419+00
6955,1.2,2026-05-22 17:32:19.106203+00
6956,1.36,2026-05-22 17:32:35.534057+00
6957,1.19,2026-05-22 17:32:52.084976+00
6958,1.86,2026-05-22 17:33:17.087829+00
6959,1.38,2026-05-22 17:33:33.813315+00
6960,1.08,2026-05-22 17:33:42.137387+00
6961,2.06,2026-05-22 17:34:07.0846+00
6962,2.61,2026-05-22 17:34:31.908619+00
6963,1.16,2026-05-22 17:34:48.584122+00
6964,1.12,2026-05-22 17:35:05.116645+00
6965,4.78,2026-05-22 17:35:38.132674+00
6966,1.03,2026-05-22 17:35:46.39566+00
6967,1.02,2026-05-22 17:36:03.116064+00
6968,1.06,2026-05-22 17:36:11.497256+00
6969,1.3,2026-05-22 17:36:28.071977+00
6970,2.18,2026-05-22 17:37:01.351954+00
6971,1.04,2026-05-22 17:37:09.699981+00
6972,1.03,2026-05-22 17:37:26.274047+00
6973,1.02,2026-05-22 17:37:34.636818+00
6974,1.08,2026-05-22 17:37:51.109814+00
6975,1.04,2026-05-22 17:38:07.833144+00
6976,1.78,2026-05-22 17:38:24.410262+00
6977,6.24,2026-05-22 17:38:57.464216+00
6978,1.63,2026-05-22 17:39:22.55442+00
6979,1.41,2026-05-22 17:39:39.241621+00
6980,1.08,2026-05-22 17:39:47.467827+00
6981,1.22,2026-05-22 17:40:04.030807+00
6982,6.46,2026-05-22 17:40:45.168987+00
6983,8.9,2026-05-22 17:41:26.772742+00
6984,1.05,2026-05-22 17:41:35.070944+00
6985,4.79,2026-05-22 17:42:08.124806+00
6986,3.84,2026-05-22 17:42:41.299613+00
6987,2.55,2026-05-22 17:43:06.268964+00
6988,1.01,2026-05-22 17:43:14.519965+00
6989,1.44,2026-05-22 17:43:31.133867+00
6990,1.93,2026-05-22 17:43:55.900855+00
6991,2.1,2026-05-22 17:44:20.797592+00
6992,6,2026-05-22 17:44:53.796008+00
6993,1.03,2026-05-22 17:45:10.409381+00
6994,22.34,2026-05-22 17:45:59.44544+00
6995,8.6,2026-05-22 17:46:40.802433+00
6996,1.23,2026-05-22 17:46:57.435066+00
6997,2.12,2026-05-22 17:47:22.365613+00
6998,1.65,2026-05-22 17:47:38.839351+00
6999,2.53,2026-05-22 17:48:03.63319+00
7000,2.96,2026-05-22 17:48:28.487586+00
7001,1.92,2026-05-22 17:48:53.564676+00
7002,1.22,2026-05-22 17:49:10.245+00
7003,3.15,2026-05-22 17:49:35.099949+00
7004,2.1,2026-05-22 17:49:59.729377+00
7005,3.17,2026-05-22 17:50:33.07904+00
7006,1.52,2026-05-22 17:50:49.916558+00
7007,1.56,2026-05-22 17:51:06.39032+00
7008,1.38,2026-05-22 17:51:23.057094+00
7009,1.59,2026-05-22 17:51:39.696112+00
7010,1.16,2026-05-22 17:51:56.507396+00
7011,3.73,2026-05-22 17:52:29.939509+00
7012,1.84,2026-05-22 17:52:46.582679+00
7013,5.64,2026-05-22 17:53:19.663143+00
7014,7.99,2026-05-22 17:54:01.121642+00
7015,1.06,2026-05-22 17:54:17.880027+00
7016,1.83,2026-05-22 17:54:34.496443+00
7017,1.08,2026-05-22 17:54:51.094926+00
7018,2.13,2026-05-22 17:55:15.950453+00
7019,16.76,2026-05-22 17:55:57.008798+00
7020,1.77,2026-05-22 17:56:22.044019+00
7021,1.94,2026-05-22 17:56:38.679226+00
7022,7.39,2026-05-22 17:57:20.256976+00
7023,1.17,2026-05-22 17:57:37.099698+00
7024,1.12,2026-05-22 17:57:53.698874+00
7025,1.36,2026-05-22 17:58:10.344112+00
7026,1.59,2026-05-22 17:58:26.975067+00
7027,1.21,2026-05-22 17:58:59.955125+00
7028,6.23,2026-05-22 17:59:41.451821+00
7029,9.19,2026-05-22 18:00:14.672723+00
7030,3.53,2026-05-22 18:00:39.828229+00
7031,8.92,2026-05-22 18:01:21.11193+00
7032,1.07,2026-05-22 18:01:37.794987+00
7033,1.32,2026-05-22 18:01:54.312007+00
7034,9.77,2026-05-22 18:02:35.934246+00
7035,1.01,2026-05-22 18:02:44.215039+00
7036,1.09,2026-05-22 18:03:00.942901+00
7037,2.05,2026-05-22 18:03:25.69418+00
7038,93.42,2026-05-22 18:04:31.29504+00
7039,9.76,2026-05-22 18:05:12.708484+00
7040,16.59,2026-05-22 18:05:54.482603+00
7041,1.07,2026-05-22 18:06:11.349067+00
7042,6.53,2026-05-22 18:06:44.44799+00
7043,3.69,2026-05-22 18:07:17.792661+00
7044,10.6,2026-05-22 18:07:59.792976+00
7045,1.94,2026-05-22 18:08:24.902631+00
7046,1.66,2026-05-22 18:08:41.769706+00
7047,2.12,2026-05-22 18:09:06.68701+00
7048,9.07,2026-05-22 18:09:48.001734+00
7049,8.97,2026-05-22 18:10:21.036721+00
7050,2.15,2026-05-22 18:10:46.023438+00
7051,2.62,2026-05-22 18:11:11.115819+00
7052,3.06,2026-05-22 18:11:35.91244+00
7053,3.39,2026-05-22 18:12:09.303418+00
7054,1.22,2026-05-22 18:12:25.962449+00
7055,1.61,2026-05-22 18:12:42.597786+00
7056,2.24,2026-05-22 18:13:07.762379+00
7057,1.52,2026-05-22 18:13:24.686432+00
7058,2.56,2026-05-22 18:13:49.770256+00
7059,3.29,2026-05-22 18:14:14.58979+00
7060,2.05,2026-05-22 18:14:39.697552+00
7061,1.64,2026-05-22 18:14:56.315458+00
7062,2.03,2026-05-22 18:15:21.183732+00
7063,1.44,2026-05-22 18:15:37.767138+00
7064,2.31,2026-05-22 18:16:02.773019+00
7065,1.25,2026-05-22 18:16:19.340744+00
7066,6.16,2026-05-22 18:16:52.711424+00
7067,3.03,2026-05-22 18:17:17.35919+00
7068,1.55,2026-05-22 18:17:42.237008+00
7069,1.07,2026-05-22 18:17:50.50569+00
7070,4.23,2026-05-22 18:18:23.714153+00
7071,9.3,2026-05-22 18:19:05.307898+00
7072,1.14,2026-05-22 18:19:21.861681+00
7073,1.09,2026-05-22 18:19:30.166788+00
7074,1.88,2026-05-22 18:19:54.901019+00
7075,1.49,2026-05-22 18:20:11.689908+00
7076,127.24,2026-05-22 18:21:25.834736+00
7077,4.32,2026-05-22 18:21:59.056214+00
7078,1.7,2026-05-22 18:22:15.640306+00
7079,1.69,2026-05-22 18:22:40.639917+00
7080,2.18,2026-05-22 18:23:05.54172+00
7081,7.18,2026-05-22 18:23:38.518038+00
7082,9.39,2026-05-22 18:24:11.809418+00
7083,1.1,2026-05-22 18:24:28.455042+00
7084,5.09,2026-05-22 18:25:01.607161+00
7085,1.94,2026-05-22 18:25:26.705226+00
7086,2.48,2026-05-22 18:25:51.575083+00
7087,32.09,2026-05-22 18:26:40.856711+00
7088,1.17,2026-05-22 18:26:57.391193+00
7089,58.44,2026-05-22 18:28:03.362493+00
7090,5.09,2026-05-22 18:28:36.731381+00
7091,1.88,2026-05-22 18:29:01.798718+00
7092,3.02,2026-05-22 18:29:26.939518+00
7093,1.1,2026-05-22 18:29:43.546037+00
7094,3.76,2026-05-22 18:30:08.853898+00
7095,4.57,2026-05-22 18:30:42.109052+00
7096,1.06,2026-05-22 18:30:58.861635+00
7097,2.32,2026-05-22 18:31:15.308695+00
7098,1.4,2026-05-22 18:31:40.357822+00
7099,1.41,2026-05-22 18:31:56.808321+00
7100,2.41,2026-05-22 18:32:38.13874+00
7101,2.44,2026-05-22 18:32:38.13874+00
7102,1.02,2026-05-22 18:32:54.780246+00
7103,1.13,2026-05-22 18:33:11.446096+00
7104,1.2,2026-05-22 18:34:01.568727+00
7105,1.7,2026-05-22 18:34:18.365102+00
7106,17.99,2026-05-22 18:35:07.857736+00
7107,1.67,2026-05-22 18:35:24.419736+00
7108,3.36,2026-05-22 18:35:57.770169+00
7109,2.06,2026-05-22 18:36:14.533419+00
7110,1.71,2026-05-22 18:36:39.581511+00
7111,1.43,2026-05-22 18:36:56.29232+00
7112,2.8,2026-05-22 18:37:21.107011+00
7113,4.3,2026-05-22 18:38:27.274012+00
7114,2.4,2026-05-22 18:38:52.183932+00
7115,30,2026-05-22 18:39:50.820183+00
7116,1.73,2026-05-22 18:40:07.490652+00
7117,6.19,2026-05-22 18:40:40.469595+00
7118,1.19,2026-05-22 18:40:56.988355+00
7119,2.35,2026-05-22 18:41:21.887477+00
7120,2.05,2026-05-22 18:41:46.843917+00
7121,3.65,2026-05-22 18:42:11.533613+00
7122,5.09,2026-05-22 18:42:44.865144+00
7123,1.12,2026-05-22 18:43:01.521584+00
7124,9.9,2026-05-22 18:43:43.080071+00
7125,1.54,2026-05-22 18:43:59.669061+00
7126,3.88,2026-05-22 18:44:33.017083+00
7127,1.29,2026-05-22 18:44:49.782641+00
7128,2.07,2026-05-22 18:45:06.533165+00
7129,10.41,2026-05-22 18:45:56.203016+00
7130,2.67,2026-05-22 18:46:21.152105+00
7131,1.59,2026-05-22 18:46:37.93858+00
7132,1.2,2026-05-22 18:46:54.510905+00
7133,1.68,2026-05-22 18:47:11.415786+00
7134,1.98,2026-05-22 18:47:36.230687+00
7135,2.65,2026-05-22 18:48:01.772565+00
7136,1.62,2026-05-22 18:48:18.550927+00
7137,9.07,2026-05-22 18:48:56.899665+00
7138,1.69,2026-05-22 18:49:15.095605+00
7139,3.13,2026-05-22 18:49:40.898586+00
7140,8.47,2026-05-22 18:50:22.743808+00
7141,1.3,2026-05-22 18:50:39.509488+00
7142,2.21,2026-05-22 18:50:56.206999+00
7143,1.24,2026-05-22 18:51:12.783737+00
7144,1.83,2026-05-22 18:51:37.799485+00
7145,5.08,2026-05-22 18:52:11.315202+00
7146,6.04,2026-05-22 18:52:44.745673+00
7147,1.14,2026-05-22 18:53:02.406023+00
7148,1.12,2026-05-22 18:53:12.795168+00
7149,9.42,2026-05-22 18:53:56.952728+00
7150,9.92,2026-05-22 18:54:30.364956+00
7151,1.43,2026-05-22 18:55:19.947422+00
7152,20.82,2026-05-22 18:56:17.775587+00
7153,1.52,2026-05-22 18:56:34.610368+00
7154,4.13,2026-05-22 18:56:59.401622+00
7155,2.58,2026-05-22 18:57:24.334064+00
7156,2.17,2026-05-22 18:57:59.530257+00
7157,1.12,2026-05-22 18:58:07.829062+00
7158,1.74,2026-05-22 18:58:24.489122+00
7159,8.98,2026-05-22 18:59:05.999248+00
7160,1.74,2026-05-22 18:59:22.586034+00
7161,4.12,2026-05-22 18:59:55.981242+00
7162,1.69,2026-05-22 19:00:12.475735+00
7163,2.38,2026-05-22 19:00:37.369163+00
7164,1.07,2026-05-22 19:00:54.194942+00
7165,2.54,2026-05-22 19:01:19.221368+00
7166,2.03,2026-05-22 19:01:36.158073+00
7167,1.46,2026-05-22 19:02:01.31099+00
7168,8.32,2026-05-22 19:02:34.43474+00
7169,27.5,2026-05-22 19:03:32.488058+00
7170,2.11,2026-05-22 19:03:57.493919+00
7171,1.21,2026-05-22 19:04:14.118095+00
7172,4.67,2026-05-22 19:04:38.880629+00
7173,2.25,2026-05-22 19:05:03.843205+00
7174,2.1,2026-05-22 19:05:28.536572+00
7175,1.21,2026-05-22 19:05:45.1682+00
7176,1.15,2026-05-22 19:06:01.819731+00
7177,1.75,2026-05-22 19:06:18.604735+00
7178,3.67,2026-05-22 19:06:51.886696+00
7179,2.28,2026-05-22 19:07:16.902425+00
7180,1.71,2026-05-22 19:07:33.616811+00
7181,6.99,2026-05-22 19:08:48.061415+00
7182,9.92,2026-05-22 19:09:21.292884+00
7183,2.88,2026-05-22 19:09:46.234014+00
7184,1.12,2026-05-22 19:10:02.762917+00
7185,3.48,2026-05-22 19:10:27.567599+00
7186,1.05,2026-05-22 19:10:44.20715+00
7187,1.1,2026-05-22 19:11:00.775681+00
7188,1.36,2026-05-22 19:11:17.358721+00
7189,1.04,2026-05-22 19:11:25.842046+00
7190,1.28,2026-05-22 19:11:42.418043+00
7191,1.09,2026-05-22 19:11:58.978404+00
7192,1.23,2026-05-22 19:12:15.675225+00
7193,1.63,2026-05-22 19:12:32.185095+00
7194,3.92,2026-05-22 19:13:05.293343+00
7195,2.32,2026-05-22 19:13:30.350308+00
7196,2.5,2026-05-22 19:13:55.212324+00
7197,10.9,2026-05-22 19:14:36.675402+00
7198,1.28,2026-05-22 19:14:53.373329+00
7199,3.22,2026-05-22 19:15:18.327483+00
7200,11.3,2026-05-22 19:15:59.535032+00
7201,1.87,2026-05-22 19:16:24.609045+00
7202,2.8,2026-05-22 19:16:49.67701+00
7203,9.99,2026-05-22 19:17:31.31202+00
7204,1.14,2026-05-22 19:17:48.203655+00
7205,2.13,2026-05-22 19:18:04.794405+00
7206,1.16,2026-05-22 19:18:21.45305+00
7207,2.17,2026-05-22 19:18:46.412655+00
7208,1.01,2026-05-22 19:18:54.768918+00
7209,2.23,2026-05-22 19:19:19.482881+00
7210,1.54,2026-05-22 19:19:44.482786+00
7211,1.04,2026-05-22 19:19:52.743458+00
7212,2.21,2026-05-22 19:20:17.766579+00
7213,1.15,2026-05-22 19:20:34.432645+00
7214,1.46,2026-05-22 19:20:51.076168+00
7215,1.59,2026-05-22 19:21:07.735059+00
7216,4.17,2026-05-22 19:21:41.086005+00
7217,1.57,2026-05-22 19:21:57.836217+00
7218,2.14,2026-05-22 19:22:22.905627+00
7219,10.34,2026-05-22 19:23:04.397997+00
7220,1.04,2026-05-22 19:23:12.810901+00
7221,1.83,2026-05-22 19:23:37.779934+00
7222,7.01,2026-05-22 19:24:19.143179+00
7223,1.36,2026-05-22 19:24:35.805491+00
7224,1.43,2026-05-22 19:24:52.750607+00
7225,1.35,2026-05-22 19:25:09.527242+00
7226,1.37,2026-05-22 19:25:26.155385+00
7227,39.9,2026-05-22 19:26:24.027042+00
7228,2.89,2026-05-22 19:26:52.52861+00
7229,1.89,2026-05-22 19:27:11.219059+00
7230,2.08,2026-05-22 19:27:28.740717+00
7231,1.07,2026-05-22 19:27:45.691809+00
7232,4,2026-05-22 19:28:18.943301+00
7233,3.88,2026-05-22 19:28:43.826905+00
7234,10.73,2026-05-22 19:29:33.462017+00
7235,8.11,2026-05-22 19:30:06.535731+00
7236,3.7,2026-05-22 19:30:39.857914+00
7237,2.59,2026-05-22 19:31:04.965161+00
7238,1.04,2026-05-22 19:31:13.292886+00
7239,5.8,2026-05-22 19:31:55.079411+00
7240,46.37,2026-05-22 19:32:51.72579+00
7241,2.46,2026-05-22 19:33:16.71734+00
7242,1.55,2026-05-22 19:33:33.500373+00
7243,3.91,2026-05-22 19:34:07.069078+00
7244,4.01,2026-05-22 19:34:40.678255+00
7245,2.5,2026-05-22 19:34:58.522215+00
7246,1.23,2026-05-22 19:35:18.490542+00
7247,1.82,2026-05-22 19:35:36.102167+00
7248,1.66,2026-05-22 19:35:52.938993+00
7249,2.04,2026-05-22 19:36:18.012972+00
7250,1.56,2026-05-22 19:36:34.741018+00
7251,2.73,2026-05-22 19:36:59.742328+00
7252,1.5,2026-05-22 19:37:28.229928+00
7253,2.4,2026-05-22 19:37:46.37558+00
7254,26.53,2026-05-22 19:38:36.986193+00
7256,284.46,2026-05-22 19:40:07.39587+00
7257,2.24,2026-05-22 19:40:23.938882+00
7258,2.23,2026-05-22 19:40:49.202501+00
7259,1.81,2026-05-22 19:41:14.190782+00
7260,1.54,2026-05-22 19:41:30.998059+00
7261,14.6,2026-05-22 19:42:12.168352+00
7262,16.67,2026-05-22 19:43:01.764054+00
7263,2.1,2026-05-22 19:43:26.83705+00
7264,11.12,2026-05-22 19:44:16.520581+00
7265,1.31,2026-05-22 19:44:33.132503+00
7266,1.41,2026-05-22 19:44:49.934879+00
7267,2.25,2026-05-22 19:45:06.353397+00
7268,135,2026-05-22 19:46:28.293805+00
7269,3.96,2026-05-22 19:46:53.053988+00
7270,2.04,2026-05-22 19:47:18.298507+00
7271,1.01,2026-05-22 19:47:26.562371+00
7272,1.81,2026-05-22 19:47:51.50313+00
7273,1.02,2026-05-22 19:48:08.036892+00
7274,1.78,2026-05-22 19:48:24.776327+00
7275,2.27,2026-05-22 19:48:50.102706+00
7276,2.32,2026-05-22 19:49:14.891474+00
7277,9.39,2026-05-22 19:49:48.136972+00
7278,106.86,2026-05-22 19:50:53.644015+00
7279,15.11,2026-05-22 19:51:43.670434+00
7280,1.51,2026-05-22 19:52:00.288376+00
7281,6.85,2026-05-22 19:52:41.836342+00
7282,2.03,2026-05-22 19:52:58.328938+00
7283,1.6,2026-05-22 19:53:23.107997+00
7284,1.07,2026-05-22 19:53:31.410077+00
7285,3.09,2026-05-22 19:54:04.811335+00
7286,12.12,2026-05-22 19:54:46.215474+00
7287,1.14,2026-05-22 19:55:02.842577+00
7288,1.88,2026-05-22 19:55:52.626277+00
7289,1.08,2026-05-22 19:56:09.234695+00
7290,1.75,2026-05-22 19:56:25.743343+00
7291,1.8,2026-05-22 19:56:50.726408+00
7292,1.03,2026-05-22 19:57:07.428677+00
7293,1.3,2026-05-22 19:57:15.666537+00
7294,3.78,2026-05-22 19:57:49.240623+00
7295,1.2,2026-05-22 19:58:05.81945+00
7296,2.61,2026-05-22 19:58:30.706609+00
7297,1.75,2026-05-22 19:58:47.278804+00
7298,1.57,2026-05-22 19:59:12.485984+00
7299,2.45,2026-05-22 19:59:28.999018+00
7300,2.51,2026-05-22 19:59:53.859484+00
7301,7.24,2026-05-22 20:00:35.21507+00
7302,1.13,2026-05-22 20:00:51.832062+00
7303,1.1,2026-05-22 20:01:00.13041+00
7304,1.13,2026-05-22 20:01:16.589931+00
7305,9.9,2026-05-22 20:01:57.713569+00
7306,13.44,2026-05-22 20:02:39.038808+00
7307,18.83,2026-05-22 20:03:28.332135+00
7308,2.27,2026-05-22 20:03:53.174197+00
7309,22.46,2026-05-22 20:04:42.729955+00
7310,6.74,2026-05-22 20:05:24.078094+00
7311,1.3,2026-05-22 20:05:40.805218+00
7312,1.02,2026-05-22 20:05:49.034475+00
7313,2.33,2026-05-22 20:06:13.771049+00
7314,1.63,2026-05-22 20:06:38.651614+00
7315,1.93,2026-05-22 20:06:55.404729+00
7316,6.19,2026-05-22 20:07:28.364546+00
7317,1.78,2026-05-22 20:07:53.224341+00
7318,2.37,2026-05-22 20:08:18.219465+00
7319,10.38,2026-05-22 20:08:59.49588+00
7320,1.36,2026-05-22 20:09:16.198067+00
7321,1.73,2026-05-22 20:09:32.907449+00
7322,60.75,2026-05-22 20:10:39.068022+00
7323,1.3,2026-05-22 20:10:55.754863+00
7324,5.69,2026-05-22 20:11:28.655387+00
7325,2.26,2026-05-22 20:11:53.494625+00
7326,13.43,2026-05-22 20:12:42.952438+00
7327,1.03,2026-05-22 20:12:51.331689+00
7328,1.53,2026-05-22 20:13:07.856983+00
7329,3.22,2026-05-22 20:13:41.255016+00
7330,1.84,2026-05-22 20:13:57.76803+00
7331,6.2,2026-05-22 20:14:39.314224+00
7332,19.37,2026-05-22 20:15:29.074884+00
7333,19.34,2026-05-22 20:16:18.596029+00
7334,1.89,2026-05-22 20:16:35.14587+00
7335,1.1,2026-05-22 20:16:51.842736+00
7336,2.27,2026-05-22 20:17:16.913678+00
7337,9.08,2026-05-22 20:17:50.084576+00
7338,1.08,2026-05-22 20:18:06.617816+00
7339,1.18,2026-05-22 20:18:23.294013+00
7340,1.25,2026-05-22 20:18:31.562395+00
7341,1.89,2026-05-22 20:18:56.570231+00
7342,92.96,2026-05-22 20:20:02.020327+00
7343,3.1,2026-05-22 20:20:35.645745+00
7344,1.16,2026-05-22 20:20:44.012744+00
7345,1.04,2026-05-22 20:21:00.640327+00
7346,1.16,2026-05-22 20:21:17.257049+00
7347,4.61,2026-05-22 20:21:50.555356+00
7348,7.56,2026-05-22 20:22:23.629054+00
7349,13.22,2026-05-22 20:23:13.294082+00
7350,4.19,2026-05-22 20:23:46.638734+00
7351,1.14,2026-05-22 20:23:54.851998+00
7352,2.49,2026-05-22 20:24:19.820648+00
7353,1.02,2026-05-22 20:24:36.240272+00
7354,9.04,2026-05-22 20:25:09.568108+00
7355,9.11,2026-05-22 20:25:42.915879+00
7356,1.24,2026-05-22 20:25:59.537014+00
7357,1.65,2026-05-22 20:26:16.064018+00
7358,1.62,2026-05-22 20:26:41.046574+00
7359,2.8,2026-05-22 20:27:05.960883+00
7360,3.59,2026-05-22 20:27:30.788398+00
7361,4.53,2026-05-22 20:28:03.91592+00
7362,1.01,2026-05-22 20:28:20.526786+00
7363,1.78,2026-05-22 20:28:37.129127+00
7364,2.41,2026-05-22 20:29:26.777287+00
7365,1.99,2026-05-22 20:29:26.777287+00
7366,9.21,2026-05-22 20:30:08.128651+00
7367,1.67,2026-05-22 20:30:24.847964+00
7368,2.11,2026-05-22 20:30:49.746539+00
7369,7.19,2026-05-22 20:31:55.766569+00
7370,1.64,2026-05-22 20:32:20.709638+00
7371,4.18,2026-05-22 20:32:45.588622+00
7372,24.5,2026-05-22 20:33:43.290519+00
7373,2.84,2026-05-22 20:34:08.117252+00
7374,6.6,2026-05-22 20:34:49.452659+00
7375,8.77,2026-05-22 20:35:22.504154+00
7376,1.51,2026-05-22 20:35:47.676752+00
7377,1.15,2026-05-22 20:35:55.900752+00
7378,1.28,2026-05-22 20:36:12.272269+00
7379,3.4,2026-05-22 20:36:45.952662+00
7380,191,2026-05-22 20:37:59.538596+00
7381,1.32,2026-05-22 20:38:16.13483+00
7382,13.62,2026-05-22 20:39:06.02787+00
7383,4.32,2026-05-22 20:39:39.453015+00
7384,1.17,2026-05-22 20:39:47.756251+00
7385,1.15,2026-05-22 20:40:04.335783+00
7386,5.2,2026-05-22 20:40:37.378824+00
7387,1.19,2026-05-22 20:40:54.097581+00
7388,1.03,2026-05-22 20:41:10.87805+00
7389,1.32,2026-05-22 20:41:27.345957+00
7390,1.82,2026-05-22 20:41:44.398198+00
7391,3.16,2026-05-22 20:42:09.239483+00
7392,9.07,2026-05-22 20:42:42.44144+00
7393,1.09,2026-05-22 20:42:59.106613+00
7394,1.39,2026-05-22 20:43:15.530445+00
7395,3.29,2026-05-22 20:43:48.889915+00
7396,2.24,2026-05-22 20:44:05.606836+00
7397,6.42,2026-05-22 20:45:20.383212+00
7398,18.9,2026-05-22 20:46:09.889719+00
7399,8.09,2026-05-22 20:46:51.369746+00
7400,1.79,2026-05-22 20:47:08.181156+00
7401,1.57,2026-05-22 20:47:33.075792+00
7402,1.41,2026-05-22 20:47:49.713886+00
7403,4.18,2026-05-22 20:48:14.397735+00
7404,19.71,2026-05-22 20:49:03.988936+00
7405,1.05,2026-05-22 20:49:20.722581+00
7406,1.37,2026-05-22 20:49:37.291915+00
7407,3.45,2026-05-22 20:50:10.569509+00
7408,2.1,2026-05-22 20:50:27.024737+00
7409,1.49,2026-05-22 20:50:43.648888+00
7410,1.01,2026-05-22 20:51:00.282977+00
7411,3.18,2026-05-22 20:51:25.116313+00
7412,1.7,2026-05-22 20:51:50.267939+00
7413,1.03,2026-05-22 20:51:58.506978+00
7414,2.29,2026-05-22 20:52:23.276871+00
7415,4.91,2026-05-22 20:52:56.32753+00
7416,1.45,2026-05-22 20:53:12.83858+00
7417,9.4,2026-05-22 20:53:54.394886+00
7418,1.34,2026-05-22 20:54:11.026071+00
7419,2.89,2026-05-22 20:54:36.008834+00
7420,2.06,2026-05-22 20:54:52.508886+00
7421,6.92,2026-05-22 20:55:33.944029+00
7422,3.43,2026-05-22 20:55:58.895949+00
7423,2.91,2026-05-22 20:56:23.726488+00
7424,1.24,2026-05-22 20:56:40.470037+00
7425,2.76,2026-05-22 20:57:05.308013+00
7426,1.67,2026-05-22 20:57:30.466681+00
7427,2.09,2026-05-22 20:57:47.138418+00
7428,1.84,2026-05-22 20:58:12.090943+00
7429,1.88,2026-05-22 20:58:28.750389+00
7430,56.12,2026-05-22 20:59:35.045316+00
7431,3.34,2026-05-22 21:00:00.060165+00
7432,3.7,2026-05-22 21:00:33.426094+00
7433,1.17,2026-05-22 21:00:50.158297+00
7434,27.16,2026-05-22 21:01:39.462203+00
7435,4.26,2026-05-22 21:02:12.588305+00
7436,1.98,2026-05-22 21:02:37.764382+00
7437,11.35,2026-05-22 21:03:19.739491+00
7438,1.86,2026-05-22 21:03:36.444864+00
7439,1.56,2026-05-22 21:04:01.330917+00
7440,2.51,2026-05-22 21:04:26.367707+00
7441,2.76,2026-05-22 21:04:51.487576+00
7442,67.7,2026-05-22 21:06:30.142962+00
7443,3.47,2026-05-22 21:07:03.614354+00
7444,2.26,2026-05-22 21:07:28.660422+00
7445,1.93,2026-05-22 21:07:45.322743+00
7446,3.67,2026-05-22 21:08:18.670981+00
7447,1.76,2026-05-22 21:08:35.342302+00
7448,4.39,2026-05-22 21:09:09.539207+00
7449,1.95,2026-05-22 21:09:26.241932+00
7450,1.27,2026-05-22 21:09:42.802449+00
7451,22.95,2026-05-22 21:10:40.769731+00
7452,99.49,2026-05-22 21:12:20.293885+00
7453,81.54,2026-05-22 21:13:35.056647+00
7454,2.12,2026-05-22 21:13:51.633+00
7455,12.75,2026-05-22 21:14:41.664094+00
7456,1.34,2026-05-22 21:14:58.275023+00
7457,1.88,2026-05-22 21:15:15.083572+00
7458,2.18,2026-05-22 21:15:39.983373+00
7459,1.33,2026-05-22 21:15:56.50101+00
7460,1.07,2026-05-22 21:16:13.016+00
7461,10.85,2026-05-22 21:16:54.492781+00
7462,1.39,2026-05-22 21:17:11.131394+00
7463,1.07,2026-05-22 21:17:27.802439+00
7464,1.46,2026-05-22 21:17:44.544871+00
7465,1.21,2026-05-22 21:18:01.176933+00
7466,1.14,2026-05-22 21:18:17.949917+00
7467,6.31,2026-05-22 21:18:51.237982+00
7468,3.6,2026-05-22 21:19:16.171788+00
7469,23.2,2026-05-22 21:20:14.104246+00
7470,1.47,2026-05-22 21:20:30.820234+00
7471,2.17,2026-05-22 21:20:55.82019+00
7472,1.9,2026-05-22 21:21:20.985728+00
7473,1.8,2026-05-22 21:21:37.658176+00
7474,198.45,2026-05-22 21:23:00.021054+00
7475,128.08,2026-05-22 21:24:14.546922+00
7476,6,2026-05-22 21:24:48.153795+00
7477,4.26,2026-05-22 21:25:21.598995+00
7478,1.45,2026-05-22 21:25:38.342605+00
7479,1.01,2026-05-22 21:25:46.626996+00
7480,8.09,2026-05-22 21:26:28.23481+00
7481,23.35,2026-05-22 21:27:17.729416+00
7482,3.64,2026-05-22 21:27:51.12907+00
7483,1.02,2026-05-22 21:27:59.384135+00
7484,2.26,2026-05-22 21:28:24.248051+00
7485,1.04,2026-05-22 21:28:40.918441+00
7486,1.27,2026-05-22 21:28:57.430366+00
7487,1.13,2026-05-22 21:29:13.991728+00
7488,1.15,2026-05-22 21:29:22.506532+00
7489,17.69,2026-05-22 21:30:11.454138+00
7490,1.42,2026-05-22 21:30:27.98964+00
7491,2.55,2026-05-22 21:30:53.048498+00
7492,1.08,2026-05-22 21:31:09.676956+00
7493,1.06,2026-05-22 21:31:26.34816+00
7494,1.55,2026-05-22 21:31:43.024746+00
7495,1.66,2026-05-22 21:31:59.690896+00
7496,3.95,2026-05-22 21:32:35.861808+00
7497,9.99,2026-05-22 21:33:11.711383+00
7498,1.27,2026-05-22 21:33:20.145163+00
7499,1.27,2026-05-22 21:33:48.667863+00
7500,148,2026-05-22 21:33:57.926345+00
7501,1.26,2026-05-22 21:34:14.471474+00
7502,2.18,2026-05-22 21:34:48.512652+00
7503,1.44,2026-05-22 21:35:05.070673+00
7504,1.58,2026-05-22 21:35:21.943024+00
7505,1.31,2026-05-22 21:35:38.658204+00
7506,13.01,2026-05-22 21:36:19.812943+00
7507,2.48,2026-05-22 21:36:45.27611+00
7508,1.06,2026-05-22 21:37:14.001004+00
7509,2.88,2026-05-22 21:37:23.257739+00
7510,1.26,2026-05-22 21:37:39.937085+00
7511,1.52,2026-05-22 21:37:56.534467+00
7512,3.1,2026-05-22 21:38:29.833017+00
7513,2.06,2026-05-22 21:38:46.383989+00
7514,3.68,2026-05-22 21:39:19.605629+00
7515,3.18,2026-05-22 21:39:44.37213+00
7516,2.15,2026-05-22 21:40:09.599076+00
7517,1.26,2026-05-22 21:40:26.095698+00
7518,1.17,2026-05-22 21:40:42.914001+00
7519,1.02,2026-05-22 21:40:51.20399+00
7520,24.56,2026-05-22 21:41:48.804125+00
7521,2.01,2026-05-22 21:42:05.300709+00
7522,7.23,2026-05-22 21:42:46.876127+00
7523,7.96,2026-05-22 21:43:28.737244+00
7524,2.18,2026-05-22 21:43:53.786676+00
7525,1.9,2026-05-22 21:44:10.312978+00
7526,1.01,2026-05-22 21:44:27.014677+00
7527,1.54,2026-05-22 21:44:43.720074+00
7528,1.82,2026-05-22 21:45:08.684043+00
7529,3.01,2026-05-22 21:45:33.775127+00
7530,1.16,2026-05-22 21:45:50.366009+00
7531,37,2026-05-22 21:46:48.232789+00
7532,2.07,2026-05-22 21:47:04.713506+00
7533,16.09,2026-05-22 21:47:54.649938+00
7534,1.47,2026-05-22 21:48:11.32796+00
7535,3.6,2026-05-22 21:48:44.918455+00
7536,3.83,2026-05-22 21:49:09.694821+00
7537,1.32,2026-05-22 21:49:26.30354+00
7538,1.45,2026-05-22 21:49:42.941402+00
7539,1.99,2026-05-22 21:50:08.057682+00
7540,3.01,2026-05-22 21:50:33.623101+00
7541,2.31,2026-05-22 21:50:58.799616+00
7542,1.29,2026-05-22 21:51:15.808695+00
7543,2.25,2026-05-22 21:51:40.863064+00
7544,3.79,2026-05-22 21:52:05.717981+00
7545,2.12,2026-05-22 21:52:30.801217+00
7546,7.78,2026-05-22 21:53:08.875579+00
7547,1.63,2026-05-22 21:53:26.742632+00
7548,2.25,2026-05-22 21:53:52.435692+00
7549,3.08,2026-05-22 21:54:18.629077+00
7550,1.9,2026-05-22 21:54:43.527685+00
7551,1.27,2026-05-22 21:54:51.84541+00
7552,106.61,2026-05-22 21:56:05.810006+00
7553,1.45,2026-05-22 21:56:22.410925+00
7554,1.01,2026-05-22 21:56:39.165021+00
7555,2.02,2026-05-22 21:56:55.809965+00
7556,1.68,2026-05-22 21:57:20.705281+00
7557,1.25,2026-05-22 21:57:37.392923+00
7558,2.67,2026-05-22 21:58:02.406037+00
7559,1.61,2026-05-22 21:58:20.139952+00
7560,1.94,2026-05-22 21:58:40.557235+00
7561,1.98,2026-05-22 21:59:07.144016+00
7562,2.22,2026-05-22 21:59:23.874202+00
7563,3.41,2026-05-22 21:59:49.938375+00
7564,2.69,2026-05-22 22:00:23.294745+00
7565,1.33,2026-05-22 22:00:40.160619+00
7566,17.7,2026-05-22 22:01:30.567759+00
7567,2,2026-05-22 22:01:48.651052+00
7568,6.43,2026-05-22 22:02:21.770522+00
7569,2.88,2026-05-22 22:02:46.519719+00
7570,2.69,2026-05-22 22:03:11.421445+00
7571,1.03,2026-05-22 22:03:28.044492+00
7572,1.21,2026-05-22 22:03:44.744356+00
7573,2.08,2026-05-22 22:04:09.705656+00
7574,2.3,2026-05-22 22:04:26.115391+00
7575,2.16,2026-05-22 22:04:51.00111+00
7576,1.05,2026-05-22 22:05:08.020067+00
7577,12.68,2026-05-22 22:05:49.601923+00
7578,9.94,2026-05-22 22:07:04.330096+00
7579,1.42,2026-05-22 22:07:20.919083+00
7580,2.34,2026-05-22 22:07:37.703445+00
7581,1.03,2026-05-22 22:07:54.350719+00
7582,2.24,2026-05-22 22:08:19.286401+00
7583,1.61,2026-05-22 22:08:35.965007+00
7584,3.91,2026-05-22 22:09:09.17261+00
7585,1.16,2026-05-22 22:09:25.859852+00
7586,1.01,2026-05-22 22:09:34.20904+00
7587,1.29,2026-05-22 22:09:50.905785+00
7588,1.61,2026-05-22 22:10:07.435001+00
7589,1.07,2026-05-22 22:10:23.989902+00
7590,7.23,2026-05-22 22:11:05.459006+00
7591,1.02,2026-05-22 22:11:13.812388+00
7592,1.4,2026-05-22 22:11:30.31319+00
7593,7.81,2026-05-22 22:12:12.253272+00
7594,3.77,2026-05-22 22:12:37.14601+00
7595,1.31,2026-05-22 22:12:53.647874+00
7596,1.63,2026-05-22 22:13:18.51231+00
7597,2.07,2026-05-22 22:13:35.011202+00
7598,1.07,2026-05-22 22:13:51.73595+00
7599,1.11,2026-05-22 22:14:08.340233+00
7600,2.37,2026-05-22 22:14:33.140954+00
7601,1.82,2026-05-22 22:14:49.855709+00
7602,3.05,2026-05-22 22:15:14.53125+00
7603,1.8,2026-05-22 22:15:39.586991+00
7604,1.16,2026-05-22 22:15:56.255094+00
7605,12.53,2026-05-22 22:16:37.389145+00
7606,29.65,2026-05-22 22:17:35.273027+00
7607,1.47,2026-05-22 22:17:52.003684+00
7608,1.18,2026-05-22 22:18:08.584149+00
7609,10.78,2026-05-22 22:18:50.159479+00
7610,1.99,2026-05-22 22:19:15.008111+00
7611,1.05,2026-05-22 22:19:23.2859+00
7612,3.24,2026-05-22 22:19:56.545017+00
7613,1.32,2026-05-22 22:20:13.128318+00
7614,1.11,2026-05-22 22:20:21.310031+00
7615,1.8,2026-05-22 22:20:46.432328+00
7616,13.53,2026-05-22 22:21:27.412844+00
7617,1.52,2026-05-22 22:21:52.376997+00
7618,3.01,2026-05-22 22:22:17.49175+00
7619,1.01,2026-05-22 22:22:26.001371+00
7620,1.71,2026-05-22 22:22:50.906704+00
7621,2.07,2026-05-22 22:23:07.454891+00
7622,20.42,2026-05-22 22:24:05.067408+00
7623,4.31,2026-05-22 22:24:29.830458+00
7624,1.19,2026-05-22 22:24:46.632223+00
7625,1.49,2026-05-22 22:25:03.219431+00
7626,2.55,2026-05-22 22:25:28.107183+00
7627,2.5,2026-05-22 22:25:53.027204+00
7628,2.16,2026-05-22 22:26:18.064053+00
7629,1.15,2026-05-22 22:26:34.727469+00
7630,1.23,2026-05-22 22:26:51.443138+00
7631,1.3,2026-05-22 22:27:08.172318+00
7632,1.65,2026-05-22 22:27:24.9449+00
7633,3.06,2026-05-22 22:27:49.872647+00
7634,13.4,2026-05-22 22:28:39.51039+00
7635,1.03,2026-05-22 22:28:47.740238+00
7636,12.54,2026-05-22 22:29:37.45418+00
7637,1.02,2026-05-22 22:29:45.746893+00
7638,1.56,2026-05-22 22:30:10.861663+00
7639,174.09,2026-05-22 22:31:24.503732+00
7640,1.9,2026-05-22 22:31:49.599073+00
7641,1.22,2026-05-22 22:32:06.211377+00
7642,1.23,2026-05-22 22:32:14.400042+00
7643,2.06,2026-05-22 22:32:39.44401+00
7644,1.08,2026-05-22 22:32:56.265609+00
7645,1.77,2026-05-22 22:33:12.877439+00
7646,1.15,2026-05-22 22:33:29.588962+00
7647,13.2,2026-05-22 22:34:10.765306+00
7648,7.59,2026-05-22 22:34:52.42186+00
7649,4.39,2026-05-22 22:35:25.653024+00
7650,2.94,2026-05-22 22:35:50.696652+00
7651,1.07,2026-05-22 22:36:07.358997+00
7652,1.27,2026-05-22 22:36:23.8378+00
7653,1.45,2026-05-22 22:36:40.728103+00
7654,3.45,2026-05-22 22:37:05.448044+00
7655,3.87,2026-05-22 22:37:38.70972+00
7656,1.29,2026-05-22 22:37:55.371809+00
7657,1.06,2026-05-22 22:38:04.024984+00
7658,1.23,2026-05-22 22:38:20.799903+00
7659,1.02,2026-05-22 22:38:37.407133+00
7660,2.38,2026-05-22 22:39:02.314831+00
7661,1.21,2026-05-22 22:39:19.052316+00
7662,15.12,2026-05-22 22:40:00.193445+00
7663,1.56,2026-05-22 22:40:25.08772+00
7664,11.04,2026-05-22 22:41:06.492145+00
7665,2.95,2026-05-22 22:41:31.504726+00
7666,1.27,2026-05-22 22:41:48.259937+00
7667,1.04,2026-05-22 22:41:56.560026+00
7668,2.7,2026-05-22 22:42:29.654056+00
7669,2.43,2026-05-22 22:42:46.16702+00
7670,1.04,2026-05-22 22:43:02.67602+00
7671,9.04,2026-05-22 22:43:44.531947+00
7672,1.81,2026-05-22 22:44:01.098024+00
7673,2.61,2026-05-22 22:44:25.914865+00
7674,2.33,2026-05-22 22:44:50.617743+00
7675,1.31,2026-05-22 22:45:07.173152+00
7676,7.1,2026-05-22 22:45:48.786973+00
7677,2.3,2026-05-22 22:46:13.698038+00
7678,1.87,2026-05-22 22:46:30.170571+00
7679,4.28,2026-05-22 22:47:03.351889+00
7680,9.46,2026-05-22 22:47:36.22505+00
7681,1.89,2026-05-22 22:48:01.458132+00
7682,2.22,2026-05-22 22:48:18.060225+00
7683,18.06,2026-05-22 22:49:07.738681+00
7684,3.09,2026-05-22 22:49:41.042298+00
7685,4.66,2026-05-22 22:50:14.543188+00
7686,1.21,2026-05-22 22:50:22.856617+00
7687,2,2026-05-22 22:50:47.880494+00
7688,2.11,2026-05-22 22:51:12.714678+00
7689,1.62,2026-05-22 22:51:29.233144+00
7690,4.51,2026-05-22 22:52:02.545671+00
7691,1.73,2026-05-22 22:52:19.19801+00
7692,1.05,2026-05-22 22:52:35.821688+00
7693,1.84,2026-05-22 22:52:52.363728+00
7694,1.12,2026-05-22 22:53:08.960929+00
7695,1.15,2026-05-22 22:53:25.583488+00
7696,1.03,2026-05-22 22:53:42.268714+00
7697,2.44,2026-05-22 22:53:58.907901+00
7698,1.67,2026-05-22 22:54:23.902289+00
7699,1.21,2026-05-22 22:54:56.984059+00
7700,1.07,2026-05-22 22:55:13.639173+00
7701,1.4,2026-05-22 22:55:30.237807+00
7702,17.23,2026-05-22 22:56:19.997571+00
7703,1.03,2026-05-22 22:56:36.602092+00
7704,1.07,2026-05-22 22:56:44.768249+00
7705,7.19,2026-05-22 22:57:26.12918+00
7706,4.91,2026-05-22 22:57:59.315066+00
7707,2.63,2026-05-22 22:58:24.231427+00
7708,11.76,2026-05-22 22:59:05.587019+00
7709,4.88,2026-05-22 23:00:20.512283+00
7710,4.29,2026-05-22 23:00:45.314751+00
7711,1.12,2026-05-22 23:01:01.952461+00
7712,2,2026-05-22 23:01:26.841256+00
7713,2.57,2026-05-22 23:01:51.676991+00
7714,1.15,2026-05-22 23:02:08.291783+00
7715,1.64,2026-05-22 23:02:24.886247+00
7716,1.81,2026-05-22 23:02:49.793201+00
7717,1.63,2026-05-22 23:03:06.414896+00
7718,1.5,2026-05-22 23:03:22.879661+00
7719,2.9,2026-05-22 23:03:56.186076+00
7720,1.33,2026-05-22 23:04:12.699127+00
7721,4.53,2026-05-22 23:04:37.577055+00
7722,1.65,2026-05-22 23:05:02.722224+00
7723,1.08,2026-05-22 23:05:11.108591+00
7724,2.03,2026-05-22 23:05:36.03317+00
7725,1.09,2026-05-22 23:05:52.572561+00
7726,4.17,2026-05-22 23:06:25.655131+00
7727,1.61,2026-05-22 23:06:42.270917+00
7728,1.91,2026-05-22 23:06:58.754384+00
7729,1.1,2026-05-22 23:07:15.302013+00
7730,1.58,2026-05-22 23:07:31.90028+00
7731,1.28,2026-05-22 23:07:48.602896+00
7732,1.81,2026-05-22 23:08:13.550128+00
7733,1.59,2026-05-22 23:08:30.181284+00
7734,1.07,2026-05-22 23:08:46.862303+00
7735,3.3,2026-05-22 23:09:11.821947+00
7736,1.74,2026-05-22 23:09:28.29739+00
7737,3.36,2026-05-22 23:10:01.670125+00
7738,8,2026-05-22 23:10:42.895036+00
7739,2.02,2026-05-22 23:10:59.501381+00
7740,1.44,2026-05-22 23:11:15.969972+00
7741,1.26,2026-05-22 23:11:32.452421+00
7742,1.06,2026-05-22 23:11:49.134207+00
7743,7.82,2026-05-22 23:12:30.487562+00
7744,16.48,2026-05-22 23:13:11.595019+00
7745,1.63,2026-05-22 23:13:36.366115+00
7746,88.25,2026-05-22 23:14:42.032465+00
7747,14.7,2026-05-22 23:15:32.150306+00
7748,1.5,2026-05-22 23:15:48.958684+00
7749,1.11,2026-05-22 23:16:05.567466+00
7750,1.75,2026-05-22 23:16:22.032734+00
7751,124.44,2026-05-22 23:17:35.523671+00
7752,3.47,2026-05-22 23:18:08.840742+00
7753,1.35,2026-05-22 23:18:25.579522+00
7754,6.74,2026-05-22 23:18:58.778501+00
7755,1.6,2026-05-22 23:19:15.355928+00
7756,21.85,2026-05-22 23:20:13.113192+00
7757,1.14,2026-05-22 23:20:21.479252+00
7758,1.01,2026-05-22 23:20:38.253492+00
7759,3.14,2026-05-22 23:21:03.116506+00
7760,1.7,2026-05-22 23:21:27.956669+00
7761,1.31,2026-05-22 23:21:44.653658+00
7762,1.41,2026-05-22 23:22:01.347995+00
7763,1.56,2026-05-22 23:22:17.923051+00
7764,1.26,2026-05-22 23:22:34.676598+00
7765,88.7,2026-05-22 23:23:40.344571+00
7766,1.11,2026-05-22 23:23:57.038598+00
7767,3.1,2026-05-22 23:24:21.752456+00
7768,2.1,2026-05-22 23:24:46.833229+00
7769,1.73,2026-05-22 23:25:03.469236+00
7770,1.95,2026-05-22 23:25:28.4384+00
7771,2.65,2026-05-22 23:25:53.723101+00
7772,12.75,2026-05-22 23:26:35.081526+00
7773,2.1,2026-05-22 23:26:59.993424+00
7774,313.09,2026-05-22 23:28:30.15751+00
7775,9.4,2026-05-22 23:29:03.53933+00
7776,1.38,2026-05-22 23:29:20.213918+00
7777,14.57,2026-05-22 23:30:01.642889+00
7778,9.67,2026-05-22 23:30:43.076694+00
7779,1.07,2026-05-22 23:30:51.416409+00
7780,1.57,2026-05-22 23:31:16.479026+00
7781,2.94,2026-05-22 23:31:41.468794+00
7782,6.84,2026-05-22 23:32:14.402931+00
7783,1.12,2026-05-22 23:32:31.109922+00
7784,1.58,2026-05-22 23:32:47.64503+00
7785,1.26,2026-05-22 23:33:04.079632+00
7786,1.02,2026-05-22 23:33:20.850027+00
7787,4.62,2026-05-22 23:33:54.059612+00
7788,4.04,2026-05-22 23:34:18.988745+00
7789,1.05,2026-05-22 23:34:35.553053+00
7790,2.86,2026-05-22 23:35:00.660198+00
7791,1.57,2026-05-22 23:35:17.139611+00
7792,1.01,2026-05-22 23:35:33.766946+00
7793,1.62,2026-05-22 23:35:50.515261+00
7794,1.36,2026-05-22 23:36:06.871892+00
7795,57.82,2026-05-22 23:37:12.898784+00
7796,49.93,2026-05-22 23:38:18.963686+00
7797,1.41,2026-05-22 23:38:35.715032+00
7798,1.52,2026-05-22 23:38:52.398998+00
7799,1.87,2026-05-22 23:39:08.932251+00
7800,4.87,2026-05-22 23:39:41.846969+00
7801,1.06,2026-05-22 23:40:40.135911+00
7802,3.22,2026-05-22 23:41:05.38195+00
7803,2.33,2026-05-22 23:41:30.370695+00
7804,6.98,2026-05-22 23:42:04.050821+00
7805,1.09,2026-05-22 23:42:20.731139+00
7806,2.01,2026-05-22 23:42:45.733788+00
7807,211.58,2026-05-22 23:43:59.80022+00
7808,2.15,2026-05-22 23:44:24.772366+00
7809,1.52,2026-05-22 23:44:41.532645+00
7810,1.19,2026-05-22 23:44:58.084388+00
7811,3.4,2026-05-22 23:45:23.011548+00
7812,2.33,2026-05-22 23:45:47.914324+00
7813,1.78,2026-05-22 23:46:12.765188+00
7814,9.01,2026-05-22 23:46:45.924551+00
7815,1.11,2026-05-22 23:46:54.309447+00
7816,3.05,2026-05-22 23:47:27.743065+00
7817,1.5,2026-05-22 23:47:44.365626+00
7818,6.38,2026-05-22 23:48:17.346939+00
7819,2.29,2026-05-22 23:48:42.270242+00
7820,2.41,2026-05-22 23:49:24.064311+00
7821,1.04,2026-05-22 23:49:24.064311+00
7822,31.4,2026-05-22 23:50:13.444981+00
7823,3.84,2026-05-22 23:50:46.756936+00
7824,9.8,2026-05-22 23:51:28.243365+00
7825,9.99,2026-05-22 23:52:09.907142+00
7826,2.16,2026-05-22 23:52:35.329222+00
7827,1.09,2026-05-22 23:52:43.678784+00
7828,4.83,2026-05-22 23:53:16.817407+00
7829,1.45,2026-05-22 23:53:33.403546+00
7830,1.01,2026-05-22 23:53:50.086318+00
7831,2.4,2026-05-22 23:54:14.984609+00
7832,2.55,2026-05-22 23:54:40.053102+00
7833,1.8,2026-05-22 23:54:56.70523+00
7834,1.11,2026-05-22 23:55:13.161444+00
7835,1.25,2026-05-22 23:55:29.917425+00
7836,2.91,2026-05-22 23:55:54.684051+00
7837,2.28,2026-05-22 23:56:19.803802+00
7838,1.06,2026-05-22 23:56:36.453891+00
7839,1.45,2026-05-22 23:56:53.138998+00
7840,1.03,2026-05-22 23:57:01.441445+00
7841,3.13,2026-05-22 23:57:35.094882+00
7842,1.32,2026-05-22 23:57:52.109702+00
7843,10.83,2026-05-22 23:58:33.523723+00
7844,3.38,2026-05-22 23:58:58.646608+00
7845,1.09,2026-05-22 23:59:15.295984+00
7846,1.53,2026-05-22 23:59:31.836156+00
7847,2.3,2026-05-22 23:59:56.922099+00
7848,6.78,2026-05-23 00:00:30.251033+00
7849,2.67,2026-05-23 00:00:55.105955+00
7850,1.52,2026-05-23 00:01:20.206691+00
7851,1.48,2026-05-23 00:01:36.937688+00
7852,27.18,2026-05-23 00:02:26.643019+00
7853,501,2026-05-23 00:03:57.531901+00
7854,18.89,2026-05-23 00:04:47.217491+00
7855,9.98,2026-05-23 00:05:28.799413+00
7856,1.63,2026-05-23 00:05:54.065957+00
7857,1.3,2026-05-23 00:06:10.790076+00
7858,5.64,2026-05-23 00:06:43.89275+00
7859,1.75,2026-05-23 00:07:00.444212+00
7860,1.75,2026-05-23 00:07:33.562817+00
7861,16.02,2026-05-23 00:08:23.212984+00
7862,1.34,2026-05-23 00:08:39.763807+00
7863,1.25,2026-05-23 00:08:56.336938+00
7864,7.14,2026-05-23 00:09:37.824209+00
7865,1.94,2026-05-23 00:09:54.687226+00
7866,1.49,2026-05-23 00:10:11.229533+00
7867,1.33,2026-05-23 00:10:27.737401+00
7868,6.94,2026-05-23 00:11:09.341055+00
7869,1.24,2026-05-23 00:11:26.095159+00
7870,1.57,2026-05-23 00:11:42.78299+00
7871,4.37,2026-05-23 00:12:16.258084+00
7872,8.64,2026-05-23 00:12:57.855294+00
7873,12.62,2026-05-23 00:13:39.339509+00
7874,3.5,2026-05-23 00:14:04.387909+00
7875,1.13,2026-05-23 00:14:20.851986+00
7876,4.62,2026-05-23 00:14:54.51274+00
7877,1.07,2026-05-23 00:15:11.129621+00
7878,1.74,2026-05-23 00:15:27.889349+00
7879,2.48,2026-05-23 00:15:52.853615+00
7880,1.12,2026-05-23 00:16:09.563429+00
7881,1.07,2026-05-23 00:16:17.826206+00
7882,2.61,2026-05-23 00:16:42.842194+00
7883,1.2,2026-05-23 00:16:59.572973+00
7884,3.79,2026-05-23 00:17:32.738803+00
7885,1.18,2026-05-23 00:17:49.442479+00
7886,2.57,2026-05-23 00:18:14.444926+00
7887,2.16,2026-05-23 00:18:30.967558+00
7888,8.99,2026-05-23 00:19:12.94143+00
7889,1.32,2026-05-23 00:19:29.564175+00
7890,1.91,2026-05-23 00:19:54.527207+00
7891,1.02,2026-05-23 00:20:02.867351+00
7892,1.08,2026-05-23 00:20:19.492894+00
7893,33.4,2026-05-23 00:21:17.16168+00
7894,6.29,2026-05-23 00:21:50.170128+00
7895,1.2,2026-05-23 00:22:06.885693+00
7896,1.31,2026-05-23 00:22:23.340034+00
7897,1.57,2026-05-23 00:22:39.915433+00
7898,2.92,2026-05-23 00:23:13.187139+00
7899,5.64,2026-05-23 00:23:46.327712+00
7900,3.17,2026-05-23 00:24:11.354042+00
7901,1.04,2026-05-23 00:24:27.986174+00
7902,8.6,2026-05-23 00:25:09.785619+00
7903,5.66,2026-05-23 00:25:43.054877+00
7904,1.44,2026-05-23 00:25:59.729745+00
7905,1.78,2026-05-23 00:26:16.287467+00
7906,1.06,2026-05-23 00:26:32.852831+00
7907,4.25,2026-05-23 00:27:06.11003+00
7908,1.37,2026-05-23 00:27:22.765444+00
7909,9.72,2026-05-23 00:28:04.372354+00
7910,1.27,2026-05-23 00:28:21.009986+00
7911,1.4,2026-05-23 00:28:37.620215+00
7912,3.26,2026-05-23 00:29:02.665528+00
7913,10.75,2026-05-23 00:29:43.91535+00
7914,2.46,2026-05-23 00:30:08.696201+00
7915,2.4,2026-05-23 00:30:33.779666+00
7916,1.64,2026-05-23 00:30:50.420181+00
7917,2.05,2026-05-23 00:31:15.490878+00
7918,1.28,2026-05-23 00:31:32.124328+00
7919,11.1,2026-05-23 00:32:13.305232+00
7920,2.15,2026-05-23 00:32:38.184265+00
7921,1.2,2026-05-23 00:32:54.938795+00
7922,1.13,2026-05-23 00:33:11.587261+00
7923,2.8,2026-05-23 00:33:36.43357+00
7924,1.37,2026-05-23 00:33:53.095945+00
7925,1.56,2026-05-23 00:34:09.814106+00
7926,1.54,2026-05-23 00:34:26.345978+00
7927,1.04,2026-05-23 00:34:43.483705+00
7928,1.56,2026-05-23 00:35:00.334787+00
7929,23.52,2026-05-23 00:35:49.793957+00
7930,1.46,2026-05-23 00:36:06.275024+00
7931,3.25,2026-05-23 00:36:39.663702+00
7932,1.34,2026-05-23 00:36:56.346936+00
7933,4.13,2026-05-23 00:37:29.539428+00
7934,24.66,2026-05-23 00:38:19.192006+00
7935,1.2,2026-05-23 00:38:35.916999+00
7936,3.33,2026-05-23 00:39:00.89175+00
7937,3.24,2026-05-23 00:39:34.125636+00
7938,1.67,2026-05-23 00:39:50.915024+00
7939,1.08,2026-05-23 00:40:07.593915+00
7940,8.95,2026-05-23 00:40:40.705073+00
7941,1.54,2026-05-23 00:41:05.70103+00
7942,2.24,2026-05-23 00:41:22.271963+00
7943,6.79,2026-05-23 00:42:04.010252+00
7944,1.3,2026-05-23 00:42:20.708376+00
7945,1.46,2026-05-23 00:42:37.431564+00
7946,1.74,2026-05-23 00:42:53.993942+00
7947,1.05,2026-05-23 00:43:10.616013+00
7948,6.87,2026-05-23 00:43:52.078669+00
7949,1.07,2026-05-23 00:44:00.446581+00
7950,1.36,2026-05-23 00:44:16.97973+00
7951,1.18,2026-05-23 00:44:33.662901+00
7952,2.29,2026-05-23 00:44:58.642037+00
7953,1.39,2026-05-23 00:45:15.410867+00
7954,1.85,2026-05-23 00:45:32.046682+00
7955,4.13,2026-05-23 00:46:05.257404+00
7956,7.66,2026-05-23 00:46:46.756331+00
7957,1.89,2026-05-23 00:47:03.275913+00
7958,1.87,2026-05-23 00:47:28.424733+00
7959,2.11,2026-05-23 00:47:44.984693+00
7960,1.31,2026-05-23 00:48:01.584392+00
7961,4.62,2026-05-23 00:48:34.50078+00
7962,2.06,2026-05-23 00:48:59.502765+00
7963,1.76,2026-05-23 00:49:16.06759+00
7964,2.14,2026-05-23 00:49:41.005977+00
7965,1.03,2026-05-23 00:49:57.515416+00
7966,1.85,2026-05-23 00:50:14.008454+00
7967,1.22,2026-05-23 00:50:30.843547+00
7968,1.71,2026-05-23 00:50:47.804877+00
7969,1.06,2026-05-23 00:51:04.446469+00
7970,40.39,2026-05-23 00:52:02.0609+00
7971,9.01,2026-05-23 00:52:43.784941+00
7972,1.09,2026-05-23 00:52:52.061324+00
7973,1.95,2026-05-23 00:53:17.042509+00
7974,1.97,2026-05-23 00:53:33.573915+00
7975,1.3,2026-05-23 00:53:50.15728+00
7976,1.36,2026-05-23 00:54:06.727929+00
7977,2.21,2026-05-23 00:54:31.687519+00
7978,4.29,2026-05-23 00:55:04.834363+00
7979,1.04,2026-05-23 00:55:21.294712+00
7980,9.31,2026-05-23 00:55:54.796953+00
7981,1.43,2026-05-23 00:56:11.583112+00
7982,2.17,2026-05-23 00:56:27.989082+00
7983,1.07,2026-05-23 00:56:44.56638+00
7984,59.12,2026-05-23 00:57:50.089115+00
7985,12,2026-05-23 00:58:31.324939+00
7986,1.96,2026-05-23 00:58:56.207236+00
7987,1.35,2026-05-23 00:59:12.836079+00
7988,9.39,2026-05-23 00:59:45.927592+00
7989,2.26,2026-05-23 01:00:11.055278+00
7990,1.3,2026-05-23 01:00:27.697248+00
7991,1.07,2026-05-23 01:00:44.442047+00
7992,1.11,2026-05-23 01:00:52.675368+00
7993,1.09,2026-05-23 01:01:09.541616+00
7994,7.8,2026-05-23 01:01:50.819034+00
7995,1.53,2026-05-23 01:02:07.514403+00
7996,2.65,2026-05-23 01:02:32.388652+00
7997,1.55,2026-05-23 01:02:49.126807+00
7998,6.88,2026-05-23 01:03:30.37408+00
7999,1.39,2026-05-23 01:03:47.051731+00
8000,1.24,2026-05-23 01:04:03.536561+00
8001,2.89,2026-05-23 01:05:01.543027+00
8002,3.06,2026-05-23 01:05:34.661063+00
8003,1.22,2026-05-23 01:05:51.085287+00
8004,22.17,2026-05-23 01:06:40.703148+00
8005,3.25,2026-05-23 01:07:05.617515+00
8006,1.52,2026-05-23 01:07:22.111614+00
8007,1.04,2026-05-23 01:07:40.315834+00
8008,2.12,2026-05-23 01:08:07.409071+00
8009,1.96,2026-05-23 01:08:24.735787+00
8010,1.24,2026-05-23 01:08:45.223298+00
8011,2.51,2026-05-23 01:09:03.616904+00
8012,4.68,2026-05-23 01:09:39.559386+00
8013,1.22,2026-05-23 01:09:56.578204+00
8014,2.09,2026-05-23 01:10:13.134865+00
8015,1.95,2026-05-23 01:10:38.21105+00
8016,1.14,2026-05-23 01:10:54.839997+00
8017,4.89,2026-05-23 01:11:28.016966+00
8018,1.14,2026-05-23 01:11:36.340367+00
8019,3.76,2026-05-23 01:12:09.930613+00
8020,1.08,2026-05-23 01:12:26.609486+00
8021,22.8,2026-05-23 01:13:15.95248+00
8022,3.31,2026-05-23 01:13:40.665919+00
8023,9.89,2026-05-23 01:14:22.033431+00
8024,1.62,2026-05-23 01:14:47.035654+00
8025,2.47,2026-05-23 01:15:36.618078+00
8026,3.61,2026-05-23 01:15:36.618078+00
8027,1.01,2026-05-23 01:15:53.307644+00
8028,3.97,2026-05-23 01:16:26.278889+00
8029,4.8,2026-05-23 01:16:50.962065+00
8030,5.53,2026-05-23 01:17:32.428726+00
8031,7.68,2026-05-23 01:18:05.464991+00
8032,9.95,2026-05-23 01:18:46.631095+00
8033,1.65,2026-05-23 01:19:11.767175+00
8034,1.8,2026-05-23 01:19:28.384997+00
8035,1.72,2026-05-23 01:19:53.329956+00
8036,1.53,2026-05-23 01:20:10.154219+00
8037,4.3,2026-05-23 01:20:43.349238+00
8038,1.37,2026-05-23 01:20:59.938441+00
8039,1.61,2026-05-23 01:21:16.600664+00
8040,3.67,2026-05-23 01:21:41.344277+00
8041,1.43,2026-05-23 01:22:06.151294+00
8042,2.12,2026-05-23 01:22:23.048411+00
8043,1.2,2026-05-23 01:22:39.824064+00
8044,6.13,2026-05-23 01:23:12.704088+00
8045,1.6,2026-05-23 01:23:37.696244+00
8046,4.69,2026-05-23 01:24:11.009676+00
8047,3.24,2026-05-23 01:24:35.80075+00
8048,1.26,2026-05-23 01:24:52.507978+00
8049,2.21,2026-05-23 01:25:17.291573+00
8050,2.06,2026-05-23 01:25:33.728005+00
8051,10.6,2026-05-23 01:26:14.79743+00
8052,1.77,2026-05-23 01:26:39.661627+00
8053,1.35,2026-05-23 01:26:56.409437+00
8054,37.32,2026-05-23 01:27:54.04495+00
8055,1.54,2026-05-23 01:28:10.642067+00
8056,9.03,2026-05-23 01:28:43.481427+00
8057,1.84,2026-05-23 01:29:08.404796+00
8058,1.33,2026-05-23 01:29:25.127717+00
8059,1.81,2026-05-23 01:29:41.550622+00
8060,3.18,2026-05-23 01:30:15.011162+00
8061,1.18,2026-05-23 01:30:23.216026+00
8062,1.91,2026-05-23 01:30:48.250559+00
8063,1.87,2026-05-23 01:31:04.840619+00
8064,1.17,2026-05-23 01:31:21.405862+00
8065,1.49,2026-05-23 01:31:37.894781+00
8066,26.57,2026-05-23 01:32:35.797291+00
8067,1.3,2026-05-23 01:32:52.867055+00
8068,1.31,2026-05-23 01:33:09.594216+00
8069,1.43,2026-05-23 01:33:26.342046+00
8070,2.17,2026-05-23 01:33:51.219081+00
8071,7.61,2026-05-23 01:34:24.169147+00
8072,4.73,2026-05-23 01:34:57.19758+00
8073,9.76,2026-05-23 01:35:38.523893+00
8074,1.14,2026-05-23 01:35:46.832365+00
8075,1.2,2026-05-23 01:36:03.479047+00
8076,1.22,2026-05-23 01:36:20.164703+00
8077,9.91,2026-05-23 01:36:53.104344+00
8078,2.56,2026-05-23 01:37:17.788564+00
8079,2.58,2026-05-23 01:37:42.440052+00
8080,6.95,2026-05-23 01:38:23.988665+00
8081,1.3,2026-05-23 01:38:40.733881+00
8082,3.44,2026-05-23 01:39:05.535931+00
8083,3.49,2026-05-23 01:39:38.691237+00
8084,1.2,2026-05-23 01:39:55.351698+00
8085,1.02,2026-05-23 01:40:03.702966+00
8086,1.85,2026-05-23 01:40:28.683902+00
8087,1.05,2026-05-23 01:40:36.938051+00
8088,1.57,2026-05-23 01:41:01.9757+00
8089,2.65,2026-05-23 01:41:26.862563+00
8090,1.49,2026-05-23 01:41:43.416035+00
8091,3.04,2026-05-23 01:42:08.448042+00
8092,6.46,2026-05-23 01:42:41.414041+00
8093,4.07,2026-05-23 01:43:14.67699+00
8094,2.12,2026-05-23 01:43:39.642946+00
8095,1.11,2026-05-23 01:43:56.48907+00
8096,2.1,2026-05-23 01:44:21.312303+00
8097,2.28,2026-05-23 01:44:37.812189+00
8098,8.67,2026-05-23 01:45:19.145779+00
8099,1.11,2026-05-23 01:45:35.774186+00
8100,1.56,2026-05-23 01:45:52.326972+00
8101,1.11,2026-05-23 01:46:08.931963+00
8102,1.69,2026-05-23 01:46:25.292458+00
8103,1.08,2026-05-23 01:46:41.985921+00
8104,1.29,2026-05-23 01:46:58.61798+00
8105,1.2,2026-05-23 01:47:15.171984+00
8106,1.17,2026-05-23 01:47:31.851072+00
8107,2.56,2026-05-23 01:47:56.819709+00
8108,2.02,2026-05-23 01:48:13.337506+00
8109,1.04,2026-05-23 01:48:29.868515+00
8110,19.94,2026-05-23 01:49:19.620999+00
8111,4.19,2026-05-23 01:49:53.043022+00
8112,3.1,2026-05-23 01:50:18.045522+00
8113,1.11,2026-05-23 01:50:34.561007+00
8114,1.35,2026-05-23 01:50:51.291137+00
8115,1.03,2026-05-23 01:50:59.579709+00
8116,2.76,2026-05-23 01:51:24.314896+00
8117,1.44,2026-05-23 01:51:49.152076+00
8118,1.54,2026-05-23 01:52:05.819452+00
8119,329.46,2026-05-23 01:53:27.603534+00
8120,1.04,2026-05-23 01:53:44.183636+00
8121,1.15,2026-05-23 01:54:01.055344+00
8122,1.91,2026-05-23 01:54:17.702068+00
8123,2.18,2026-05-23 01:54:42.390236+00
8124,2.51,2026-05-23 01:55:07.397501+00
8125,2.51,2026-05-23 01:55:40.516516+00
8126,1.66,2026-05-23 01:56:05.409916+00
8127,2,2026-05-23 01:56:21.978043+00
8128,4.12,2026-05-23 01:56:55.333112+00
8129,4.68,2026-05-23 01:57:28.241622+00
8130,1.02,2026-05-23 01:57:44.998699+00
8131,11.91,2026-05-23 01:58:59.800081+00
8132,2.17,2026-05-23 01:59:25.373974+00
8133,1.47,2026-05-23 01:59:41.973547+00
8134,3.12,2026-05-23 02:00:06.817078+00
8135,1.02,2026-05-23 02:00:23.633496+00
8136,1.04,2026-05-23 02:00:40.280284+00
8137,1.13,2026-05-23 02:00:48.556696+00
8138,1.02,2026-05-23 02:01:05.188921+00
8139,1.77,2026-05-23 02:01:21.815047+00
8140,1.06,2026-05-23 02:01:38.536387+00
8141,1.75,2026-05-23 02:01:55.106499+00
8142,110.76,2026-05-23 02:03:09.372406+00
8143,1.16,2026-05-23 02:03:26.03356+00
8144,3.29,2026-05-23 02:03:51.049023+00
8145,1.03,2026-05-23 02:04:07.640148+00
8146,4.62,2026-05-23 02:04:41.173956+00
8147,2.01,2026-05-23 02:04:57.705185+00
8148,2.32,2026-05-23 02:05:22.459473+00
8149,1.05,2026-05-23 02:05:39.022118+00
8150,6.19,2026-05-23 02:06:12.046649+00
8151,2.98,2026-05-23 02:06:45.072736+00
8152,1.14,2026-05-23 02:06:53.35303+00
8153,1.26,2026-05-23 02:07:09.912739+00
8154,6.33,2026-05-23 02:07:51.363098+00
8155,4.26,2026-05-23 02:08:15.997716+00
8156,1.44,2026-05-23 02:08:41.04498+00
8157,1.54,2026-05-23 02:08:57.586416+00
8158,1.14,2026-05-23 02:09:14.221599+00
8159,1.85,2026-05-23 02:09:30.814727+00
8160,2.34,2026-05-23 02:09:56.158065+00
8161,1.32,2026-05-23 02:10:12.750115+00
8162,1.01,2026-05-23 02:10:21.026085+00
8163,26.11,2026-05-23 02:11:18.653137+00
8164,1.45,2026-05-23 02:11:35.32508+00
8165,1.07,2026-05-23 02:11:51.968686+00
8166,2.79,2026-05-23 02:12:16.893667+00
8167,1.05,2026-05-23 02:12:33.559974+00
8168,6.16,2026-05-23 02:13:07.071958+00
8169,1.51,2026-05-23 02:13:23.690086+00
8170,3.48,2026-05-23 02:13:48.543098+00
8171,1.07,2026-05-23 02:14:05.101087+00
8172,1.2,2026-05-23 02:14:21.553127+00
8173,2.29,2026-05-23 02:14:46.608685+00
8174,3.75,2026-05-23 02:15:11.57692+00
8175,1.13,2026-05-23 02:15:28.137872+00
8176,9.05,2026-05-23 02:16:09.371659+00
8177,9.99,2026-05-23 02:16:50.504586+00
8178,3.04,2026-05-23 02:17:15.376033+00
8179,3.89,2026-05-23 02:17:48.671197+00
8180,11.33,2026-05-23 02:18:29.625118+00
8181,2.48,2026-05-23 02:18:54.423512+00
8182,1.54,2026-05-23 02:19:19.387994+00
8183,1.2,2026-05-23 02:19:27.597498+00
8184,1.26,2026-05-23 02:19:44.082957+00
8185,2.38,2026-05-23 02:20:09.045203+00
8186,1.08,2026-05-23 02:20:25.772181+00
8187,7.6,2026-05-23 02:21:07.292788+00
8188,2.26,2026-05-23 02:21:23.784798+00
8189,1.91,2026-05-23 02:21:48.795603+00
8190,1.01,2026-05-23 02:21:57.03452+00
8191,1.55,2026-05-23 02:22:21.937162+00
8192,2.68,2026-05-23 02:22:46.895611+00
8193,12.52,2026-05-23 02:23:28.027645+00
8194,1.31,2026-05-23 02:23:44.581013+00
8195,1.22,2026-05-23 02:24:01.241066+00
8196,2.42,2026-05-23 02:25:23.817192+00
8197,29.9,2026-05-23 02:25:23.817192+00
8198,1.19,2026-05-23 02:25:40.422062+00
8199,4.19,2026-05-23 02:26:05.298467+00
8200,3.77,2026-05-23 02:26:38.608712+00
8201,6.17,2026-05-23 02:27:11.575526+00
8202,1.04,2026-05-23 02:27:28.042859+00
8203,1.7,2026-05-23 02:27:44.719248+00
8204,2.07,2026-05-23 02:28:09.655134+00
8205,29.06,2026-05-23 02:29:22.223807+00
8206,12.12,2026-05-23 02:29:46.708458+00
8207,1.5,2026-05-23 02:30:03.435913+00
8208,1.49,2026-05-23 02:30:28.373885+00
8209,1.3,2026-05-23 02:30:45.241729+00
8210,1.1,2026-05-23 02:30:53.52242+00
8211,1.33,2026-05-23 02:31:10.139339+00
8212,1.03,2026-05-23 02:31:26.817521+00
8213,501,2026-05-23 02:32:56.705347+00
8214,4.91,2026-05-23 02:33:29.759835+00
8215,1.02,2026-05-23 02:33:46.500422+00
8216,2.2,2026-05-23 02:34:03.057669+00
8217,4.85,2026-05-23 02:34:35.910035+00
8218,2.02,2026-05-23 02:35:01.018558+00
8219,13.6,2026-05-23 02:35:50.2478+00
8220,3.77,2026-05-23 02:36:15.423472+00
8221,1.85,2026-05-23 02:36:40.488918+00
8222,1.01,2026-05-23 02:36:48.831636+00
8223,1.24,2026-05-23 02:37:05.550639+00
8224,1.93,2026-05-23 02:37:30.427417+00
8225,3.89,2026-05-23 02:37:55.014992+00
8226,1.47,2026-05-23 02:38:11.528949+00
8227,42.26,2026-05-23 02:39:17.465074+00
8228,2.31,2026-05-23 02:39:42.422824+00
8229,4.31,2026-05-23 02:40:07.393971+00
8230,1.69,2026-05-23 02:40:32.259516+00
8231,6.99,2026-05-23 02:41:05.582359+00
8232,25.2,2026-05-23 02:42:03.538456+00
8233,7.15,2026-05-23 02:42:36.762727+00
8234,1.89,2026-05-23 02:43:01.776712+00
8235,1.71,2026-05-23 02:43:18.46889+00
8236,1.3,2026-05-23 02:43:35.071478+00
8237,71.5,2026-05-23 02:44:40.925432+00
8238,2.5,2026-05-23 02:45:06.074243+00
8239,1.4,2026-05-23 02:45:22.64102+00
8240,3.58,2026-05-23 02:45:55.764117+00
8241,1.22,2026-05-23 02:46:12.633604+00
8242,2.02,2026-05-23 02:46:29.128438+00
8243,1.14,2026-05-23 02:46:45.961548+00
8244,2.95,2026-05-23 02:47:11.024814+00
8245,6.48,2026-05-23 02:47:52.494622+00
8246,1.38,2026-05-23 02:48:09.224388+00
8247,1.73,2026-05-23 02:48:25.944201+00
8248,1.24,2026-05-23 02:48:42.571958+00
8249,2.1,2026-05-23 02:49:07.647709+00
8250,3.42,2026-05-23 02:49:32.470603+00
8251,4.66,2026-05-23 02:50:05.709463+00
8252,1.23,2026-05-23 02:50:22.238067+00
8253,1.41,2026-05-23 02:50:38.921122+00
8254,3.22,2026-05-23 02:51:12.14692+00
8255,26.53,2026-05-23 02:52:01.5213+00
8256,7.36,2026-05-23 02:52:43.049056+00
8257,1.37,2026-05-23 02:52:59.671204+00
8258,1.21,2026-05-23 02:53:16.462953+00
8259,4.83,2026-05-23 02:53:49.844434+00
8260,3.9,2026-05-23 02:54:14.530392+00
8261,1.35,2026-05-23 02:54:31.281776+00
8262,1.61,2026-05-23 02:54:56.124446+00
8263,1.76,2026-05-23 02:55:12.895749+00
8264,1.2,2026-05-23 02:55:29.525041+00
8265,4.91,2026-05-23 02:56:36.120078+00
8266,14.18,2026-05-23 02:57:26.268622+00
8267,1.21,2026-05-23 02:57:34.515254+00
8268,92.65,2026-05-23 02:58:48.600465+00
8269,1.31,2026-05-23 02:59:05.28909+00
8270,1.04,2026-05-23 02:59:13.746948+00
8271,1.67,2026-05-23 02:59:38.717474+00
8272,1.17,2026-05-23 02:59:55.52775+00
8273,1.15,2026-05-23 03:00:03.769669+00
8274,2.36,2026-05-23 03:00:28.457491+00
8275,3.69,2026-05-23 03:01:01.741722+00
8276,76.41,2026-05-23 03:02:07.675995+00
8277,2.51,2026-05-23 03:02:32.755236+00
8278,6,2026-05-23 03:03:05.848358+00
8279,3.73,2026-05-23 03:03:38.892079+00
8280,2.09,2026-05-23 03:04:03.779205+00
8281,1.89,2026-05-23 03:04:20.494609+00
8282,3.03,2026-05-23 03:04:45.326666+00
8283,1.07,2026-05-23 03:05:02.03607+00
8284,1.72,2026-05-23 03:05:18.798989+00
8285,1.72,2026-05-23 03:05:43.688265+00
8286,1.08,2026-05-23 03:05:52.018068+00
8287,10.01,2026-05-23 03:06:33.318963+00
8288,1.45,2026-05-23 03:06:58.476298+00
8289,1.61,2026-05-23 03:07:15.162545+00
8290,1.71,2026-05-23 03:07:31.979808+00
8291,8.2,2026-05-23 03:08:13.410387+00
8292,181.63,2026-05-23 03:09:27.370979+00
8293,2.4,2026-05-23 03:09:52.357478+00
8294,1.68,2026-05-23 03:10:17.334046+00
8295,1.21,2026-05-23 03:10:33.919953+00
8296,10.05,2026-05-23 03:11:15.339048+00
8297,4.37,2026-05-23 03:11:40.332686+00
8298,1.08,2026-05-23 03:11:57.054651+00
8299,1.52,2026-05-23 03:12:13.658575+00
8300,1.59,2026-05-23 03:12:38.973392+00
8301,3.78,2026-05-23 03:13:04.327422+00
8302,3.33,2026-05-23 03:13:29.216836+00
8303,1.09,2026-05-23 03:14:27.35678+00
8304,1.48,2026-05-23 03:14:43.952187+00
8305,3,2026-05-23 03:15:08.974897+00
8306,1.49,2026-05-23 03:15:25.498733+00
8307,98.46,2026-05-23 03:16:39.703201+00
8308,1.17,2026-05-23 03:16:56.419054+00
8309,1.23,2026-05-23 03:17:13.116401+00
8310,2.13,2026-05-23 03:17:29.723924+00
8311,4.6,2026-05-23 03:18:03.605692+00
8312,1.93,2026-05-23 03:18:28.709208+00
8313,1.39,2026-05-23 03:18:45.299469+00
8314,6.99,2026-05-23 03:19:18.701781+00
8315,1.72,2026-05-23 03:19:35.333534+00
8316,1.65,2026-05-23 03:20:00.601163+00
8317,1.03,2026-05-23 03:20:08.861664+00
8318,9.54,2026-05-23 03:20:50.293437+00
8319,7.98,2026-05-23 03:21:31.825214+00
8320,12.89,2026-05-23 03:22:13.337869+00
8321,1.22,2026-05-23 03:22:29.987933+00
8322,8.36,2026-05-23 03:23:11.928882+00
8323,1.83,2026-05-23 03:23:36.976803+00
8324,1.49,2026-05-23 03:23:53.71906+00
8325,1.02,2026-05-23 03:24:01.997076+00
8326,1.32,2026-05-23 03:24:18.51066+00
8327,1.8,2026-05-23 03:24:43.705269+00
8328,14.59,2026-05-23 03:25:24.939749+00
8329,1.15,2026-05-23 03:25:41.555203+00
8330,1.28,2026-05-23 03:25:58.323904+00
8331,1.6,2026-05-23 03:26:14.799668+00
8332,1.55,2026-05-23 03:26:39.828397+00
8333,2.61,2026-05-23 03:27:04.917158+00
8334,1.2,2026-05-23 03:27:13.272536+00
8335,1.1,2026-05-23 03:27:29.866221+00
8336,2.55,2026-05-23 03:27:54.893619+00
8337,1.77,2026-05-23 03:28:19.882385+00
8338,1.64,2026-05-23 03:28:36.688911+00
8339,1.71,2026-05-23 03:28:53.26701+00
8340,2.97,2026-05-23 03:29:18.225043+00
8341,9.23,2026-05-23 03:29:59.772657+00
8342,2.8,2026-05-23 03:30:32.989731+00
8343,1.1,2026-05-23 03:30:41.399907+00
8344,1.04,2026-05-23 03:30:58.059387+00
8345,23.27,2026-05-23 03:31:47.282034+00
8346,3.91,2026-05-23 03:32:20.730305+00
8347,1.17,2026-05-23 03:32:37.574969+00
8348,22.75,2026-05-23 03:33:27.199481+00
8349,4,2026-05-23 03:34:01.490809+00
8350,1.22,2026-05-23 03:34:09.693586+00
8351,4.69,2026-05-23 03:34:42.9204+00
8352,1.42,2026-05-23 03:34:59.514434+00
8353,2.14,2026-05-23 03:35:24.440377+00
8354,1.7,2026-05-23 03:35:49.649197+00
8355,4.85,2026-05-23 03:36:22.858401+00
8356,1.32,2026-05-23 03:36:39.541361+00
8357,1.28,2026-05-23 03:36:56.365739+00
8358,1.18,2026-05-23 03:37:04.593103+00
8359,180.05,2026-05-23 03:38:26.736581+00
8360,3.46,2026-05-23 03:38:51.833481+00
8361,11.22,2026-05-23 03:39:42.13431+00
8362,1.52,2026-05-23 03:39:59.018883+00
8363,2.89,2026-05-23 03:40:24.194956+00
8364,1.19,2026-05-23 03:40:41.031683+00
8365,19.69,2026-05-23 03:41:30.683096+00
8366,1.86,2026-05-23 03:41:47.307639+00
8367,1.86,2026-05-23 03:42:12.356728+00
8368,1.13,2026-05-23 03:42:29.063027+00
8369,1.97,2026-05-23 03:42:45.514353+00
8370,4.24,2026-05-23 03:43:51.980487+00
8371,3.07,2026-05-23 03:44:17.118534+00
8372,1.11,2026-05-23 03:44:33.736604+00
8373,1.16,2026-05-23 03:44:50.50425+00
8374,9.94,2026-05-23 03:45:23.717517+00
8375,1.25,2026-05-23 03:45:40.407474+00
8376,2.59,2026-05-23 03:46:05.26368+00
8377,1.99,2026-05-23 03:46:30.417084+00
8378,1.63,2026-05-23 03:46:47.244795+00
8379,9.94,2026-05-23 03:47:28.774313+00
8380,12.37,2026-05-23 03:48:10.123225+00
8381,1.05,2026-05-23 03:48:26.806005+00
8382,1.58,2026-05-23 03:48:43.357457+00
8383,1.46,2026-05-23 03:49:00.054529+00
8384,1.3,2026-05-23 03:49:16.694915+00
8385,13.29,2026-05-23 03:50:06.842468+00
8386,2.47,2026-05-23 03:51:37.746082+00
8387,61.73,2026-05-23 03:51:37.746082+00
8388,1.12,2026-05-23 03:51:46.084233+00
8389,1.72,2026-05-23 03:52:11.189806+00
8390,1.65,2026-05-23 03:52:27.823707+00
8391,3.73,2026-05-23 03:53:00.965708+00
8392,1.01,2026-05-23 03:53:09.338128+00
8393,1.98,2026-05-23 03:53:34.123488+00
8394,1.09,2026-05-23 03:53:42.441729+00
8395,1.39,2026-05-23 03:53:59.197372+00
8396,1.17,2026-05-23 03:54:15.672258+00
8397,1.04,2026-05-23 03:54:32.334353+00
8398,2.96,2026-05-23 03:54:57.358401+00
8399,1.92,2026-05-23 03:55:22.34135+00
8400,2.54,2026-05-23 03:55:47.409804+00
8401,2.97,2026-05-23 03:56:12.509872+00
8402,9.38,2026-05-23 03:56:54.291896+00
8403,9.24,2026-05-23 03:57:27.748897+00
8404,22.02,2026-05-23 03:58:17.39446+00
8405,2.36,2026-05-23 03:58:42.532321+00
8406,1.02,2026-05-23 03:58:59.162647+00
8407,16.23,2026-05-23 03:59:40.213957+00
8408,1.16,2026-05-23 03:59:56.988384+00
8409,1.25,2026-05-23 04:00:13.912029+00
8410,6.73,2026-05-23 04:00:47.365957+00
8411,9.17,2026-05-23 04:01:28.926723+00
8412,1.16,2026-05-23 04:01:45.353877+00
8413,1.24,2026-05-23 04:02:02.158241+00
8414,1.01,2026-05-23 04:02:18.853282+00
8415,1.09,2026-05-23 04:02:27.090017+00
8416,5.53,2026-05-23 04:03:00.281957+00
8417,1.91,2026-05-23 04:03:25.207241+00
8418,1.92,2026-05-23 04:03:50.202795+00
8419,2.25,2026-05-23 04:04:06.754121+00
8420,3.64,2026-05-23 04:04:40.191523+00
8421,3,2026-05-23 04:05:05.314698+00
8422,1.19,2026-05-23 04:05:21.802619+00
8423,8.07,2026-05-23 04:06:03.362496+00
8424,2.3,2026-05-23 04:06:20.272684+00
8425,1.36,2026-05-23 04:06:36.827031+00
8426,1.09,2026-05-23 04:06:53.560303+00
8427,1.05,2026-05-23 04:07:10.216953+00
8428,2.57,2026-05-23 04:07:35.38493+00
8429,1.23,2026-05-23 04:07:51.999003+00
8430,1.03,2026-05-23 04:08:00.32021+00
8431,8.32,2026-05-23 04:08:41.744721+00
8432,3.69,2026-05-23 04:09:15.106055+00
8433,1.02,2026-05-23 04:09:23.441863+00
8434,2.23,2026-05-23 04:09:48.411609+00
8435,1.07,2026-05-23 04:10:05.16354+00
8436,3.49,2026-05-23 04:10:30.274997+00
8437,3.79,2026-05-23 04:11:03.740949+00
8438,2.18,2026-05-23 04:11:20.297931+00
8439,1.67,2026-05-23 04:11:45.468106+00
8440,9.07,2026-05-23 04:12:18.862201+00
8441,4.19,2026-05-23 04:12:43.808217+00
8442,1.85,2026-05-23 04:13:08.928374+00
8443,1.27,2026-05-23 04:13:25.552149+00
8444,3.98,2026-05-23 04:13:50.545632+00
8445,1.57,2026-05-23 04:14:15.270596+00
8446,3.33,2026-05-23 04:14:40.256695+00
8447,9.4,2026-05-23 04:15:21.814439+00
8448,1.09,2026-05-23 04:15:38.568714+00
8449,1.22,2026-05-23 04:15:55.259717+00
8450,3.91,2026-05-23 04:16:20.004269+00
8451,1.27,2026-05-23 04:16:36.592603+00
8452,3.78,2026-05-23 04:17:09.980747+00
8453,2.52,2026-05-23 04:17:34.832926+00
8454,1.41,2026-05-23 04:17:51.649945+00
8455,9.01,2026-05-23 04:18:24.888626+00
8456,13.39,2026-05-23 04:19:06.371609+00
8457,2.18,2026-05-23 04:19:31.306905+00
8458,2.02,2026-05-23 04:19:56.323372+00
8459,2.16,2026-05-23 04:20:12.861855+00
8460,2.6,2026-05-23 04:20:37.799751+00
8461,1.75,2026-05-23 04:21:02.885004+00
8462,10,2026-05-23 04:21:44.501896+00
8463,2.27,2026-05-23 04:22:09.597309+00
8464,5.66,2026-05-23 04:22:42.800422+00
8465,1.6,2026-05-23 04:22:59.561621+00
8466,1.06,2026-05-23 04:23:16.21941+00
8467,2.8,2026-05-23 04:23:41.224163+00
8468,9.9,2026-05-23 04:24:14.670194+00
8469,1.24,2026-05-23 04:24:31.355334+00
8470,6.34,2026-05-23 04:25:04.695165+00
8471,35.75,2026-05-23 04:26:02.406231+00
8472,9.17,2026-05-23 04:26:43.995935+00
8473,1.29,2026-05-23 04:27:00.625996+00
8474,1.01,2026-05-23 04:27:17.206398+00
8475,1.02,2026-05-23 04:27:25.509647+00
8476,1.69,2026-05-23 04:27:50.528041+00
8477,1.18,2026-05-23 04:28:07.218118+00
8478,2.26,2026-05-23 04:28:23.827894+00
8479,13.69,2026-05-23 04:29:13.746614+00
8480,1.15,2026-05-23 04:29:30.509533+00
8481,1.34,2026-05-23 04:29:47.166032+00
8482,2.16,2026-05-23 04:30:03.78512+00
8483,2.12,2026-05-23 04:30:28.827863+00
8484,3.47,2026-05-23 04:30:53.866739+00
8485,1.15,2026-05-23 04:31:10.423432+00
8486,1.3,2026-05-23 04:31:27.044712+00
8487,2.09,2026-05-23 04:31:52.211147+00
8488,1.08,2026-05-23 04:32:09.151643+00
8489,1.21,2026-05-23 04:32:17.513425+00
8490,1.17,2026-05-23 04:32:33.977747+00
8491,1.54,2026-05-23 04:32:50.644912+00
8492,1.85,2026-05-23 04:33:15.610017+00
8493,1.12,2026-05-23 04:33:32.26347+00
8494,2.65,2026-05-23 04:33:57.319143+00
8495,38.93,2026-05-23 04:34:54.95543+00
8496,20.52,2026-05-23 04:35:44.842558+00
8497,1.8,2026-05-23 04:36:01.525601+00
8498,1.11,2026-05-23 04:36:18.2912+00
8499,3.42,2026-05-23 04:36:51.478189+00
8500,1.03,2026-05-23 04:36:59.904016+00
8501,1.85,2026-05-23 04:37:25.034919+00
8502,1.26,2026-05-23 04:37:41.855237+00
8503,2.45,2026-05-23 04:37:58.385249+00
8504,2.13,2026-05-23 04:38:23.202829+00
8505,3.9,2026-05-23 04:38:56.376947+00
8506,4.4,2026-05-23 04:39:29.809782+00
8507,1.04,2026-05-23 04:39:38.176505+00
8508,4.11,2026-05-23 04:40:11.774217+00
8509,2.47,2026-05-23 04:40:45.009838+00
8510,1.06,2026-05-23 04:40:45.009838+00
8511,6.97,2026-05-23 04:41:26.589456+00
8512,6.91,2026-05-23 04:41:59.950415+00
8513,6.94,2026-05-23 04:42:41.679079+00
8514,1.47,2026-05-23 04:42:58.338437+00
8515,2.11,2026-05-23 04:43:15.112983+00
8516,47.97,2026-05-23 04:44:21.30082+00
8517,12.04,2026-05-23 04:45:02.575808+00
8518,1.56,2026-05-23 04:45:19.268057+00
8519,1.5,2026-05-23 04:45:44.308188+00
8520,2.38,2026-05-23 04:46:01.193044+00
8521,3.89,2026-05-23 04:46:34.38576+00
8522,9.2,2026-05-23 04:47:15.914208+00
8523,9.86,2026-05-23 04:47:49.348083+00
8524,3.16,2026-05-23 04:48:22.720227+00
8525,1.05,2026-05-23 04:48:31.027351+00
8526,4.33,2026-05-23 04:49:04.393077+00
8527,4.17,2026-05-23 04:49:37.635038+00
8528,1.42,2026-05-23 04:49:54.357814+00
8529,9,2026-05-23 04:50:35.858295+00
8530,1.3,2026-05-23 04:50:52.54996+00
8531,2.94,2026-05-23 04:51:17.502558+00
8532,9.9,2026-05-23 04:51:50.813883+00
8533,6.67,2026-05-23 04:52:23.937702+00
8534,3.39,2026-05-23 04:52:57.749522+00
8535,1.48,2026-05-23 04:53:14.584785+00
8536,2.79,2026-05-23 04:53:39.705169+00
8537,1.01,2026-05-23 04:53:56.217324+00
8538,2.96,2026-05-23 04:54:21.227165+00
8539,15.57,2026-05-23 04:55:10.870631+00
8540,8.11,2026-05-23 04:55:43.84082+00
8541,1.87,2026-05-23 04:56:09.054497+00
8542,2.92,2026-05-23 04:56:34.214163+00
8543,2.7,2026-05-23 04:56:59.236909+00
8544,1.3,2026-05-23 04:57:15.915891+00
8545,3.08,2026-05-23 04:57:40.843965+00
8546,1.41,2026-05-23 04:57:57.344652+00
8547,1.21,2026-05-23 04:58:13.916563+00
8548,13.85,2026-05-23 04:59:03.79843+00
8549,1.68,2026-05-23 04:59:20.372993+00
8550,1.97,2026-05-23 04:59:45.621921+00
8551,9.06,2026-05-23 05:00:18.950977+00
8552,1.02,2026-05-23 05:00:27.173332+00
8553,1.27,2026-05-23 05:00:43.834675+00
8554,1.2,2026-05-23 05:01:00.534828+00
8555,1.09,2026-05-23 05:01:17.248375+00
8556,1.05,2026-05-23 05:01:34.028701+00
8557,7.86,2026-05-23 05:02:07.08705+00
8558,3.29,2026-05-23 05:02:40.544259+00
8559,1.37,2026-05-23 05:02:57.184462+00
8560,2.04,2026-05-23 05:03:13.882718+00
8561,1.29,2026-05-23 05:03:30.569895+00
8562,8.81,2026-05-23 05:04:12.194655+00
8563,1.09,2026-05-23 05:04:28.889024+00
8564,1.74,2026-05-23 05:04:45.397761+00
8565,2.32,2026-05-23 05:05:10.519567+00
8566,2.48,2026-05-23 05:05:35.480462+00
8567,2.61,2026-05-23 05:06:00.537911+00
8568,1.12,2026-05-23 05:06:17.119731+00
8569,2.89,2026-05-23 05:06:42.1357+00
8570,3.12,2026-05-23 05:07:07.013077+00
8571,1.23,2026-05-23 05:07:23.586952+00
8572,9.34,2026-05-23 05:08:13.388952+00
8573,1.39,2026-05-23 05:08:13.388952+00
8574,1.17,2026-05-23 05:08:30.209051+00
8575,42.36,2026-05-23 05:09:28.362917+00
8576,1.13,2026-05-23 05:09:44.949909+00
8577,1.89,2026-05-23 05:10:10.289975+00
8578,1.76,2026-05-23 05:10:26.856025+00
8579,2.29,2026-05-23 05:10:51.859979+00
8580,1.1,2026-05-23 05:11:08.557028+00
8581,1.93,2026-05-23 05:11:25.191066+00
8582,7.05,2026-05-23 05:12:06.807436+00
8583,7.87,2026-05-23 05:12:39.777946+00
8584,47.14,2026-05-23 05:13:45.839433+00
8585,1.21,2026-05-23 05:14:02.722975+00
8586,3.06,2026-05-23 05:14:27.77841+00
8587,1.35,2026-05-23 05:14:44.338617+00
8588,2.79,2026-05-23 05:15:09.525371+00
8589,1.5,2026-05-23 05:15:25.881922+00
8590,1.48,2026-05-23 05:15:42.493028+00
8591,4.26,2026-05-23 05:16:15.653562+00
8592,2.97,2026-05-23 05:16:40.527013+00
8593,1.14,2026-05-23 05:16:57.093208+00
8594,1.01,2026-05-23 05:17:13.742676+00
8595,1.4,2026-05-23 05:17:30.41953+00
8596,13.05,2026-05-23 05:18:11.784015+00
8597,7.13,2026-05-23 05:18:53.301965+00
8598,9,2026-05-23 05:19:26.716812+00
8599,2.56,2026-05-23 05:19:51.508292+00
8600,1.47,2026-05-23 05:20:08.029072+00
8601,3.33,2026-05-23 05:20:41.236787+00
8602,1.67,2026-05-23 05:20:58.071931+00
8603,29.03,2026-05-23 05:21:55.789731+00
8604,1.26,2026-05-23 05:22:12.591789+00
8605,1.69,2026-05-23 05:22:29.164308+00
8606,11,2026-05-23 05:23:10.292681+00
8607,60.56,2026-05-23 05:24:16.432726+00
8608,8.29,2026-05-23 05:24:58.1519+00
8609,2,2026-05-23 05:25:14.802376+00
8610,1.49,2026-05-23 05:25:39.817633+00
8611,1.42,2026-05-23 05:25:56.502488+00
8612,1.31,2026-05-23 05:26:13.408901+00
8613,8.96,2026-05-23 05:26:55.027687+00
8614,1.42,2026-05-23 05:27:11.71004+00
8615,3.84,2026-05-23 05:27:36.45812+00
8616,2.57,2026-05-23 05:28:09.874343+00
8617,19.05,2026-05-23 05:28:59.990605+00
8618,4.04,2026-05-23 05:29:24.812346+00
8619,1.77,2026-05-23 05:29:50.007396+00
8620,9.03,2026-05-23 05:30:31.535569+00
8621,1.34,2026-05-23 05:30:48.255853+00
8622,1.24,2026-05-23 05:31:04.989681+00
8623,1.7,2026-05-23 05:31:21.666603+00
8624,9.42,2026-05-23 05:31:54.857925+00
8625,3.16,2026-05-23 05:32:19.825726+00
8626,1.15,2026-05-23 05:32:36.542203+00
8627,1.2,2026-05-23 05:32:53.095938+00
8628,1.52,2026-05-23 05:33:09.755539+00
8629,1.77,2026-05-23 05:33:34.7091+00
8630,11.63,2026-05-23 05:34:16.374516+00
8631,3.25,2026-05-23 05:34:41.024603+00
8632,3.96,2026-05-23 05:35:14.523615+00
8633,1.24,2026-05-23 05:35:31.178979+00
8634,2.07,2026-05-23 05:35:47.731337+00
8635,3.28,2026-05-23 05:36:21.196175+00
8636,7.35,2026-05-23 05:36:54.296078+00
8637,2.55,2026-05-23 05:37:19.453644+00
8638,1.7,2026-05-23 05:37:44.258061+00
8639,2.27,2026-05-23 05:38:09.187006+00
8640,1.01,2026-05-23 05:38:17.516231+00
8641,3.65,2026-05-23 05:38:50.633419+00
8642,3.02,2026-05-23 05:39:15.731279+00
8643,1.47,2026-05-23 05:39:32.335459+00
8644,1.26,2026-05-23 05:39:49.2107+00
8645,1.58,2026-05-23 05:40:39.591149+00
8646,1.8,2026-05-23 05:41:04.556803+00
8647,3.12,2026-05-23 05:41:29.431028+00
8648,1.5,2026-05-23 05:41:46.019617+00
8649,3.83,2026-05-23 05:42:19.220993+00
8650,1.26,2026-05-23 05:42:35.929408+00
8651,1.02,2026-05-23 05:42:44.173379+00
8652,1.26,2026-05-23 05:43:00.734579+00
8653,2.17,2026-05-23 05:43:25.95198+00
8654,1.74,2026-05-23 05:43:42.739376+00
8655,1.49,2026-05-23 05:43:59.397673+00
8656,179.55,2026-05-23 05:45:21.96035+00
8657,1.01,2026-05-23 05:45:38.590449+00
8658,1.46,2026-05-23 05:45:55.322134+00
8659,2.98,2026-05-23 05:46:20.377098+00
8660,1.14,2026-05-23 05:46:36.981955+00
8661,2.55,2026-05-23 05:47:02.013789+00
8662,1.83,2026-05-23 05:47:18.717318+00
8663,3.81,2026-05-23 05:47:51.973186+00
8664,2.54,2026-05-23 05:48:17.016542+00
8665,1.84,2026-05-23 05:48:33.661182+00
8666,1.69,2026-05-23 05:48:50.281967+00
8667,1.43,2026-05-23 05:49:15.294068+00
8668,1.06,2026-05-23 05:49:23.524912+00
8669,34.88,2026-05-23 05:50:20.897407+00
8670,1.13,2026-05-23 05:50:37.669452+00
8671,1.65,2026-05-23 05:50:54.263371+00
8672,6.38,2026-05-23 05:51:35.990666+00
8673,3.14,2026-05-23 05:52:00.926536+00
8674,3.27,2026-05-23 05:52:25.822193+00
8675,1.25,2026-05-23 05:52:42.187393+00
8676,3.7,2026-05-23 05:53:15.501071+00
8677,4.49,2026-05-23 05:53:48.731384+00
8678,1.21,2026-05-23 05:53:56.997728+00
8679,9.17,2026-05-23 05:54:38.538011+00
8680,344.14,2026-05-23 05:56:00.991998+00
8681,1.27,2026-05-23 05:56:18.166097+00
8682,2.92,2026-05-23 05:56:43.48117+00
8683,11.74,2026-05-23 05:57:24.659346+00
8684,2.02,2026-05-23 05:57:49.784736+00
8685,1.68,2026-05-23 05:58:06.390884+00
8686,1.13,2026-05-23 05:58:23.220371+00
8687,1.56,2026-05-23 05:58:39.751655+00
8688,1.7,2026-05-23 05:59:04.670892+00
8689,2.19,2026-05-23 05:59:21.115115+00
8690,1.37,2026-05-23 05:59:46.156801+00
8691,2.42,2026-05-23 06:00:36.172814+00
8692,2.96,2026-05-23 06:00:36.172814+00
8693,3.27,2026-05-23 06:01:01.433636+00
8694,6.68,2026-05-23 06:01:34.432049+00
8695,11.06,2026-05-23 06:02:24.303692+00
8696,1.03,2026-05-23 06:02:32.574603+00
8697,8.12,2026-05-23 06:03:14.207877+00
8698,1.68,2026-05-23 06:03:30.791597+00
8699,1.45,2026-05-23 06:03:47.557514+00
8700,38.98,2026-05-23 06:04:53.77009+00
8701,1.25,2026-05-23 06:05:02.239907+00
8702,1.8,2026-05-23 06:05:27.22758+00
8703,1.08,2026-05-23 06:05:44.00904+00
8704,1.24,2026-05-23 06:05:52.19701+00
8705,1.55,2026-05-23 06:06:17.328649+00
8706,3.62,2026-05-23 06:06:42.282956+00
8707,2.6,2026-05-23 06:07:07.300147+00
8708,26.35,2026-05-23 06:08:05.206108+00
8709,3.58,2026-05-23 06:08:30.108672+00
8710,1.41,2026-05-23 06:08:46.825949+00
8711,1.08,2026-05-23 06:09:03.468577+00
8712,6.29,2026-05-23 06:09:36.833479+00
8713,1.64,2026-05-23 06:10:01.822546+00
8714,1.21,2026-05-23 06:10:18.483823+00
8715,9.35,2026-05-23 06:10:51.582604+00
8716,1.11,2026-05-23 06:11:08.39887+00
8717,3.53,2026-05-23 06:11:41.46696+00
8718,4.53,2026-05-23 06:12:06.663239+00
8719,4.66,2026-05-23 06:12:39.768967+00
8720,35.69,2026-05-23 06:13:37.51943+00
8721,8.41,2026-05-23 06:14:19.015209+00
8722,7.67,2026-05-23 06:15:00.620487+00
8723,1.85,2026-05-23 06:15:17.324362+00
8724,4.62,2026-05-23 06:15:50.44127+00
8725,1.57,2026-05-23 06:16:15.483859+00
8726,6.3,2026-05-23 06:16:48.799862+00
8727,2.14,2026-05-23 06:17:13.877788+00
8728,1.25,2026-05-23 06:18:03.655152+00
8729,1.95,2026-05-23 06:18:20.300633+00
8730,37.45,2026-05-23 06:19:18.025815+00
8731,501,2026-05-23 06:20:48.496664+00
8732,1.03,2026-05-23 06:21:05.205681+00
8733,1.06,2026-05-23 06:21:21.85305+00
8734,2.17,2026-05-23 06:21:47.032075+00
8735,12,2026-05-23 06:22:28.720404+00
8736,1.53,2026-05-23 06:22:45.456808+00
8737,2.11,2026-05-23 06:23:10.65421+00
8738,1.09,2026-05-23 06:23:27.434036+00
8739,1.16,2026-05-23 06:23:35.645903+00
8740,4.05,2026-05-23 06:24:09.189951+00
8741,38.02,2026-05-23 06:25:07.118708+00
8742,3.3,2026-05-23 06:25:40.443699+00
8743,1.46,2026-05-23 06:25:57.098705+00
8744,1.04,2026-05-23 06:26:05.470427+00
8745,2.47,2026-05-23 06:26:55.341189+00
8746,1.75,2026-05-23 06:26:55.341189+00
8747,1.42,2026-05-23 06:27:12.16985+00
8748,26.17,2026-05-23 06:28:01.737062+00
8749,4.45,2026-05-23 06:28:35.240428+00
8750,1.06,2026-05-23 06:28:51.934745+00
8751,2.57,2026-05-23 06:29:17.031931+00
8752,4.76,2026-05-23 06:29:50.421527+00
8753,7.23,2026-05-23 06:30:23.513972+00
8754,1.17,2026-05-23 06:30:40.079033+00
8755,1.31,2026-05-23 06:30:56.724287+00
8756,1.05,2026-05-23 06:31:13.45005+00
8757,501,2026-05-23 06:32:43.844427+00
8758,2.67,2026-05-23 06:33:09.053711+00
8759,40.51,2026-05-23 06:34:07.115536+00
8760,1.93,2026-05-23 06:34:23.848943+00
8761,1.14,2026-05-23 06:34:40.317198+00
8762,1.03,2026-05-23 06:34:56.92303+00
8763,1.25,2026-05-23 06:35:13.566593+00
8764,1.14,2026-05-23 06:35:21.854262+00
8765,1.14,2026-05-23 06:35:30.290941+00
8766,17.66,2026-05-23 06:36:11.621989+00
8767,1.61,2026-05-23 06:36:36.509048+00
8768,2.9,2026-05-23 06:37:01.721517+00
8769,1.23,2026-05-23 06:37:18.519195+00
8770,1.39,2026-05-23 06:37:35.200838+00
8771,14.75,2026-05-23 06:38:16.982084+00
8772,1.27,2026-05-23 06:38:33.554156+00
8773,1.15,2026-05-23 06:38:50.239188+00
8774,9.42,2026-05-23 06:39:23.499461+00
8775,1.76,2026-05-23 06:39:48.698991+00
8776,3.96,2026-05-23 06:40:13.636919+00
8777,3.75,2026-05-23 06:40:47.218887+00
8778,7.19,2026-05-23 06:41:44.996464+00
8779,2.12,2026-05-23 06:41:44.996464+00
8780,6.99,2026-05-23 06:42:26.501253+00
8781,1.01,2026-05-23 06:42:34.805749+00
8782,1.6,2026-05-23 06:42:51.505971+00
8783,3.29,2026-05-23 06:43:24.895158+00
8784,3.36,2026-05-23 06:43:50.419654+00
8785,2.14,2026-05-23 06:44:15.33649+00
8786,1.41,2026-05-23 06:44:32.107135+00
8787,1.64,2026-05-23 06:44:48.584418+00
8788,1.37,2026-05-23 06:45:05.329514+00
8789,3.03,2026-05-23 06:45:38.552788+00
8790,3.32,2026-05-23 06:46:03.460371+00
8791,9.87,2026-05-23 06:46:36.611889+00
8792,1.01,2026-05-23 06:46:53.316188+00
8793,30.22,2026-05-23 06:47:51.106459+00
8794,2.8,2026-05-23 06:48:16.044878+00
8795,2.1,2026-05-23 06:48:41.240108+00
8796,5.26,2026-05-23 06:49:14.530041+00
8797,1.01,2026-05-23 06:49:22.734611+00
8798,1.03,2026-05-23 06:49:39.236693+00
8799,3.3,2026-05-23 06:50:04.152981+00
8800,1.06,2026-05-23 06:50:20.705408+00
8801,1.2,2026-05-23 06:50:37.346167+00
8802,1.08,2026-05-23 06:50:53.935498+00
8803,2.94,2026-05-23 06:51:18.882023+00
8804,1.97,2026-05-23 06:51:35.492172+00
8805,2.07,2026-05-23 06:52:00.448115+00
8806,9.79,2026-05-23 06:52:33.615681+00
8807,1.51,2026-05-23 06:52:50.334034+00
8808,1.5,2026-05-23 06:53:15.366808+00
8809,1.26,2026-05-23 06:53:31.967869+00
8810,8.1,2026-05-23 06:54:04.876809+00
8811,6.21,2026-05-23 06:54:46.552199+00
8812,1.58,2026-05-23 06:55:03.253439+00
8813,1.77,2026-05-23 06:55:20.039195+00
8814,2.12,2026-05-23 06:55:44.994899+00
8815,2.92,2026-05-23 06:56:09.97605+00
8816,9.56,2026-05-23 06:56:51.135398+00
8817,1.34,2026-05-23 06:57:07.725196+00
8818,19.03,2026-05-23 06:57:57.342027+00
8819,1.41,2026-05-23 06:58:13.994103+00
8820,4.14,2026-05-23 06:58:47.237923+00
8821,1.43,2026-05-23 06:59:03.732686+00
8822,109.13,2026-05-23 07:00:18.479899+00
8823,24.35,2026-05-23 07:01:08.253373+00
8824,1.48,2026-05-23 07:01:33.349102+00
8825,1.02,2026-05-23 07:01:41.639038+00
8826,2.7,2026-05-23 07:02:06.617947+00
8827,33.52,2026-05-23 07:03:04.516752+00
8828,2.03,2026-05-23 07:03:29.716555+00
8829,1.1,2026-05-23 07:03:38.005085+00
8830,9.4,2026-05-23 07:04:19.900932+00
8831,1.06,2026-05-23 07:04:28.111684+00
8832,7.67,2026-05-23 07:05:10.390096+00
8833,1.03,2026-05-23 07:05:18.657664+00
8834,2.57,2026-05-23 07:05:43.745067+00
8835,1.84,2026-05-23 07:06:08.85683+00
8836,176.39,2026-05-23 07:07:22.786037+00
8837,1.13,2026-05-23 07:07:39.566424+00
8838,1.11,2026-05-23 07:07:56.199955+00
8839,1.53,2026-05-23 07:08:13.047426+00
8840,2.31,2026-05-23 07:08:37.997063+00
8841,1.15,2026-05-23 07:08:54.814146+00
8842,1.41,2026-05-23 07:09:11.684989+00
8843,1.04,2026-05-23 07:09:19.952161+00
8844,1.57,2026-05-23 07:09:36.588789+00
8845,61.96,2026-05-23 07:10:42.514202+00
8846,2.24,2026-05-23 07:11:07.767133+00
8847,1.57,2026-05-23 07:11:24.328675+00
8848,1.49,2026-05-23 07:11:49.360743+00
8849,1.85,2026-05-23 07:12:06.029979+00
8850,2.69,2026-05-23 07:12:31.071805+00
8851,1.16,2026-05-23 07:12:47.756505+00
8852,2.18,2026-05-23 07:13:12.786304+00
8853,1.06,2026-05-23 07:13:21.122134+00
8854,1.08,2026-05-23 07:13:37.766871+00
8855,1.28,2026-05-23 07:13:54.553982+00
8856,1.01,2026-05-23 07:14:02.784534+00
8857,2.06,2026-05-23 07:14:27.77632+00
8858,4.98,2026-05-23 07:15:00.970417+00
8859,1.97,2026-05-23 07:15:17.815228+00
8860,1.39,2026-05-23 07:15:42.897436+00
8861,40.71,2026-05-23 07:16:40.829054+00
8862,2.57,2026-05-23 07:17:06.025129+00
8863,3.04,2026-05-23 07:17:31.124415+00
8864,1.95,2026-05-23 07:17:47.659978+00
8865,2.35,2026-05-23 07:18:12.648385+00
8866,3.49,2026-05-23 07:18:45.999295+00
8867,1.99,2026-05-23 07:19:02.559385+00
8868,2.59,2026-05-23 07:19:27.679966+00
8869,1.11,2026-05-23 07:19:44.340389+00
8870,15.51,2026-05-23 07:20:34.487601+00
8871,21.99,2026-05-23 07:21:24.680632+00
8872,10.08,2026-05-23 07:22:06.466026+00
8873,6.85,2026-05-23 07:22:47.989749+00
8874,1.21,2026-05-23 07:22:56.266195+00
8875,8.31,2026-05-23 07:23:37.711039+00
8876,2.3,2026-05-23 07:24:02.809926+00
8877,1.36,2026-05-23 07:24:19.518746+00
8878,1.42,2026-05-23 07:24:36.343999+00
8879,139.3,2026-05-23 07:26:32.322024+00
8880,1.73,2026-05-23 07:26:49.080317+00
8881,1.42,2026-05-23 07:27:05.542997+00
8882,1.27,2026-05-23 07:27:22.096111+00
8883,27.21,2026-05-23 07:28:20.177491+00
8884,3.35,2026-05-23 07:28:44.984027+00
8885,1.33,2026-05-23 07:29:01.791791+00
8886,4.34,2026-05-23 07:29:35.189131+00
8887,10.05,2026-05-23 07:30:16.807662+00
8888,6.89,2026-05-23 07:30:58.292409+00
8889,1.87,2026-05-23 07:31:15.088434+00
8890,3.17,2026-05-23 07:31:40.009101+00
8891,9.03,2026-05-23 07:32:13.144953+00
8892,1.49,2026-05-23 07:32:38.031011+00
8893,1.27,2026-05-23 07:32:46.285724+00
8894,1.78,2026-05-23 07:33:11.552994+00
8895,2.05,2026-05-23 07:33:28.054487+00
8896,1.26,2026-05-23 07:33:44.717571+00
8897,1.77,2026-05-23 07:34:09.839253+00
8898,9.76,2026-05-23 07:34:43.055411+00
8899,2.05,2026-05-23 07:35:08.217454+00
8900,2.59,2026-05-23 07:35:33.377519+00
8901,1.21,2026-05-23 07:35:41.705745+00
8902,3.2,2026-05-23 07:36:14.908407+00
8903,4.74,2026-05-23 07:36:48.496185+00
8904,2.41,2026-05-23 07:37:30.34743+00
8905,1.33,2026-05-23 07:37:30.34743+00
8906,163.14,2026-05-23 07:38:44.646785+00
8907,3.87,2026-05-23 07:39:18.043456+00
8908,1.01,2026-05-23 07:39:26.344948+00
8909,2.05,2026-05-23 07:39:51.496915+00
8910,12.96,2026-05-23 07:40:32.913503+00
8911,1.19,2026-05-23 07:40:49.591244+00
8912,2.66,2026-05-23 07:41:14.596979+00
8913,2.05,2026-05-23 07:41:39.599007+00
8914,1.01,2026-05-23 07:41:47.954609+00
8915,1.57,2026-05-23 07:42:04.979418+00
8916,1.47,2026-05-23 07:42:29.990377+00
8917,1.33,2026-05-23 07:42:46.721062+00
8918,1.63,2026-05-23 07:43:03.409197+00
8919,2,2026-05-23 07:43:20.18797+00
8920,1.03,2026-05-23 07:43:36.796562+00
8921,86.08,2026-05-23 07:44:42.500463+00
8922,10.09,2026-05-23 07:45:32.418035+00
8923,1.13,2026-05-23 07:45:40.701661+00
8924,1.69,2026-05-23 07:46:05.77404+00
8925,31.23,2026-05-23 07:46:55.033964+00
8926,1.18,2026-05-23 07:47:11.704735+00
8927,1.68,2026-05-23 07:47:36.699597+00
8928,2.67,2026-05-23 07:48:01.665627+00
8929,2.9,2026-05-23 07:48:26.758045+00
8930,1.38,2026-05-23 07:48:43.488721+00
8931,1.17,2026-05-23 07:49:00.184535+00
8932,1.59,2026-05-23 07:49:16.927496+00
8933,8.23,2026-05-23 07:49:58.579805+00
8934,1.53,2026-05-23 07:50:15.366702+00
8935,1.34,2026-05-23 07:50:31.932251+00
8936,1.26,2026-05-23 07:50:48.73888+00
8937,5.89,2026-05-23 07:51:22.004823+00
8938,1.04,2026-05-23 07:51:38.700569+00
8939,1.55,2026-05-23 07:51:55.357866+00
8940,4.11,2026-05-23 07:52:28.782491+00
8941,9.07,2026-05-23 07:53:02.116472+00
8942,2.11,2026-05-23 07:53:18.644448+00
8943,1.91,2026-05-23 07:53:43.573386+00
8944,1.37,2026-05-23 07:54:00.165336+00
8945,7.19,2026-05-23 07:54:41.850214+00
8946,1.08,2026-05-23 07:54:50.241723+00
8947,1.08,2026-05-23 07:55:06.893172+00
8948,8.84,2026-05-23 07:55:48.468294+00
8949,1.43,2026-05-23 07:56:05.245175+00
8950,6.24,2026-05-23 07:56:38.549931+00
8951,1.95,2026-05-23 07:57:03.696216+00
8952,1.76,2026-05-23 07:57:20.278029+00
8953,1.58,2026-05-23 07:57:45.543718+00
8954,1.13,2026-05-23 07:57:53.701928+00
8955,1.04,2026-05-23 07:58:10.430646+00
8956,4.49,2026-05-23 07:58:43.785575+00
8957,4.59,2026-05-23 07:59:17.12762+00
8958,1.42,2026-05-23 07:59:33.832809+00
8959,1.78,2026-05-23 07:59:50.541254+00
8960,2.6,2026-05-23 08:00:15.600809+00
8961,2.21,2026-05-23 08:00:40.668218+00
8962,1.34,2026-05-23 08:00:57.296101+00
8963,1.49,2026-05-23 08:01:14.039206+00
8964,1.07,2026-05-23 08:01:30.754798+00
8965,3.49,2026-05-23 08:01:55.690067+00
8966,1.61,2026-05-23 08:02:12.289847+00
8967,2.31,2026-05-23 08:02:37.259026+00
8968,1.84,2026-05-23 08:03:02.558628+00
8969,1.51,2026-05-23 08:03:19.642864+00
8970,1.91,2026-05-23 08:03:36.224924+00
8971,1.72,2026-05-23 08:04:01.112083+00
8972,1.03,2026-05-23 08:04:09.426033+00
8973,1.47,2026-05-23 08:04:34.295555+00
8974,2.62,2026-05-23 08:04:59.154122+00
8975,1.36,2026-05-23 08:05:15.788078+00
8976,1.46,2026-05-23 08:05:32.415673+00
8977,8.04,2026-05-23 08:06:05.669814+00
8978,9.16,2026-05-23 08:06:39.007268+00
8979,1.1,2026-05-23 08:06:55.619381+00
8980,1.04,2026-05-23 08:07:12.379613+00
8981,1.74,2026-05-23 08:07:28.881443+00
8982,1.35,2026-05-23 08:07:45.471675+00
8983,2.15,2026-05-23 08:08:10.592329+00
8984,1.32,2026-05-23 08:08:27.749802+00
8985,1.14,2026-05-23 08:08:44.692421+00
8986,1.17,2026-05-23 08:08:52.983133+00
8987,1.83,2026-05-23 08:09:18.136562+00
8988,4.68,2026-05-23 08:09:51.391682+00
8989,1.25,2026-05-23 08:10:08.224411+00
8990,1.2,2026-05-23 08:10:16.523835+00
8991,1.49,2026-05-23 08:10:41.651637+00
8992,2.09,2026-05-23 08:10:58.205121+00
8993,1.36,2026-05-23 08:11:14.783056+00
8994,1.24,2026-05-23 08:11:31.572067+00
8995,2.79,2026-05-23 08:11:56.36766+00
8996,1.33,2026-05-23 08:12:12.90961+00
8997,1.04,2026-05-23 08:12:29.539232+00
8998,2.13,2026-05-23 08:12:54.607484+00
8999,1.15,2026-05-23 08:13:02.904218+00
9000,1.27,2026-05-23 08:13:34.677217+00
9001,1.44,2026-05-23 08:13:43.071733+00
9002,1.06,2026-05-23 08:13:51.284382+00
9003,1.84,2026-05-23 08:14:16.254752+00
9004,1.21,2026-05-23 08:14:32.762652+00
9005,1.83,2026-05-23 08:14:49.437031+00
9006,4.74,2026-05-23 08:15:22.606464+00
9007,12.23,2026-05-23 08:16:03.90758+00
9008,3.89,2026-05-23 08:16:37.165944+00
9009,2.59,2026-05-23 08:17:02.246338+00
9010,2.4,2026-05-23 08:17:27.412434+00
9011,1.04,2026-05-23 08:17:44.03974+00
9012,2.14,2026-05-23 08:18:00.606578+00
9013,45.88,2026-05-23 08:19:06.742208+00
9014,1.06,2026-05-23 08:19:15.165655+00
9015,4.26,2026-05-23 08:19:48.266748+00
9016,1.88,2026-05-23 08:20:13.484096+00
9017,1.97,2026-05-23 08:20:30.27853+00
9018,54.77,2026-05-23 08:21:36.345412+00
9019,1.44,2026-05-23 08:21:53.035276+00
9020,1.46,2026-05-23 08:22:09.748917+00
9021,82.62,2026-05-23 08:23:15.715794+00
9022,17,2026-05-23 08:24:05.337926+00
9023,1.33,2026-05-23 08:24:22.034403+00
9024,13.11,2026-05-23 08:25:12.125716+00
9025,7.26,2026-05-23 08:25:45.290811+00
9026,1.97,2026-05-23 08:26:10.6437+00
9027,1.43,2026-05-23 08:26:27.345735+00
9028,4.67,2026-05-23 08:27:00.647214+00
9029,1.63,2026-05-23 08:27:17.290721+00
9030,1.71,2026-05-23 08:27:34.002055+00
9031,3.31,2026-05-23 08:28:07.318595+00
9032,3.95,2026-05-23 08:28:32.210422+00
9033,35.68,2026-05-23 08:29:38.329593+00
9034,1.86,2026-05-23 08:29:55.046057+00
9035,17.49,2026-05-23 08:30:44.939921+00
9036,1.41,2026-05-23 08:31:01.624684+00
9037,2.05,2026-05-23 08:31:26.512061+00
9038,1.66,2026-05-23 08:31:43.313714+00
9039,2.02,2026-05-23 08:32:08.320734+00
9040,1.49,2026-05-23 08:32:25.013617+00
9041,2.09,2026-05-23 08:32:41.58207+00
9042,1.65,2026-05-23 08:33:06.6476+00
9043,1.97,2026-05-23 08:33:23.254987+00
9044,1.28,2026-05-23 08:33:39.717257+00
9045,1.18,2026-05-23 08:33:56.339705+00
9046,3.52,2026-05-23 08:34:29.579578+00
9047,1.27,2026-05-23 08:35:20.292885+00
9048,1.08,2026-05-23 08:35:28.562946+00
9049,1.07,2026-05-23 08:35:45.159437+00
9050,1.52,2026-05-23 08:36:01.966047+00
9051,10.78,2026-05-23 08:36:43.273906+00
9052,22.13,2026-05-23 08:37:41.187383+00
9053,1.03,2026-05-23 08:37:49.50748+00
9054,1.05,2026-05-23 08:38:06.089072+00
9055,1.69,2026-05-23 08:38:22.603704+00
9056,1.98,2026-05-23 08:38:47.679777+00
9057,1.14,2026-05-23 08:38:56.036641+00
9058,1.21,2026-05-23 08:39:12.590223+00
9059,1.41,2026-05-23 08:39:29.252958+00
9060,1.12,2026-05-23 08:39:45.688608+00
9061,4.48,2026-05-23 08:40:19.244194+00
9062,1.18,2026-05-23 08:40:36.052975+00
9063,7.39,2026-05-23 08:41:09.010464+00
9064,9.34,2026-05-23 08:42:07.253447+00
9065,1.74,2026-05-23 08:42:07.253447+00
9066,1.13,2026-05-23 08:42:24.055363+00
9067,1.04,2026-05-23 08:42:32.227009+00
9068,1.41,2026-05-23 08:42:48.854471+00
9069,29.49,2026-05-23 08:43:46.72865+00
9070,1.74,2026-05-23 08:44:03.463235+00
9071,1.71,2026-05-23 08:44:28.413365+00
9072,1.5,2026-05-23 08:44:45.23653+00
9073,1.51,2026-05-23 08:45:01.930911+00
9074,1.37,2026-05-23 08:45:18.57087+00
9075,1.5,2026-05-23 08:45:35.217319+00
9076,3.12,2026-05-23 08:46:08.66174+00
9077,30.43,2026-05-23 08:47:06.220257+00
9078,1.74,2026-05-23 08:47:22.960527+00
9079,1.25,2026-05-23 08:47:39.505691+00
9080,1.41,2026-05-23 08:47:56.253152+00
9081,9.46,2026-05-23 08:48:29.384491+00
9082,7.66,2026-05-23 08:49:10.742958+00
9083,12.79,2026-05-23 08:49:51.864691+00
9084,10.98,2026-05-23 08:50:42.210736+00
9085,11.38,2026-05-23 08:51:23.996009+00
9086,1.56,2026-05-23 08:51:40.695751+00
9087,1.51,2026-05-23 08:51:57.186341+00
9088,1.7,2026-05-23 08:52:22.2825+00
9089,1.26,2026-05-23 08:52:30.571998+00
9090,3.81,2026-05-23 08:53:03.804696+00
9091,186.4,2026-05-23 08:54:26.4757+00
9092,6.1,2026-05-23 08:54:59.771536+00
9093,1.82,2026-05-23 08:55:16.379403+00
9094,1.08,2026-05-23 08:55:32.958406+00
9095,1.03,2026-05-23 08:55:49.802327+00
9096,2.49,2026-05-23 08:56:14.897311+00
9097,2.33,2026-05-23 08:56:31.323514+00
9098,4.11,2026-05-23 08:57:04.435046+00
9099,3.9,2026-05-23 08:57:37.899742+00
9100,1.29,2026-05-23 08:57:54.45155+00
9101,6.46,2026-05-23 08:58:27.763256+00
9102,9.61,2026-05-23 08:59:00.959+00
9103,1.33,2026-05-23 08:59:17.723941+00
9104,7.02,2026-05-23 08:59:59.249823+00
9105,1.09,2026-05-23 09:00:15.995547+00
9106,1.39,2026-05-23 09:00:32.566586+00
9107,4.49,2026-05-23 09:00:57.391137+00
9108,10.23,2026-05-23 09:01:47.423715+00
9109,1.92,2026-05-23 09:02:04.184808+00
9110,2.38,2026-05-23 09:02:29.356903+00
9111,1.19,2026-05-23 09:03:19.433428+00
9112,1.78,2026-05-23 09:03:36.060814+00
9113,2.1,2026-05-23 09:04:00.896876+00
9114,8.99,2026-05-23 09:04:42.307001+00
9115,2.58,2026-05-23 09:05:07.315763+00
9116,1.01,2026-05-23 09:05:24.032131+00
9117,3.15,2026-05-23 09:05:49.017928+00
9118,9.07,2026-05-23 09:06:22.260478+00
9119,1.02,2026-05-23 09:06:30.654818+00
9120,1.13,2026-05-23 09:06:47.306167+00
9121,3.22,2026-05-23 09:07:12.290274+00
9122,2.05,2026-05-23 09:07:37.259427+00
9123,1.38,2026-05-23 09:07:53.930089+00
9124,8.98,2026-05-23 09:08:35.48504+00
9125,1.35,2026-05-23 09:08:52.077276+00
9126,1.04,2026-05-23 09:09:09.120291+00
9127,14.09,2026-05-23 09:09:50.516272+00
9128,10.79,2026-05-23 09:10:32.057216+00
9129,1.14,2026-05-23 09:10:48.738789+00
9130,2,2026-05-23 09:11:13.73595+00
9131,4.74,2026-05-23 09:11:47.581623+00
9132,1.92,2026-05-23 09:12:04.39764+00
9133,501,2026-05-23 09:13:34.540043+00
9134,1.71,2026-05-23 09:13:59.726734+00
9135,24.08,2026-05-23 09:14:49.375277+00
9136,9.28,2026-05-23 09:15:22.919735+00
9137,23.16,2026-05-23 09:16:12.272561+00
9138,3.11,2026-05-23 09:16:45.794216+00
9139,2.12,2026-05-23 09:17:02.482617+00
9140,1.14,2026-05-23 09:17:19.261003+00
9141,3.97,2026-05-23 09:17:52.460223+00
9142,7.87,2026-05-23 09:18:33.954589+00
9143,2.22,2026-05-23 09:18:50.606973+00
9144,9.99,2026-05-23 09:19:32.068094+00
9145,1.21,2026-05-23 09:19:48.57221+00
9146,1.13,2026-05-23 09:20:05.304797+00
9147,3.16,2026-05-23 09:20:30.107346+00
9148,2.37,2026-05-23 09:20:55.055073+00
9149,1.49,2026-05-23 09:21:11.634189+00
9150,2.01,2026-05-23 09:21:36.736037+00
9151,7.49,2026-05-23 09:22:09.806697+00
9152,1.4,2026-05-23 09:22:34.883462+00
9153,1.01,2026-05-23 09:22:43.297644+00
9154,1.01,2026-05-23 09:23:00.180525+00
9155,1.54,2026-05-23 09:23:16.905583+00
9156,2.39,2026-05-23 09:23:41.968164+00
9157,2.92,2026-05-23 09:24:06.99646+00
9158,1.4,2026-05-23 09:24:23.732474+00
9159,1.09,2026-05-23 09:24:40.392578+00
9160,2.98,2026-05-23 09:25:05.569136+00
9161,3.78,2026-05-23 09:25:30.644023+00
9162,1.18,2026-05-23 09:25:47.087482+00
9163,9.81,2026-05-23 09:26:20.301194+00
9164,1.29,2026-05-23 09:26:36.902783+00
9165,1.01,2026-05-23 09:26:53.380594+00
9166,1.05,2026-05-23 09:27:10.024676+00
9167,2.01,2026-05-23 09:27:26.533645+00
9168,9.13,2026-05-23 09:28:00.056459+00
9169,1.26,2026-05-23 09:28:16.733379+00
9170,1.21,2026-05-23 09:28:33.406328+00
9171,8.81,2026-05-23 09:29:14.709613+00
9172,8.93,2026-05-23 09:29:56.06561+00
9173,4.31,2026-05-23 09:30:29.410419+00
9174,1.39,2026-05-23 09:30:46.017029+00
9175,1.64,2026-05-23 09:31:02.834166+00
9176,1.97,2026-05-23 09:31:27.760367+00
9177,1.51,2026-05-23 09:31:44.509725+00
9178,1.85,2026-05-23 09:32:01.183899+00
9179,1.07,2026-05-23 09:32:17.89196+00
9180,1.66,2026-05-23 09:32:34.398001+00
9181,1.58,2026-05-23 09:32:51.205711+00
9182,2.1,2026-05-23 09:33:24.431498+00
9183,2.13,2026-05-23 09:33:41.016723+00
9184,1.43,2026-05-23 09:33:57.605346+00
9185,2.49,2026-05-23 09:34:22.800708+00
9186,2.33,2026-05-23 09:34:47.544325+00
9187,1.42,2026-05-23 09:35:04.049644+00
9188,1.55,2026-05-23 09:35:20.75446+00
9189,1.02,2026-05-23 09:35:37.21879+00
9190,2.63,2026-05-23 09:36:02.275884+00
9191,2.54,2026-05-23 09:36:27.421898+00
9192,1.07,2026-05-23 09:36:44.033049+00
9193,1.6,2026-05-23 09:37:00.702001+00
9194,1.05,2026-05-23 09:37:17.47592+00
9195,1.04,2026-05-23 09:37:25.771478+00
9196,2.86,2026-05-23 09:37:50.947323+00
9197,1.74,2026-05-23 09:38:16.009915+00
9198,1.55,2026-05-23 09:38:32.846208+00
9199,2.58,2026-05-23 09:38:57.777012+00
9200,2.56,2026-05-23 09:39:22.966615+00
9201,1.34,2026-05-23 09:39:39.686314+00
9202,1.37,2026-05-23 09:40:29.728951+00
9203,1.03,2026-05-23 09:40:46.322533+00
9204,1.41,2026-05-23 09:41:03.062972+00
9205,1.74,2026-05-23 09:41:19.782171+00
9206,1.2,2026-05-23 09:41:36.601031+00
9207,9.44,2026-05-23 09:42:18.149205+00
9208,2.46,2026-05-23 09:42:43.225457+00
9209,3.67,2026-05-23 09:43:08.171878+00
9210,1.51,2026-05-23 09:43:33.55073+00
9211,2.88,2026-05-23 09:43:58.629841+00
9212,1.71,2026-05-23 09:44:15.406704+00
9213,1.51,2026-05-23 09:44:31.944934+00
9214,1.02,2026-05-23 09:44:48.660052+00
9215,1.71,2026-05-23 09:45:05.17574+00
9216,2.09,2026-05-23 09:45:30.105337+00
9217,1.2,2026-05-23 09:45:46.813752+00
9218,6.47,2026-05-23 09:46:20.146974+00
9219,1.55,2026-05-23 09:46:36.733031+00
9220,9.39,2026-05-23 09:47:09.93344+00
9221,209.44,2026-05-23 09:48:32.025055+00
9222,2.2,2026-05-23 09:48:57.699023+00
9223,4.65,2026-05-23 09:49:31.267935+00
9224,4.8,2026-05-23 09:50:04.609874+00
9225,2.18,2026-05-23 09:50:29.698155+00
9226,6.24,2026-05-23 09:51:02.712005+00
9227,3.86,2026-05-23 09:51:36.297036+00
9228,3.71,2026-05-23 09:52:09.733372+00
9229,2.21,2026-05-23 09:52:34.75869+00
9230,3.89,2026-05-23 09:52:59.75479+00
9231,1.1,2026-05-23 09:53:16.373447+00
9232,1.78,2026-05-23 09:53:32.863636+00
9233,3.02,2026-05-23 09:54:06.226162+00
9234,2.05,2026-05-23 09:54:23.049637+00
9235,15.04,2026-05-23 09:55:12.915808+00
9236,1.07,2026-05-23 09:55:29.731089+00
9237,1.01,2026-05-23 09:55:37.926721+00
9238,15.52,2026-05-23 09:56:27.64654+00
9239,1.67,2026-05-23 09:56:44.098723+00
9240,1.11,2026-05-23 09:57:00.728502+00
9241,1.21,2026-05-23 09:57:17.344286+00
9242,13.62,2026-05-23 09:57:58.557501+00
9243,10.55,2026-05-23 09:58:48.521064+00
9244,2.61,2026-05-23 09:59:13.656289+00
9245,1.46,2026-05-23 09:59:30.441483+00
9246,1.16,2026-05-23 09:59:47.218458+00
9247,1.96,2026-05-23 10:00:03.891202+00
9248,34.22,2026-05-23 10:01:01.620934+00
9249,1.38,2026-05-23 10:01:18.382731+00
9250,1.14,2026-05-23 10:02:57.461054+00
9251,1.61,2026-05-23 10:03:14.246996+00
9252,1.46,2026-05-23 10:03:30.902934+00
9253,1.85,2026-05-23 10:03:55.844264+00
9254,1.56,2026-05-23 10:04:12.593492+00
9255,5.26,2026-05-23 10:04:46.375263+00
9256,1.33,2026-05-23 10:05:03.035796+00
9257,25.05,2026-05-23 10:05:52.771926+00
9258,2.23,2026-05-23 10:06:17.945032+00
9259,1.4,2026-05-23 10:06:34.552694+00
9260,1.13,2026-05-23 10:06:51.175431+00
9261,1.74,2026-05-23 10:07:07.651475+00
9262,1.14,2026-05-23 10:07:24.302704+00
9263,2.01,2026-05-23 10:07:49.207629+00
9264,8.47,2026-05-23 10:08:30.780684+00
9265,1.4,2026-05-23 10:08:47.523985+00
9266,1.08,2026-05-23 10:08:55.731978+00
9267,4.28,2026-05-23 10:09:29.072493+00
9268,12.12,2026-05-23 10:10:10.46573+00
9269,1.91,2026-05-23 10:10:35.57938+00
9270,11.41,2026-05-23 10:11:16.679699+00
9271,1.25,2026-05-23 10:11:33.336438+00
9272,1.43,2026-05-23 10:11:49.944356+00
9273,4.3,2026-05-23 10:12:23.197478+00
9274,1.25,2026-05-23 10:12:40.035674+00
9275,1.1,2026-05-23 10:12:56.624568+00
9276,3.5,2026-05-23 10:13:21.520045+00
9277,1.12,2026-05-23 10:13:38.077947+00
9278,1.71,2026-05-23 10:13:54.654909+00
9279,1.44,2026-05-23 10:14:11.259746+00
9280,10.83,2026-05-23 10:15:00.91708+00
9281,9.42,2026-05-23 10:15:34.062468+00
9282,39.06,2026-05-23 10:16:40.320784+00
9283,1.62,2026-05-23 10:16:56.982372+00
9284,12.04,2026-05-23 10:17:38.415312+00
9285,1.1,2026-05-23 10:17:55.072376+00
9286,9.63,2026-05-23 10:19:18.072673+00
9287,21.18,2026-05-23 10:20:07.642551+00
9288,4.79,2026-05-23 10:21:40.311418+00
9289,5.88,2026-05-23 10:22:13.601782+00
9290,2.17,2026-05-23 10:22:38.584732+00
9291,1.8,2026-05-23 10:22:55.379061+00
9292,2.22,2026-05-23 10:23:20.367879+00
9293,2.64,2026-05-23 10:23:45.399201+00
9294,1.12,2026-05-23 10:24:02.107128+00
9295,2.41,2026-05-23 10:24:43.737913+00
9296,2.35,2026-05-23 10:24:43.737913+00
9297,1.76,2026-05-23 10:25:08.648646+00
9298,1.55,2026-05-23 10:25:25.372977+00
9299,1.02,2026-05-23 10:26:15.094376+00
9300,19.34,2026-05-23 10:27:04.918536+00
9301,6.04,2026-05-23 10:27:38.088232+00
9302,2.54,2026-05-23 10:28:03.093256+00
9303,2.06,2026-05-23 10:28:28.219634+00
9304,1.38,2026-05-23 10:28:44.862718+00
9305,1.03,2026-05-23 10:28:53.207806+00
9306,5.89,2026-05-23 10:29:34.739913+00
9307,6.21,2026-05-23 10:30:08.126925+00
9308,9.24,2026-05-23 10:30:49.749889+00
9309,1.18,2026-05-23 10:31:06.429172+00
9310,3.82,2026-05-23 10:31:31.463239+00
9311,1.59,2026-05-23 10:31:56.512725+00
9312,3.39,2026-05-23 10:32:21.44221+00
9313,2.99,2026-05-23 10:32:46.430885+00
9314,4.08,2026-05-23 10:33:19.842448+00
9315,6.53,2026-05-23 10:33:52.981051+00
9316,3.74,2026-05-23 10:34:26.428233+00
9317,1.2,2026-05-23 10:34:43.184902+00
9318,4.89,2026-05-23 10:35:16.441853+00
9319,11.42,2026-05-23 10:35:57.908255+00
9320,2.42,2026-05-23 10:36:39.826673+00
9321,1.12,2026-05-23 10:36:39.826673+00
9322,1.29,2026-05-23 10:36:56.3394+00
9323,1.09,2026-05-23 10:37:04.586526+00
9324,1.59,2026-05-23 10:37:29.601655+00
9325,2.81,2026-05-23 10:37:54.408509+00
9326,2.11,2026-05-23 10:38:11.085571+00
9327,3.98,2026-05-23 10:38:44.36345+00
9328,1.03,2026-05-23 10:39:01.027998+00
9329,9.2,2026-05-23 10:39:34.161615+00
9330,12.16,2026-05-23 10:40:15.340155+00
9331,1.23,2026-05-23 10:40:32.008138+00
9332,1.24,2026-05-23 10:40:48.686916+00
9333,2.41,2026-05-23 10:41:39.723237+00
9334,2.65,2026-05-23 10:41:39.723237+00
9335,1.01,2026-05-23 10:41:48.043053+00
9336,1.11,2026-05-23 10:42:04.83099+00
9337,1.24,2026-05-23 10:42:21.457192+00
9338,1.23,2026-05-23 10:42:38.19371+00
9339,33.61,2026-05-23 10:43:35.751402+00
9340,3.26,2026-05-23 10:44:00.777165+00
9341,1.5,2026-05-23 10:44:17.390228+00
9342,2.85,2026-05-23 10:44:42.393818+00
9343,2.8,2026-05-23 10:45:15.623504+00
9344,1.06,2026-05-23 10:45:23.914299+00
9345,30,2026-05-23 10:46:22.533182+00
9346,1.11,2026-05-23 10:46:39.257649+00
9347,2.42,2026-05-23 10:47:21.033673+00
9348,1.54,2026-05-23 10:47:21.033673+00
9349,9.81,2026-05-23 10:47:54.287819+00
9350,1.31,2026-05-23 10:48:11.087361+00
9351,1.09,2026-05-23 10:48:27.840595+00
9352,3.04,2026-05-23 10:48:52.624177+00
9353,1.42,2026-05-23 10:49:09.36663+00
9354,1.29,2026-05-23 10:49:26.092083+00
9355,1.2,2026-05-23 10:49:42.798324+00
9356,1.12,2026-05-23 10:49:50.997941+00
9357,14.48,2026-05-23 10:50:40.670263+00
9358,1.2,2026-05-23 10:50:57.332002+00
9359,1.09,2026-05-23 10:51:14.014005+00
9360,46.69,2026-05-23 10:52:11.941665+00
9361,1.24,2026-05-23 10:52:28.746489+00
9362,1.34,2026-05-23 10:52:45.366744+00
9363,1.45,2026-05-23 10:53:02.168744+00
9364,1.75,2026-05-23 10:53:18.73234+00
9365,1.12,2026-05-23 10:53:35.271019+00
9366,1.49,2026-05-23 10:53:51.906374+00
9367,1.11,2026-05-23 10:54:08.414499+00
9368,2.2,2026-05-23 10:54:33.590057+00
9369,1.19,2026-05-23 10:54:50.228615+00
9370,1.72,2026-05-23 10:55:07.172126+00
9371,1.13,2026-05-23 10:55:23.879028+00
9372,1.48,2026-05-23 10:55:40.556351+00
9373,4.87,2026-05-23 10:56:13.722807+00
9374,12.04,2026-05-23 10:56:55.023049+00
9375,1.55,2026-05-23 10:57:11.965944+00
9376,1.01,2026-05-23 10:57:28.804153+00
9377,1.6,2026-05-23 10:57:45.330308+00
9378,3.24,2026-05-23 10:58:18.570871+00
9379,4.62,2026-05-23 10:58:43.506693+00
9380,1.64,2026-05-23 10:59:08.750991+00
9381,4.64,2026-05-23 10:59:42.129449+00
9382,1.22,2026-05-23 10:59:50.44021+00
9383,10.5,2026-05-23 11:00:40.020618+00
9384,3.32,2026-05-23 11:01:04.804753+00
9385,1.01,2026-05-23 11:01:21.55566+00
9386,7.64,2026-05-23 11:01:54.500419+00
9387,1.33,2026-05-23 11:02:11.158424+00
9388,1.88,2026-05-23 11:02:36.737499+00
9389,2.16,2026-05-23 11:02:53.538381+00
9390,1.39,2026-05-23 11:03:10.039409+00
9391,1.84,2026-05-23 11:03:35.091967+00
9392,3.04,2026-05-23 11:03:59.886905+00
9393,1.71,2026-05-23 11:04:24.829511+00
9394,2.62,2026-05-23 11:04:49.944618+00
9395,1.1,2026-05-23 11:04:58.124493+00
9396,3.08,2026-05-23 11:05:31.43498+00
9397,1.05,2026-05-23 11:05:39.627476+00
9398,1.55,2026-05-23 11:05:56.363059+00
9399,2.24,2026-05-23 11:06:21.199049+00
9400,2.21,2026-05-23 11:06:46.289501+00
9401,3.99,2026-05-23 11:07:19.510659+00
9402,2.08,2026-05-23 11:07:36.074743+00
9403,1.28,2026-05-23 11:07:52.88744+00
9404,1.91,2026-05-23 11:08:17.925408+00
9405,1.6,2026-05-23 11:08:34.513664+00
9406,501,2026-05-23 11:10:04.485882+00
9407,2.44,2026-05-23 11:10:29.628404+00
9408,2.15,2026-05-23 11:10:54.609258+00
9409,1.46,2026-05-23 11:11:11.296875+00
9410,4.37,2026-05-23 11:11:44.505581+00
9411,2.53,2026-05-23 11:12:09.374585+00
9412,1.48,2026-05-23 11:12:26.247652+00
9413,4.57,2026-05-23 11:12:59.626076+00
9414,1.41,2026-05-23 11:13:16.330995+00
9415,2,2026-05-23 11:13:32.863465+00
9416,4.31,2026-05-23 11:14:05.888055+00
9417,1.48,2026-05-23 11:14:22.574641+00
9418,3.87,2026-05-23 11:14:55.732475+00
9419,1.33,2026-05-23 11:15:12.283521+00
9420,1.06,2026-05-23 11:15:29.128925+00
9421,7.37,2026-05-23 11:16:02.172005+00
9422,2.32,2026-05-23 11:16:27.395601+00
9423,2.86,2026-05-23 11:16:52.165113+00
9424,1.3,2026-05-23 11:17:08.819658+00
9425,1.1,2026-05-23 11:17:25.52662+00
9426,7.25,2026-05-23 11:17:58.532231+00
9427,9.11,2026-05-23 11:18:40.499009+00
9428,1.73,2026-05-23 11:19:05.500938+00
9429,3.45,2026-05-23 11:19:30.361193+00
9430,1.09,2026-05-23 11:19:47.141595+00
9431,2.32,2026-05-23 11:20:12.130383+00
9432,1.96,2026-05-23 11:20:28.62936+00
9433,2.07,2026-05-23 11:20:53.544688+00
9434,3.59,2026-05-23 11:21:18.746707+00
9435,1.16,2026-05-23 11:21:35.347131+00
9436,3.99,2026-05-23 11:22:08.616529+00
9437,9.67,2026-05-23 11:22:50.263718+00
9438,4.12,2026-05-23 11:23:23.821858+00
9439,5.6,2026-05-23 11:23:57.071794+00
9440,2.1,2026-05-23 11:24:22.108368+00
9441,21.71,2026-05-23 11:25:11.941213+00
9442,7.1,2026-05-23 11:25:53.589538+00
9443,4.29,2026-05-23 11:26:18.385427+00
9444,1.75,2026-05-23 11:26:43.637718+00
9445,4.46,2026-05-23 11:27:16.921932+00
9446,1.86,2026-05-23 11:27:33.549+00
9447,1.8,2026-05-23 11:27:58.729039+00
9448,2,2026-05-23 11:28:15.367997+00
9449,1.62,2026-05-23 11:28:32.128511+00
9450,1.26,2026-05-23 11:28:48.820613+00
9451,1.85,2026-05-23 11:29:14.092634+00
9452,1.33,2026-05-23 11:29:30.881751+00
9453,1.01,2026-05-23 11:29:39.140096+00
9454,14.82,2026-05-23 11:30:28.754946+00
9455,2.08,2026-05-23 11:30:53.923436+00
9456,1.36,2026-05-23 11:31:10.517308+00
9457,1.04,2026-05-23 11:31:18.844667+00
9458,3.45,2026-05-23 11:31:52.092183+00
9459,1.37,2026-05-23 11:32:08.985401+00
9460,1.21,2026-05-23 11:32:25.749578+00
9461,4.16,2026-05-23 11:32:50.513876+00
9462,10.59,2026-05-23 11:33:31.864884+00
9463,1.16,2026-05-23 11:33:48.417692+00
9464,1.74,2026-05-23 11:34:13.43625+00
9465,2.08,2026-05-23 11:34:30.042908+00
9466,2.93,2026-05-23 11:35:03.260642+00
9467,3.26,2026-05-23 11:35:28.426996+00
9468,1.11,2026-05-23 11:35:45.002206+00
9469,3.39,2026-05-23 11:36:09.885088+00
9470,4.54,2026-05-23 11:36:43.213054+00
9471,163.1,2026-05-23 11:37:57.37408+00
9472,3.04,2026-05-23 11:38:30.751031+00
9473,2.05,2026-05-23 11:38:47.403287+00
9474,9,2026-05-23 11:39:20.629739+00
9475,1.23,2026-05-23 11:39:37.511592+00
9476,1.57,2026-05-23 11:39:54.212594+00
9477,2.61,2026-05-23 11:40:19.187546+00
9478,2.06,2026-05-23 11:40:44.304723+00
9479,1.72,2026-05-23 11:41:00.982408+00
9480,9.81,2026-05-23 11:41:42.718693+00
9481,2.05,2026-05-23 11:41:59.241367+00
9482,9.42,2026-05-23 11:42:40.563252+00
9483,1.15,2026-05-23 11:42:57.322634+00
9484,10.26,2026-05-23 11:43:38.729906+00
9485,64.66,2026-05-23 11:44:44.531004+00
9486,2.21,2026-05-23 11:45:09.63695+00
9487,1.3,2026-05-23 11:45:26.457943+00
9488,1.09,2026-05-23 11:45:43.184381+00
9489,33.83,2026-05-23 11:46:32.813045+00
9490,1.09,2026-05-23 11:46:49.413288+00
9491,2.7,2026-05-23 11:47:14.359988+00
9492,12.51,2026-05-23 11:48:04.097048+00
9493,1.66,2026-05-23 11:48:20.722996+00
9494,2.2,2026-05-23 11:48:45.85045+00
9495,2.44,2026-05-23 11:49:11.099404+00
9496,6.16,2026-05-23 11:49:44.776065+00
9497,3.15,2026-05-23 11:50:09.77015+00
9498,1.6,2026-05-23 11:50:26.513991+00
9499,1.02,2026-05-23 11:50:43.072037+00
9500,338.28,2026-05-23 11:52:13.509363+00
9501,1.23,2026-05-23 11:52:21.812829+00
9502,3.59,2026-05-23 11:52:55.062705+00
9503,1.09,2026-05-23 11:53:11.974582+00
9504,1.8,2026-05-23 11:53:28.609008+00
9505,1.17,2026-05-23 11:53:45.21598+00
9506,6.02,2026-05-23 11:54:18.665404+00
9507,3.99,2026-05-23 11:54:52.071434+00
9508,1.36,2026-05-23 11:55:09.478179+00
9509,2.17,2026-05-23 11:55:26.331577+00
9510,191.28,2026-05-23 11:56:49.159807+00
9511,3.65,2026-05-23 11:57:14.321066+00
9512,1.38,2026-05-23 11:57:30.970884+00
9513,2.39,2026-05-23 11:57:55.912821+00
9514,3.64,2026-05-23 11:58:29.246521+00
9515,1.94,2026-05-23 11:58:45.956372+00
9516,4.31,2026-05-23 11:59:18.947847+00
9517,6.12,2026-05-23 12:00:00.510136+00
9518,1.85,2026-05-23 12:00:17.223885+00
9519,1.29,2026-05-23 12:00:34.014921+00
9520,1.95,2026-05-23 12:00:59.26162+00
9521,1.21,2026-05-23 12:01:07.516544+00
9522,1.19,2026-05-23 12:01:24.21027+00
9523,1.31,2026-05-23 12:01:40.842215+00
9524,1.9,2026-05-23 12:02:05.982637+00
9525,1.23,2026-05-23 12:02:22.693988+00
9526,1.08,2026-05-23 12:02:30.9952+00
9527,6.92,2026-05-23 12:03:12.361376+00
9528,1.16,2026-05-23 12:03:20.642592+00
9529,1.16,2026-05-23 12:03:37.333278+00
9530,4.42,2026-05-23 12:04:10.655588+00
9531,1.03,2026-05-23 12:04:27.463803+00
9532,4.66,2026-05-23 12:05:00.751017+00
9533,1.85,2026-05-23 12:05:17.533816+00
9534,1.36,2026-05-23 12:05:34.279218+00
9535,1.9,2026-05-23 12:05:59.418188+00
9536,2.11,2026-05-23 12:06:16.053382+00
9537,9.99,2026-05-23 12:06:57.336025+00
9538,1.01,2026-05-23 12:07:14.059077+00
9539,13.48,2026-05-23 12:07:55.519658+00
9540,3.25,2026-05-23 12:08:28.887892+00
9541,1.15,2026-05-23 12:08:37.232007+00
9542,1.86,2026-05-23 12:09:02.308976+00
9543,1.24,2026-05-23 12:09:18.925505+00
9544,1.54,2026-05-23 12:09:35.578564+00
9545,3.18,2026-05-23 12:10:00.357694+00
9546,1.47,2026-05-23 12:10:17.105361+00
9547,1.39,2026-05-23 12:10:41.958027+00
9548,2.19,2026-05-23 12:10:58.483708+00
9549,2.17,2026-05-23 12:11:23.281704+00
9550,1.38,2026-05-23 12:11:39.919247+00
9551,1.34,2026-05-23 12:11:56.472555+00
9552,9.69,2026-05-23 12:12:37.738644+00
9553,1.2,2026-05-23 12:12:54.48679+00
9554,10.9,2026-05-23 12:13:35.878862+00
9555,1.46,2026-05-23 12:13:52.432727+00
9556,1.63,2026-05-23 12:14:08.989201+00
9557,5.26,2026-05-23 12:14:42.151748+00
9558,1.07,2026-05-23 12:14:58.632904+00
9559,2.32,2026-05-23 12:15:23.672026+00
9560,2.7,2026-05-23 12:15:48.683628+00
9561,1.06,2026-05-23 12:16:05.223939+00
9562,1.75,2026-05-23 12:16:22.478285+00
9563,3.71,2026-05-23 12:16:55.891983+00
9564,3.59,2026-05-23 12:17:21.163017+00
9565,2.24,2026-05-23 12:17:46.079719+00
9566,15.22,2026-05-23 12:18:36.13608+00
9567,7.89,2026-05-23 12:19:17.478732+00
9568,25.16,2026-05-23 12:20:06.951462+00
9569,1.77,2026-05-23 12:20:32.097795+00
9570,1.8,2026-05-23 12:20:48.902189+00
9571,7.15,2026-05-23 12:21:30.638939+00
9572,3.16,2026-05-23 12:21:55.649199+00
9573,1.05,2026-05-23 12:22:04.015068+00
9574,2.84,2026-05-23 12:22:37.493642+00
9575,1.03,2026-05-23 12:22:45.739665+00
9576,1.89,2026-05-23 12:23:10.780141+00
9577,1.01,2026-05-23 12:23:19.013214+00
9578,14.19,2026-05-23 12:24:08.628451+00
9579,1.96,2026-05-23 12:24:25.390006+00
9580,4.41,2026-05-23 12:24:58.547581+00
9581,1.18,2026-05-23 12:25:15.148648+00
9582,7,2026-05-23 12:25:56.702023+00
9583,1.17,2026-05-23 12:26:13.290807+00
9584,9.69,2026-05-23 12:26:46.692428+00
9585,1.23,2026-05-23 12:27:03.404672+00
9586,43.84,2026-05-23 12:28:01.236016+00
9587,1.52,2026-05-23 12:28:17.794238+00
9588,2.1,2026-05-23 12:28:42.845697+00
9589,2.21,2026-05-23 12:29:07.789176+00
9590,1.03,2026-05-23 12:29:57.41056+00
9591,1.68,2026-05-23 12:30:13.897197+00
9592,2.49,2026-05-23 12:30:38.920798+00
9593,1.44,2026-05-23 12:30:55.461045+00
9594,1.54,2026-05-23 12:31:12.079413+00
9595,1.3,2026-05-23 12:31:28.760035+00
9596,2.36,2026-05-23 12:31:53.747807+00
9597,1.7,2026-05-23 12:32:19.233858+00
9598,4.08,2026-05-23 12:32:43.953651+00
9599,1.91,2026-05-23 12:33:08.943016+00
9600,12.29,2026-05-23 12:33:50.309233+00
9601,1.07,2026-05-23 12:34:06.978711+00
9602,1.19,2026-05-23 12:34:23.534531+00
9603,1.09,2026-05-23 12:34:31.962725+00
9604,4.48,2026-05-23 12:35:05.019715+00
9605,1.06,2026-05-23 12:35:21.87403+00
9606,3.33,2026-05-23 12:35:46.72773+00
9607,2.5,2026-05-23 12:36:11.703822+00
9608,3.73,2026-05-23 12:36:45.074735+00
9609,1.47,2026-05-23 12:37:01.886638+00
9610,1.03,2026-05-23 12:37:18.720046+00
9611,1.58,2026-05-23 12:37:35.578936+00
9612,1.25,2026-05-23 12:37:52.313011+00
9613,8.76,2026-05-23 12:38:33.730711+00
9614,1.56,2026-05-23 12:38:50.51954+00
9615,2.11,2026-05-23 12:39:07.009033+00
9616,1.36,2026-05-23 12:39:23.61343+00
9617,1.08,2026-05-23 12:39:40.471935+00
9618,9.2,2026-05-23 12:40:13.521731+00
9619,1.01,2026-05-23 12:40:30.368013+00
9620,3.65,2026-05-23 12:40:55.184224+00
9621,1.55,2026-05-23 12:41:20.203632+00
9622,4.07,2026-05-23 12:41:45.0276+00
9623,1.44,2026-05-23 12:42:01.475898+00
9624,1.6,2026-05-23 12:42:26.665239+00
9625,1.08,2026-05-23 12:42:34.938721+00
9626,1.56,2026-05-23 12:42:59.927818+00
9627,15.92,2026-05-23 12:43:41.307376+00
9628,1.18,2026-05-23 12:43:57.930623+00
9629,2.4,2026-05-23 12:44:23.027687+00
9630,16.38,2026-05-23 12:45:12.594044+00
9631,1.41,2026-05-23 12:45:29.3076+00
9632,1.07,2026-05-23 12:45:46.087743+00
9633,2.14,2026-05-23 12:46:02.515145+00
9634,1.17,2026-05-23 12:46:19.290355+00
9635,2.08,2026-05-23 12:46:44.158825+00
9636,1.46,2026-05-23 12:47:01.008445+00
9637,1.3,2026-05-23 12:47:17.650987+00
9638,1.9,2026-05-23 12:47:34.424544+00
9639,2.76,2026-05-23 12:47:59.74103+00
9640,8.82,2026-05-23 12:48:41.152134+00
9641,13.89,2026-05-23 12:49:30.887981+00
9642,1.2,2026-05-23 12:49:47.662205+00
9643,1.23,2026-05-23 12:50:04.348462+00
9644,8.47,2026-05-23 12:50:37.603072+00
9645,3.09,2026-05-23 12:51:10.930635+00
9646,3.25,2026-05-23 12:51:35.989062+00
9647,501,2026-05-23 12:53:06.696852+00
9648,2.33,2026-05-23 12:53:32.033069+00
9649,1.24,2026-05-23 12:53:48.67397+00
9650,1.57,2026-05-23 12:54:05.374159+00
9651,2.09,2026-05-23 12:54:30.266296+00
9652,11.79,2026-05-23 12:55:11.850045+00
9653,1.24,2026-05-23 12:56:01.684605+00
9654,1.68,2026-05-23 12:56:18.328594+00
9655,3.62,2026-05-23 12:56:51.819298+00
9656,1.45,2026-05-23 12:57:08.548958+00
9657,8.07,2026-05-23 12:57:50.040065+00
9658,1.57,2026-05-23 12:58:06.597244+00
9659,31.26,2026-05-23 12:59:04.632878+00
9660,57.72,2026-05-23 13:00:10.689227+00
9661,1.38,2026-05-23 13:00:27.702005+00
9662,2.22,2026-05-23 13:00:44.402195+00
9663,1.76,2026-05-23 13:01:09.570635+00
9664,2.69,2026-05-23 13:01:34.494666+00
9665,1.84,2026-05-23 13:01:50.985344+00
9666,3.01,2026-05-23 13:02:24.2264+00
9667,11.3,2026-05-23 13:03:05.468015+00
9668,1.01,2026-05-23 13:03:13.804644+00
9669,1.04,2026-05-23 13:03:30.542987+00
9670,1.75,2026-05-23 13:03:47.264484+00
9671,6.27,2026-05-23 13:04:30.393202+00
9672,1.01,2026-05-23 14:46:32.940921+00
9673,1.97,2026-05-23 14:46:42.72599+00
9674,1.58,2026-05-23 14:47:07.774699+00
9675,1.07,2026-05-23 14:47:16.288809+00
9676,22.49,2026-05-23 14:48:14.215381+00
9677,1.97,2026-05-23 14:48:30.989511+00
9678,17.02,2026-05-23 14:49:20.827303+00
9679,1.39,2026-05-23 14:49:37.707008+00
9680,2.54,2026-05-23 14:50:02.800313+00
9681,1.23,2026-05-23 14:50:19.640477+00
9682,2.04,2026-05-23 14:50:44.710864+00
9683,1.07,2026-05-23 14:50:53.126449+00
9684,1.77,2026-05-23 14:51:18.076926+00
9685,1.34,2026-05-23 14:51:34.909234+00
9686,1.14,2026-05-23 14:51:43.218895+00
9687,1.44,2026-05-23 14:52:08.187845+00
9688,1.95,2026-05-23 14:52:25.015518+00
9689,1.64,2026-05-23 14:52:41.801361+00
9690,1.27,2026-05-23 14:52:58.658346+00
9691,1.18,2026-05-23 14:53:15.37767+00
9692,1.38,2026-05-23 14:53:32.012149+00
9693,2.5,2026-05-23 14:54:31.392387+00
9694,3.09,2026-05-23 14:54:56.413409+00
9695,1.23,2026-05-23 14:55:13.210792+00
9696,2.98,2026-05-23 14:55:38.203976+00
9697,1.05,2026-05-23 14:55:54.710081+00
9698,1.04,2026-05-23 14:56:11.474416+00
9699,1.08,2026-05-23 14:56:19.814081+00
9700,4.86,2026-05-23 14:56:53.073288+00
9701,1.66,2026-05-23 14:57:18.154693+00
9702,2.03,2026-05-23 14:57:34.807375+00
9703,1.09,2026-05-23 14:57:51.710224+00
9704,501,2026-05-23 14:59:22.464869+00
9705,1.83,2026-05-23 14:59:39.300722+00
9706,2.6,2026-05-23 15:00:04.686966+00
9707,1.17,2026-05-23 15:00:21.5194+00
9708,3.45,2026-05-23 15:00:54.850905+00
9709,1.88,2026-05-23 15:01:11.909935+00
9710,22.34,2026-05-23 15:02:01.615036+00
9711,1.15,2026-05-23 15:02:18.253995+00
9712,1.33,2026-05-23 15:02:35.021093+00
9713,2.12,2026-05-23 15:02:59.940077+00
9714,4.67,2026-05-23 15:03:33.277656+00
9715,3.41,2026-05-23 15:04:06.576965+00
9716,1.11,2026-05-23 15:04:14.862947+00
9717,31.57,2026-05-23 15:05:13.380284+00
9718,1.37,2026-05-23 15:05:30.453707+00
9719,3.97,2026-05-23 15:06:04.015859+00
9720,3.65,2026-05-23 15:06:29.096559+00
9721,6.12,2026-05-23 15:07:02.42162+00
9722,1.06,2026-05-23 15:07:19.130967+00
9723,2.1,2026-05-23 15:07:44.431399+00
9724,1.5,2026-05-23 15:08:01.062787+00
9725,1.53,2026-05-23 15:08:26.018914+00
9726,4.31,2026-05-23 15:08:51.034431+00
9727,3.43,2026-05-23 15:09:24.261884+00
9728,1.17,2026-05-23 15:09:41.107106+00
9729,39.75,2026-05-23 15:10:39.105388+00
9730,1.25,2026-05-23 15:10:55.990525+00
9731,1.66,2026-05-23 15:11:12.67903+00
9732,9.01,2026-05-23 15:11:46.136793+00
9733,1.09,2026-05-23 15:12:02.74864+00
9734,3.84,2026-05-23 15:12:27.910628+00
9735,1.12,2026-05-23 15:12:44.475128+00
9736,4.17,2026-05-23 15:13:17.919991+00
9737,3.16,2026-05-23 15:13:43.148896+00
9738,1.18,2026-05-23 15:13:59.895685+00
9739,7.6,2026-05-23 15:14:33.237028+00
9740,1.23,2026-05-23 15:14:49.78357+00
9741,1.07,2026-05-23 15:15:06.393294+00
9742,1.13,2026-05-23 15:15:23.073805+00
9743,1.76,2026-05-23 15:15:39.717787+00
9744,9.38,2026-05-23 15:16:21.287794+00
9745,49.42,2026-05-23 15:17:27.625425+00
9746,2.56,2026-05-23 15:17:52.915123+00
9747,2.11,2026-05-23 15:18:09.627895+00
9748,1.77,2026-05-23 15:18:34.949203+00
9749,8.3,2026-05-23 15:19:08.257139+00
9750,1.48,2026-05-23 15:19:33.361067+00
9751,1.07,2026-05-23 15:19:41.755892+00
9752,1.07,2026-05-23 15:19:58.626993+00
9753,2.92,2026-05-23 15:20:23.391816+00
9754,1.63,2026-05-23 15:20:40.214071+00
9755,2.01,2026-05-23 15:21:05.243048+00
9756,1.68,2026-05-23 15:21:22.285394+00
9757,1.1,2026-05-23 15:21:38.938571+00
9758,3.82,2026-05-23 15:22:12.286217+00
9759,2.17,2026-05-23 15:22:37.428649+00
9760,1.41,2026-05-23 15:22:54.212751+00
9761,1.27,2026-05-23 15:23:10.897006+00
9762,1.02,2026-05-23 15:23:19.248809+00
9763,1.67,2026-05-23 15:23:36.101972+00
9764,1.67,2026-05-23 15:24:01.193967+00
9765,21.95,2026-05-23 15:24:51.034588+00
9766,1.25,2026-05-23 15:25:07.616703+00
9767,1.1,2026-05-23 15:25:24.362996+00
9768,1.42,2026-05-23 15:25:41.282436+00
9769,1.59,2026-05-23 15:25:57.861267+00
9770,7.04,2026-05-23 15:26:31.314191+00
9771,2.8,2026-05-23 15:27:05.594736+00
9772,7.06,2026-05-23 15:27:39.057109+00
9773,1.24,2026-05-23 15:27:55.837623+00
9774,1.42,2026-05-23 15:28:12.602132+00
9775,2.51,2026-05-23 15:28:37.768446+00
9776,3.62,2026-05-23 15:29:02.74888+00
9777,1.29,2026-05-23 15:29:19.338963+00
9778,1.71,2026-05-23 15:29:44.388664+00
9779,5.99,2026-05-23 15:30:17.665367+00
9780,3.04,2026-05-23 15:30:42.773064+00
9781,1.15,2026-05-23 15:30:59.59312+00
9782,1.19,2026-05-23 15:31:16.567975+00
9783,3,2026-05-23 15:31:41.756616+00
9784,2.5,2026-05-23 15:32:07.138746+00
9785,1.41,2026-05-23 15:32:23.819618+00
9786,1.05,2026-05-23 15:32:40.668425+00
9787,1.55,2026-05-23 15:32:57.590359+00
9788,1.24,2026-05-23 15:33:14.516087+00
9789,1.1,2026-05-23 15:33:22.741713+00
9790,1.55,2026-05-23 15:33:48.050568+00
9791,1.01,2026-05-23 15:33:56.496986+00
9792,4.07,2026-05-23 15:34:29.912936+00
9793,1.3,2026-05-23 15:34:46.828696+00
9794,1.54,2026-05-23 15:35:03.58537+00
9795,1.24,2026-05-23 15:35:20.326395+00
9796,2.79,2026-05-23 15:35:45.596595+00
9797,1.52,2026-05-23 15:36:02.200019+00
9798,1.87,2026-05-23 15:36:27.110752+00
9799,1.65,2026-05-23 15:36:43.967476+00
9800,1.83,2026-05-23 15:37:00.527135+00
9801,1.88,2026-05-23 15:37:25.776725+00
9802,1.45,2026-05-23 15:37:42.766012+00
9803,10.42,2026-05-23 15:38:23.92383+00
9804,6.71,2026-05-23 15:38:57.066591+00
9805,9.2,2026-05-23 15:39:38.848133+00
9806,2.53,2026-05-23 15:40:04.032809+00
9807,3.38,2026-05-23 15:40:29.340873+00
9808,2.49,2026-05-23 15:40:54.36204+00
9809,1.67,2026-05-23 15:41:11.09397+00
9810,1.75,2026-05-23 15:41:36.295491+00
9811,2.39,2026-05-23 15:41:52.882016+00
9812,2.27,2026-05-23 15:42:18.118794+00
9813,4.99,2026-05-23 15:42:51.501863+00
9814,2.1,2026-05-23 15:43:16.478113+00
9815,2.68,2026-05-23 15:43:41.672601+00
9816,4.33,2026-05-23 15:44:15.192458+00
9817,3.92,2026-05-23 15:44:48.561905+00
9818,2.66,2026-05-23 15:45:13.759159+00
9819,1.25,2026-05-23 15:45:30.502705+00
9820,1.37,2026-05-23 15:45:47.204531+00
9821,1.09,2026-05-23 15:45:55.642143+00
9822,1.01,2026-05-23 15:46:12.265235+00
9823,1.36,2026-05-23 15:46:29.009836+00
9824,4.34,2026-05-23 15:47:02.357079+00
9825,1.33,2026-05-23 15:47:19.225691+00
9826,1.61,2026-05-23 15:47:36.343343+00
9827,2.34,2026-05-23 15:48:01.782052+00
9828,1.22,2026-05-23 15:48:18.273432+00
9829,1.9,2026-05-23 15:48:35.125532+00
9830,3.5,2026-05-23 15:49:00.219027+00
9831,10.12,2026-05-23 15:49:50.121467+00
9832,2.98,2026-05-23 15:50:15.266348+00
9833,2.12,2026-05-23 15:50:31.944056+00
9834,1.83,2026-05-23 15:50:57.250236+00
9835,1.12,2026-05-23 15:51:14.01709+00
9836,1.91,2026-05-23 15:51:30.949006+00
9837,1.07,2026-05-23 15:51:47.791091+00
9838,1.12,2026-05-23 15:52:04.777859+00
9839,1.53,2026-05-23 15:52:22.187964+00
9840,1.21,2026-05-23 15:52:30.468867+00
9841,9.2,2026-05-23 15:53:12.668231+00
9842,1.95,2026-05-23 15:53:29.247693+00
9843,2.28,2026-05-23 15:53:56.110641+00
9844,1.35,2026-05-23 15:54:12.894881+00
9845,2.22,2026-05-23 15:54:38.334998+00
9846,2.65,2026-05-23 15:55:03.552372+00
9847,23.55,2026-05-23 15:55:55.49663+00
9848,1.24,2026-05-23 15:56:03.816425+00
9849,12.68,2026-05-23 15:56:53.918707+00
9850,1.36,2026-05-23 15:57:10.557818+00
9851,2.01,2026-05-23 15:57:27.385131+00
9852,1.39,2026-05-23 15:57:52.275647+00
9853,1.97,2026-05-23 15:58:08.929845+00
9854,1.47,2026-05-23 15:58:25.631601+00
9855,8.98,2026-05-23 15:59:07.177254+00
9856,1.82,2026-05-23 15:59:32.392127+00
9857,1.26,2026-05-23 15:59:49.121329+00
9858,7.49,2026-05-23 16:00:22.501663+00
9859,2.69,2026-05-23 16:01:12.674089+00
9860,1.88,2026-05-23 16:01:37.886963+00
9861,1.7,2026-05-23 16:01:54.472642+00
9862,2.09,2026-05-23 16:02:19.598441+00
9863,2.02,2026-05-23 16:02:36.098007+00
9864,9.01,2026-05-23 16:03:17.522405+00
9865,2.16,2026-05-23 16:03:42.786714+00
9866,1.45,2026-05-23 16:03:59.428945+00
9867,7.33,2026-05-23 16:04:40.840452+00
9868,1.26,2026-05-23 16:04:57.443621+00
9869,1.01,2026-05-23 16:05:38.936043+00
9870,1.22,2026-05-23 16:05:55.41466+00
9871,1.83,2026-05-23 16:06:20.592896+00
9872,9.9,2026-05-23 16:06:53.800898+00
9873,1.13,2026-05-23 16:07:10.568889+00
9874,15.43,2026-05-23 16:07:52.056173+00
9875,1.01,2026-05-23 16:08:08.918444+00
9876,1.13,2026-05-23 16:08:25.58659+00
9877,4.53,2026-05-23 16:08:50.758737+00
9878,2.87,2026-05-23 16:09:23.994141+00
9879,1.5,2026-05-23 16:09:40.888003+00
9880,1.1,2026-05-23 16:09:49.194026+00
9881,1.49,2026-05-23 16:10:14.057458+00
9882,4.53,2026-05-23 16:11:12.330576+00
9883,2.44,2026-05-23 16:11:37.245584+00
9884,3.64,2026-05-23 16:12:10.611052+00
9885,1.11,2026-05-23 16:12:27.336398+00
9886,1.1,2026-05-23 16:12:35.802366+00
9887,1.09,2026-05-23 16:12:52.46419+00
9888,2.63,2026-05-23 16:13:17.33101+00
9889,6.37,2026-05-23 16:13:50.474807+00
9890,1.16,2026-05-23 16:14:07.262346+00
9891,1.6,2026-05-23 16:14:23.879257+00
9892,1.62,2026-05-23 16:14:48.814913+00
9893,1.78,2026-05-23 16:15:05.614735+00
9894,1.21,2026-05-23 16:15:22.254967+00
9895,4.47,2026-05-23 16:15:55.650992+00
9896,1.07,2026-05-23 16:16:12.386032+00
9897,3.01,2026-05-23 16:16:37.392235+00
9898,1.68,2026-05-23 16:16:54.155042+00
9899,1.24,2026-05-23 16:17:10.722392+00
9900,2.41,2026-05-23 16:17:52.615351+00
9901,1.29,2026-05-23 16:17:52.615351+00
9902,1.53,2026-05-23 16:18:09.185514+00
9903,1.31,2026-05-23 16:18:25.869009+00
9904,3.07,2026-05-23 16:18:50.861034+00
9905,38.35,2026-05-23 16:19:48.384063+00
9906,2.55,2026-05-23 16:20:13.311822+00
9907,1.02,2026-05-23 16:20:29.95076+00
9908,1.19,2026-05-23 16:20:46.79227+00
9909,1.1,2026-05-23 16:20:55.063084+00
9910,1.84,2026-05-23 16:21:20.000008+00
9911,1.02,2026-05-23 16:21:36.734983+00
9912,1.22,2026-05-23 16:21:44.959224+00
9913,2.5,2026-05-23 16:22:10.007015+00
9914,1.86,2026-05-23 16:22:35.170526+00
9915,1.08,2026-05-23 16:22:43.512995+00
9916,1.34,2026-05-23 16:23:00.244171+00
9917,1.31,2026-05-23 16:23:16.886449+00
9918,2.21,2026-05-23 16:23:41.876717+00
9919,1.83,2026-05-23 16:24:06.907859+00
9920,1.1,2026-05-23 16:24:15.354019+00
9921,9.04,2026-05-23 16:24:56.63138+00
9922,1.79,2026-05-23 16:25:21.669166+00
9923,4.14,2026-05-23 16:25:46.753154+00
9924,1.42,2026-05-23 16:26:11.728633+00
9925,3.11,2026-05-23 16:26:36.770459+00
9926,2.61,2026-05-23 16:27:01.901738+00
9927,2.42,2026-05-23 16:27:43.434638+00
9928,2.06,2026-05-23 16:27:43.434638+00
9929,1.48,2026-05-23 16:28:08.356255+00
9930,4.07,2026-05-23 16:28:33.483798+00
9931,6.04,2026-05-23 16:29:06.605644+00
9932,1.87,2026-05-23 16:29:31.628557+00
9933,9.3,2026-05-23 16:30:13.317735+00
9934,1.05,2026-05-23 16:30:30.238375+00
9935,3.85,2026-05-23 16:30:54.933508+00
9936,1.18,2026-05-23 16:31:11.659818+00
9937,4.33,2026-05-23 16:31:44.993193+00
9938,1.66,2026-05-23 16:32:01.716283+00
9939,117.48,2026-05-23 16:33:15.824462+00
9940,1.85,2026-05-23 16:33:32.651732+00
9941,1.47,2026-05-23 16:33:57.894349+00
9942,1.16,2026-05-23 16:34:06.154527+00
9943,1.81,2026-05-23 16:34:31.120585+00
9944,1.7,2026-05-23 16:34:47.811052+00
9945,2,2026-05-23 16:35:46.743404+00
9946,1.02,2026-05-23 16:36:03.502963+00
9947,1.17,2026-05-23 16:36:20.318641+00
9948,1.36,2026-05-23 16:36:37.003382+00
9949,1.2,2026-05-23 16:36:53.754921+00
9950,1.19,2026-05-23 16:37:02.059932+00
9951,9.67,2026-05-23 16:37:43.776485+00
9952,6.81,2026-05-23 16:38:16.999613+00
9953,9.4,2026-05-23 16:38:50.297915+00
9954,3.44,2026-05-23 16:39:23.375898+00
9955,1.39,2026-05-23 16:39:40.168545+00
9956,9.97,2026-05-23 16:40:13.693872+00
9957,7.1,2026-05-23 16:40:47.043204+00
9958,7.11,2026-05-23 16:41:28.756388+00
9959,1.21,2026-05-23 16:41:45.468046+00
9960,1.06,2026-05-23 16:42:02.120139+00
9961,1.17,2026-05-23 16:42:10.310676+00
9962,2.86,2026-05-23 16:42:35.130212+00
9963,1.6,2026-05-23 16:43:00.343199+00
9964,1.12,2026-05-23 16:43:08.617484+00
9965,1.12,2026-05-23 16:43:25.203387+00
9966,1.84,2026-05-23 16:43:50.387324+00
9967,2.04,2026-05-23 16:44:07.020028+00
9968,2.28,2026-05-23 16:44:31.989919+00
9969,12.13,2026-05-23 16:45:13.174034+00
9970,1.28,2026-05-23 16:45:29.843225+00
9971,3.53,2026-05-23 16:46:03.317199+00
9972,1.75,2026-05-23 16:46:20.019736+00
9973,1.12,2026-05-23 16:46:36.552895+00
9974,29.72,2026-05-23 16:47:34.325791+00
9975,6.19,2026-05-23 16:48:07.690671+00
9976,76.79,2026-05-23 16:49:13.538115+00
9977,1.05,2026-05-23 16:49:30.339424+00
9978,6.4,2026-05-23 16:50:03.470402+00
9979,1.01,2026-05-23 16:50:20.492554+00
9980,3.8,2026-05-23 16:50:45.552223+00
9981,1.57,2026-05-23 16:51:10.69855+00
9982,1.64,2026-05-23 16:51:27.51462+00
9983,1.75,2026-05-23 16:51:44.271394+00
9984,1.84,2026-05-23 16:52:09.329712+00
9985,11.59,2026-05-23 16:52:50.669469+00
9986,1.38,2026-05-23 16:53:07.355866+00
9987,1.58,2026-05-23 16:53:24.029886+00
9988,1.5,2026-05-23 16:53:49.181999+00
9989,1.15,2026-05-23 16:53:57.449252+00
9990,1.49,2026-05-23 16:54:22.370462+00
9991,2.36,2026-05-23 16:54:39.020323+00
9992,1.19,2026-05-23 16:54:55.543884+00
9993,1.01,2026-05-23 16:55:12.371001+00
9994,10.24,2026-05-23 16:55:54.079939+00
9995,24.29,2026-05-23 16:56:44.167923+00
9996,12.75,2026-05-23 16:57:34.27596+00
9997,1.84,2026-05-23 16:57:51.145637+00
9998,18.04,2026-05-23 16:58:40.970828+00
9999,7.82,2026-05-23 16:59:22.643194+00
10000,2.67,2026-05-23 16:59:47.608982+00
10001,11.08,2026-05-23 17:00:29.559242+00
10002,3.87,2026-05-23 17:01:03.263434+00
10003,6.87,2026-05-23 17:01:36.688793+00
10004,3.36,2026-05-23 17:02:01.74531+00
10005,4.57,2026-05-23 17:02:34.935628+00
10006,1.87,2026-05-23 17:03:00.259873+00
10007,3.64,2026-05-23 17:03:25.419249+00
10008,1.58,2026-05-23 17:03:42.151231+00
10009,40.59,2026-05-23 17:04:48.747371+00
10010,7.83,2026-05-23 17:05:21.737351+00
10011,1.05,2026-05-23 17:05:38.550708+00
10012,477.12,2026-05-23 17:07:04.906934+00
10013,2.34,2026-05-23 17:07:29.826029+00
10014,4.2,2026-05-23 17:08:03.786806+00
10015,3.64,2026-05-23 17:08:28.916106+00
10016,2.89,2026-05-23 17:09:02.637932+00
10017,1.16,2026-05-23 17:09:10.940381+00
10018,2.86,2026-05-23 17:09:44.438911+00
10019,20.5,2026-05-23 17:10:34.269573+00
10020,1.04,2026-05-23 17:10:42.688682+00
10021,1.01,2026-05-23 17:10:59.352079+00
10022,1.05,2026-05-23 17:11:07.794405+00
10023,4.08,2026-05-23 17:11:41.45458+00
10024,1.06,2026-05-23 17:11:58.240443+00
10025,1.13,2026-05-23 17:12:06.751613+00
10026,1.18,2026-05-23 17:12:23.423732+00
10027,1.5,2026-05-23 17:12:40.036323+00
10028,17.4,2026-05-23 17:13:30.112486+00
10029,2.82,2026-05-23 17:13:55.013221+00
10030,1.72,2026-05-23 17:14:20.084897+00
10031,1.26,2026-05-23 17:14:36.934215+00
10032,1.34,2026-05-23 17:14:53.864517+00
10033,11.4,2026-05-23 17:15:35.515321+00
10034,5.26,2026-05-23 17:16:08.785308+00
10035,1.98,2026-05-23 17:16:33.938024+00
10036,13.34,2026-05-23 17:17:15.864397+00
10037,2.18,2026-05-23 17:17:41.795487+00
10038,1.09,2026-05-23 17:17:50.243156+00
10039,11.92,2026-05-23 17:18:40.081069+00
10040,2.23,2026-05-23 17:18:56.622384+00
10041,4.94,2026-05-23 17:19:29.895497+00
10042,16.79,2026-05-23 17:20:20.005718+00
10043,13.22,2026-05-23 17:21:09.745923+00
10044,1.32,2026-05-23 17:21:26.409001+00
10045,9.2,2026-05-23 17:22:00.062235+00
10046,9.11,2026-05-23 17:22:42.305921+00
10047,1.74,2026-05-23 17:22:59.160687+00
10048,9.07,2026-05-23 17:23:32.613977+00
10049,1.38,2026-05-23 17:23:49.353096+00
10050,1.62,2026-05-23 17:24:06.121799+00
10051,1.06,2026-05-23 17:24:22.837053+00
10052,1.27,2026-05-23 17:24:39.815768+00
10053,1.53,2026-05-23 17:24:56.405391+00
10054,1.31,2026-05-23 17:25:13.133553+00
10055,1.09,2026-05-23 17:25:29.86575+00
10056,10.17,2026-05-23 17:26:11.422926+00
10057,1.27,2026-05-23 17:26:28.076928+00
10058,1.29,2026-05-23 17:26:44.940143+00
10059,3.12,2026-05-23 17:27:09.96471+00
10060,2.45,2026-05-23 17:27:35.10672+00
10061,50.21,2026-05-23 17:28:33.467369+00
10062,1.59,2026-05-23 17:28:50.383636+00
10063,1.59,2026-05-23 17:29:15.386915+00
10064,1.01,2026-05-23 17:29:23.593593+00
10065,1.17,2026-05-23 17:29:40.313986+00
10066,1.03,2026-05-23 17:29:56.848797+00
10067,1.45,2026-05-23 17:30:13.59196+00
10068,3.67,2026-05-23 17:30:38.822998+00
10069,8.2,2026-05-23 17:31:20.50728+00
10070,2.22,2026-05-23 17:31:45.648214+00
10071,4.63,2026-05-23 17:32:19.299174+00
10072,1.34,2026-05-23 17:32:36.033021+00
10073,3.56,2026-05-23 17:33:00.944738+00
10074,1.25,2026-05-23 17:33:17.535933+00
10075,1.29,2026-05-23 17:33:59.47844+00
10076,2.64,2026-05-23 17:34:24.615259+00
10077,2.46,2026-05-23 17:34:49.67918+00
10078,3.16,2026-05-23 17:35:14.73407+00
10079,14.78,2026-05-23 17:36:04.604168+00
10080,1.07,2026-05-23 17:36:12.931541+00
10081,2.3,2026-05-23 17:36:37.863623+00
10082,3.38,2026-05-23 17:37:36.317388+00
10083,1.66,2026-05-23 17:38:01.733517+00
10084,1.17,2026-05-23 17:38:18.49216+00
10085,77.54,2026-05-23 17:39:24.607236+00
10086,6.71,2026-05-23 17:39:58.065402+00
10087,1.11,2026-05-23 17:40:14.777221+00
10088,1.01,2026-05-23 17:40:23.071807+00
10089,1.15,2026-05-23 17:40:39.746155+00
10090,2.69,2026-05-23 17:41:04.530064+00
10091,13.86,2026-05-23 17:41:54.196351+00
10092,1.14,2026-05-23 17:42:11.014614+00
10093,1.12,2026-05-23 17:42:19.237045+00
10094,1.26,2026-05-23 17:42:35.880417+00
10095,2.36,2026-05-23 17:43:00.705672+00
10096,9.53,2026-05-23 17:43:41.826422+00
10097,1.36,2026-05-23 17:43:58.602584+00
10098,1.33,2026-05-23 17:44:15.202407+00
10099,16.26,2026-05-23 17:45:04.815976+00
10100,18.78,2026-05-23 17:45:54.412475+00
10101,1.37,2026-05-23 17:46:11.036826+00
10102,2.82,2026-05-23 17:46:35.885458+00
10103,1.07,2026-05-23 17:46:52.726002+00
10104,3.53,2026-05-23 17:47:17.522991+00
10105,2.64,2026-05-23 17:47:42.32224+00
10106,1.45,2026-05-23 17:48:07.230232+00
10107,1.39,2026-05-23 17:48:23.986891+00
10108,1.5,2026-05-23 17:48:40.97468+00
10109,1.57,2026-05-23 17:48:57.706383+00
10110,1.28,2026-05-23 17:49:14.803665+00
10111,1.07,2026-05-23 17:49:31.764639+00
10112,14.25,2026-05-23 17:50:13.746426+00
10113,1.82,2026-05-23 17:50:30.356969+00
10114,1.18,2026-05-23 17:50:47.024107+00
10115,1.31,2026-05-23 17:51:03.577999+00
10116,1.1,2026-05-23 17:51:20.240403+00
10117,2.55,2026-05-23 17:51:45.624683+00
10118,2.68,2026-05-23 17:52:10.881286+00
10119,1.54,2026-05-23 17:52:27.485082+00
10120,1.24,2026-05-23 17:52:44.101947+00
10121,2.8,2026-05-23 17:53:08.943432+00
10122,2.97,2026-05-23 17:53:33.930474+00
10123,8.7,2026-05-23 17:54:15.547929+00
10124,301.42,2026-05-23 17:55:46.834892+00
10125,1.44,2026-05-23 17:56:03.579064+00
10126,1.02,2026-05-23 17:56:11.903081+00
10127,2.48,2026-05-23 17:56:37.529251+00
10128,1.63,2026-05-23 17:56:54.468579+00
10129,1.02,2026-05-23 17:57:14.99132+00
10130,30.04,2026-05-23 17:58:07.142381+00
10131,1.17,2026-05-23 17:58:23.825636+00
10132,4.94,2026-05-23 17:58:52.003789+00
10133,1.5,2026-05-23 17:59:08.594714+00
10134,1.04,2026-05-23 17:59:25.669104+00
10135,1.5,2026-05-23 17:59:42.797317+00
10136,1.34,2026-05-23 18:00:00.528372+00
10137,1.13,2026-05-23 18:00:20.863484+00
10138,1.14,2026-05-23 18:00:31.389063+00
10139,15.24,2026-05-23 18:01:13.369975+00
10140,1.04,2026-05-23 18:01:29.97836+00
10141,8.28,2026-05-23 18:02:11.428488+00
10142,1.76,2026-05-23 18:02:28.100744+00
10143,8.89,2026-05-23 18:03:10.00345+00
10144,2.3,2026-05-23 18:03:35.085625+00
10145,2.88,2026-05-23 18:04:00.121999+00
10146,1.06,2026-05-23 18:04:16.886622+00
10147,9.1,2026-05-23 18:04:50.238265+00
10148,1.2,2026-05-23 18:05:07.183737+00
10149,1.21,2026-05-23 18:05:15.542986+00
10150,501,2026-05-23 18:06:46.264646+00
10151,1.05,2026-05-23 18:07:02.948886+00
10152,3.04,2026-05-23 18:07:28.115998+00
10153,1.08,2026-05-23 18:07:44.95308+00
10154,1.09,2026-05-23 18:08:01.695442+00
10155,1.66,2026-05-23 18:08:18.370643+00
10156,7.01,2026-05-23 18:08:51.60743+00
10157,4.1,2026-05-23 18:09:24.707449+00
10158,1.15,2026-05-23 18:09:41.560416+00
10159,1.27,2026-05-23 18:09:58.280959+00
10160,5.08,2026-05-23 18:10:31.656981+00
10161,1.16,2026-05-23 18:10:48.387901+00
10162,6.34,2026-05-23 18:11:21.832049+00
10163,2.8,2026-05-23 18:11:47.176031+00
10164,9.14,2026-05-23 18:12:20.581956+00
10165,1.72,2026-05-23 18:12:37.167997+00
10166,2.03,2026-05-23 18:13:02.291915+00
10167,1.39,2026-05-23 18:13:18.997002+00
10168,1.27,2026-05-23 18:13:35.852493+00
10169,1.78,2026-05-23 18:13:52.662415+00
10170,1.3,2026-05-23 18:14:09.330333+00
10171,1.14,2026-05-23 18:14:25.974444+00
10172,1.25,2026-05-23 18:14:42.541218+00
10173,1.29,2026-05-23 18:15:15.779386+00
10174,2.44,2026-05-23 18:15:40.992621+00
10175,1.79,2026-05-23 18:16:06.088687+00
10176,2.13,2026-05-23 18:16:22.820513+00
10177,31.42,2026-05-23 18:17:20.521881+00
10178,14.27,2026-05-23 18:18:10.337752+00
10179,2.46,2026-05-23 18:18:35.473356+00
10180,3.05,2026-05-23 18:19:00.635432+00
10181,1.13,2026-05-23 18:19:17.283378+00
10182,1.6,2026-05-23 18:19:34.009587+00
10183,1.3,2026-05-23 18:19:50.844001+00
10184,1.25,2026-05-23 18:20:07.552393+00
10185,1.81,2026-05-23 18:20:24.361734+00
10186,1.64,2026-05-23 18:20:40.882034+00
10187,72.04,2026-05-23 18:21:46.926457+00
10188,4.74,2026-05-23 18:22:20.285712+00
10189,1.03,2026-05-23 18:23:10.287806+00
10190,1.67,2026-05-23 18:23:35.282853+00
10191,1.73,2026-05-23 18:23:51.972948+00
10192,17.31,2026-05-23 18:24:41.712398+00
10193,4.39,2026-05-23 18:25:15.457202+00
10194,1.94,2026-05-23 18:25:32.281933+00
10195,6.2,2026-05-23 18:26:05.403063+00
10196,1.39,2026-05-23 18:26:22.587054+00
10197,4.46,2026-05-23 18:26:56.254465+00
10198,2.55,2026-05-23 18:27:21.360701+00
10199,2.03,2026-05-23 18:27:46.444448+00
10200,2.52,2026-05-23 18:28:11.371309+00
10201,37.39,2026-05-23 18:29:09.295398+00
10202,3.24,2026-05-23 18:29:34.245628+00
10203,11.86,2026-05-23 18:30:24.06159+00
10204,1.27,2026-05-23 18:30:32.395016+00
10205,1.04,2026-05-23 18:30:49.103942+00
10206,6.79,2026-05-23 18:31:30.659898+00
10207,2.66,2026-05-23 18:31:55.904735+00
10208,1.55,2026-05-23 18:32:12.693201+00
10209,1.71,2026-05-23 18:32:29.44648+00
10210,1.7,2026-05-23 18:32:46.084076+00
10211,2.29,2026-05-23 18:33:10.948787+00
10212,4.19,2026-05-23 18:33:44.333775+00
10213,1.57,2026-05-23 18:34:00.966987+00
10214,16.42,2026-05-23 18:34:51.65741+00
10215,1.07,2026-05-23 18:35:10.407052+00
10216,3.46,2026-05-23 18:35:39.637522+00
10217,2.01,2026-05-23 18:35:56.479423+00
10218,3.61,2026-05-23 18:36:21.270041+00
10219,2.23,2026-05-23 18:36:46.299025+00
10220,41.34,2026-05-23 18:37:44.413091+00
10221,1.38,2026-05-23 18:38:02.427861+00
10222,2.12,2026-05-23 18:38:27.714189+00
10223,4.5,2026-05-23 18:39:04.268745+00
10224,1.52,2026-05-23 18:39:21.447037+00
10225,2.18,2026-05-23 18:39:38.132711+00
10226,1.02,2026-05-23 18:39:54.928442+00
10227,2.47,2026-05-23 18:40:45.544314+00
10228,3.46,2026-05-23 18:40:45.544314+00
10229,7.06,2026-05-23 18:41:22.558415+00
10230,96.13,2026-05-23 18:42:31.35208+00
10231,3.37,2026-05-23 18:43:04.883656+00
10232,1.74,2026-05-23 18:43:21.398542+00
10233,1.46,2026-05-23 18:43:38.078027+00
10234,11.23,2026-05-23 18:44:27.903071+00
10235,2.34,2026-05-23 18:44:44.666527+00
10236,10.91,2026-05-23 18:45:34.609611+00
10237,3.24,2026-05-23 18:45:59.699348+00
10238,1.05,2026-05-23 18:46:16.335456+00
10239,1.17,2026-05-23 18:46:24.598819+00
10240,2.55,2026-05-23 18:46:49.49992+00
10241,1.16,2026-05-23 18:47:06.308731+00
10242,1.64,2026-05-23 18:47:22.93107+00
10243,1.92,2026-05-23 18:47:48.127099+00
10244,1.66,2026-05-23 18:48:04.676811+00
10245,10.53,2026-05-23 18:48:45.941211+00
10246,1.42,2026-05-23 18:49:11.053507+00
10247,1.02,2026-05-23 18:49:19.378947+00
10248,1.02,2026-05-23 18:49:35.987543+00
10249,7.88,2026-05-23 18:50:09.213557+00
10250,10.53,2026-05-23 18:50:59.132418+00
10251,2.82,2026-05-23 18:51:24.126735+00
10252,1.02,2026-05-23 18:51:32.426571+00
10253,2.91,2026-05-23 18:51:57.450981+00
10254,1.98,2026-05-23 18:52:22.460542+00
10255,2.68,2026-05-23 18:52:48.267798+00
10256,7.25,2026-05-23 18:53:29.926052+00
10257,2.4,2026-05-23 18:53:46.561538+00
10258,1.13,2026-05-23 18:54:03.211361+00
10259,1.4,2026-05-23 18:54:19.808441+00
10260,1.13,2026-05-23 18:54:36.6054+00
10261,13.47,2026-05-23 18:55:18.069289+00
10262,3.31,2026-05-23 18:55:51.428247+00
10263,1.05,2026-05-23 18:55:59.857786+00
10264,7.56,2026-05-23 18:56:41.600479+00
10265,12.06,2026-05-23 18:57:22.935232+00
10266,1.16,2026-05-23 18:57:39.586993+00
10267,42.29,2026-05-23 18:58:45.811812+00
10268,8.48,2026-05-23 18:59:18.825985+00
10269,2.38,2026-05-23 18:59:44.019998+00
10270,1.04,2026-05-23 19:00:00.943617+00
10271,1.61,2026-05-23 19:00:17.75719+00
10272,6.01,2026-05-23 19:00:50.7507+00
10273,1.27,2026-05-23 19:01:07.358923+00
10274,8.49,2026-05-23 19:01:49.108834+00
10275,1.01,2026-05-23 19:02:06.017805+00
10276,1.65,2026-05-23 19:02:22.83997+00
10277,6.1,2026-05-23 19:02:56.0967+00
10278,2.38,2026-05-23 19:03:21.268046+00
10279,1.23,2026-05-23 19:03:38.122538+00
10280,1.07,2026-05-23 19:03:54.824041+00
10281,30.63,2026-05-23 19:04:44.390621+00
10282,23.24,2026-05-23 19:05:42.702964+00
10283,9.35,2026-05-23 19:06:24.382476+00
10284,2.25,2026-05-23 19:06:42.105974+00
10285,1.84,2026-05-23 19:07:07.191036+00
10286,1.28,2026-05-23 19:07:23.960832+00
10287,6.86,2026-05-23 19:07:57.050401+00
10288,12.42,2026-05-23 19:08:46.932843+00
10289,94.67,2026-05-23 19:09:53.401663+00
10290,1.05,2026-05-23 19:10:10.037742+00
10291,1.25,2026-05-23 19:10:26.78989+00
10292,1.53,2026-05-23 19:10:43.437641+00
10293,1.15,2026-05-23 19:10:51.793836+00
10294,2.1,2026-05-23 19:11:16.720108+00
10295,1.23,2026-05-23 19:11:33.350512+00
10296,2.13,2026-05-23 19:11:58.582437+00
10297,1.31,2026-05-23 19:12:15.325433+00
10298,1.27,2026-05-23 19:12:32.023676+00
10299,3.61,2026-05-23 19:12:57.212719+00
10300,10.53,2026-05-23 19:13:38.513996+00
10301,10.37,2026-05-23 19:14:20.181875+00
10302,3.67,2026-05-23 19:14:53.89128+00
10303,6.63,2026-05-23 19:15:27.105067+00
10304,1.63,2026-05-23 19:15:52.027437+00
10305,3.83,2026-05-23 19:16:16.904046+00
10306,11.79,2026-05-23 19:16:58.459982+00
10307,1.84,2026-05-23 19:17:23.428683+00
10308,1.18,2026-05-23 19:17:40.152033+00
10309,11.66,2026-05-23 19:18:21.570423+00
10310,1.62,2026-05-23 19:18:38.150942+00
10311,26.5,2026-05-23 19:19:36.616051+00
10312,1.05,2026-05-23 19:19:45.023639+00
10313,1.64,2026-05-23 19:20:10.316224+00
10314,9.02,2026-05-23 19:20:43.622068+00
10315,8.67,2026-05-23 19:21:25.484546+00
10316,4.85,2026-05-23 19:21:59.123249+00
10317,2.68,2026-05-23 19:22:24.456944+00
10318,4.22,2026-05-23 19:22:49.370924+00
10319,15.78,2026-05-23 19:23:38.834715+00
10320,4.36,2026-05-23 19:24:12.365291+00
10321,1.56,2026-05-23 19:24:29.117687+00
10322,1.14,2026-05-23 19:24:45.884977+00
10323,1.41,2026-05-23 19:25:02.769896+00
10324,1.8,2026-05-23 19:25:20.022042+00
10325,1.05,2026-05-23 19:25:36.874281+00
10326,8.91,2026-05-23 19:26:18.992122+00
10327,16.57,2026-05-23 19:27:07.084463+00
10328,38.13,2026-05-23 19:28:05.110049+00
10329,2.51,2026-05-23 19:28:30.760988+00
10330,2.49,2026-05-23 19:28:55.840922+00
10331,2.16,2026-05-23 19:29:12.533883+00
10332,1.81,2026-05-23 19:29:37.755019+00
10333,2.83,2026-05-23 19:30:03.203355+00
10334,1.61,2026-05-23 19:30:20.242413+00
10335,3.71,2026-05-23 19:30:55.042876+00
10336,1.92,2026-05-23 19:31:20.905174+00
10337,3.59,2026-05-23 19:31:49.793794+00
10338,3.19,2026-05-23 19:32:15.491421+00
10339,2.91,2026-05-23 19:32:42.053788+00
10340,1.87,2026-05-23 19:32:58.940443+00
10341,1.3,2026-05-23 19:33:15.81404+00
10342,1.04,2026-05-23 19:33:32.923683+00
10343,2.1,2026-05-23 19:34:01.501899+00
10344,4.03,2026-05-23 19:34:27.273084+00
10345,3.91,2026-05-23 19:35:01.158003+00
10346,2.26,2026-05-23 19:35:17.947418+00
10347,2.2,2026-05-23 19:35:43.455502+00
10348,1.69,2026-05-23 19:36:00.35296+00
10349,3.76,2026-05-23 19:36:33.766071+00
10350,1.22,2026-05-23 19:36:50.41005+00
10351,1.6,2026-05-23 19:37:07.044395+00
10352,2.33,2026-05-23 19:37:31.996491+00
10353,1.18,2026-05-23 19:37:49.076006+00
10354,1.48,2026-05-23 19:38:05.920326+00
10355,1.23,2026-05-23 19:38:22.670993+00
10356,2.41,2026-05-23 19:38:55.808522+00
10357,1.04,2026-05-23 19:38:55.808522+00
10358,1.39,2026-05-23 19:39:12.450533+00
10359,1.58,2026-05-23 19:39:29.021493+00
10360,1.06,2026-05-23 19:39:46.302641+00
10361,2.31,2026-05-23 19:40:12.413456+00
10362,3.13,2026-05-23 19:40:41.049608+00
10363,17,2026-05-23 19:41:23.758696+00
10364,2.1,2026-05-23 19:41:49.584152+00
10365,42.82,2026-05-23 19:42:47.494046+00
10366,1.52,2026-05-23 19:43:04.327328+00
10367,1.45,2026-05-23 19:43:20.979385+00
10368,1.88,2026-05-23 19:43:46.042719+00
10369,1.4,2026-05-23 19:44:02.691938+00
10370,16.55,2026-05-23 19:44:51.98868+00
10371,2,2026-05-23 19:45:16.909761+00
10372,46.01,2026-05-23 19:46:15.07979+00
10373,1.35,2026-05-23 19:46:31.905251+00
10374,13.24,2026-05-23 19:47:13.440744+00
10375,1.39,2026-05-23 19:47:29.975915+00
10376,1.66,2026-05-23 19:47:55.13707+00
10377,1.56,2026-05-23 19:48:11.987421+00
10378,1.07,2026-05-23 19:48:28.721991+00
10379,7.29,2026-05-23 19:49:01.802924+00
10380,4.48,2026-05-23 19:49:35.236912+00
10381,1.73,2026-05-23 19:49:52.258909+00
10382,1.76,2026-05-23 19:50:17.634676+00
10383,14.32,2026-05-23 19:51:04.545091+00
10384,65.85,2026-05-23 19:52:04.433189+00
10385,1.31,2026-05-23 19:52:21.150394+00
10386,2.73,2026-05-23 19:52:46.052549+00
10387,2.05,2026-05-23 19:53:11.030062+00
10388,1.09,2026-05-23 19:53:27.627055+00
10389,54.11,2026-05-23 19:54:25.134381+00
10390,22.82,2026-05-23 19:55:22.747295+00
10391,1.82,2026-05-23 19:55:39.298605+00
10392,1.23,2026-05-23 19:55:56.144633+00
10393,4.95,2026-05-23 19:56:29.061936+00
10394,3.76,2026-05-23 19:57:02.183471+00
10395,2.65,2026-05-23 19:57:27.056138+00
10396,7.33,2026-05-23 19:58:00.381078+00
10397,1.24,2026-05-23 19:58:17.027218+00
10398,6.8,2026-05-23 19:58:58.931759+00
10399,1.2,2026-05-23 19:59:15.804874+00
10400,2.32,2026-05-23 19:59:32.38641+00
10401,1.25,2026-05-23 19:59:49.136496+00
10402,13.19,2026-05-23 20:00:38.419964+00
10403,1.05,2026-05-23 20:00:46.800856+00
10404,13.16,2026-05-23 20:01:36.835948+00
10405,1.25,2026-05-23 20:01:53.615175+00
10406,1.82,2026-05-23 20:02:10.244463+00
10407,1.59,2026-05-23 20:02:35.144183+00
10408,1.13,2026-05-23 20:02:43.377471+00
10409,6.99,2026-05-23 20:03:24.637797+00
10410,2.31,2026-05-23 20:03:49.854078+00
10411,2.53,2026-05-23 20:04:14.684496+00
10412,1.65,2026-05-23 20:04:31.541823+00
10413,1.06,2026-05-23 20:04:48.303915+00
10414,3.12,2026-05-23 20:05:13.419408+00
10415,1.47,2026-05-23 20:05:30.098401+00
10416,4.39,2026-05-23 20:06:03.726423+00
10417,32.36,2026-05-23 20:07:01.815932+00
10418,2.32,2026-05-23 20:07:18.352092+00
10419,3.89,2026-05-23 20:07:51.607078+00
10420,2.9,2026-05-23 20:08:16.53673+00
10421,2.39,2026-05-23 20:08:41.985728+00
10422,1.13,2026-05-23 20:08:58.812346+00
10423,1.18,2026-05-23 20:09:15.509321+00
10424,1.7,2026-05-23 20:09:32.375165+00
10425,2.01,2026-05-23 20:09:50.042416+00
10426,1.65,2026-05-23 20:10:16.059673+00
10427,9.2,2026-05-23 20:10:49.913228+00
10428,1.63,2026-05-23 20:11:10.242527+00
10429,1.2,2026-05-23 20:11:20.178135+00
10430,6.77,2026-05-23 20:12:02.014657+00
10431,1.71,2026-05-23 20:12:18.6704+00
10432,8.72,2026-05-23 20:13:00.176468+00
10433,2.12,2026-05-23 20:13:25.3287+00
10434,1.37,2026-05-23 20:13:42.06172+00
10435,9.2,2026-05-23 20:14:15.572941+00
10436,1.06,2026-05-23 20:14:23.83006+00
10437,1.02,2026-05-23 20:14:40.48214+00
10438,1.43,2026-05-23 20:14:57.321062+00
10439,1.08,2026-05-23 20:15:13.970279+00
10440,3.02,2026-05-23 20:15:38.89504+00
10441,1.45,2026-05-23 20:15:55.648427+00
10442,2.33,2026-05-23 20:16:20.629044+00
10443,1.17,2026-05-23 20:16:37.483381+00
10444,3.79,2026-05-23 20:17:02.463497+00
10445,3.45,2026-05-23 20:17:35.788842+00
10446,2.96,2026-05-23 20:18:01.712583+00
10447,19.11,2026-05-23 20:18:52.060304+00
10448,1.31,2026-05-23 20:19:12.432576+00
10449,1.23,2026-05-23 20:19:24.636114+00
10450,501,2026-05-23 20:20:52.103056+00
10451,1.63,2026-05-23 20:21:09.129509+00
10452,9.18,2026-05-23 20:21:50.859633+00
10453,1.24,2026-05-23 20:22:07.889042+00
10454,2.58,2026-05-23 20:22:32.805031+00
10455,3.38,2026-05-23 20:22:57.890976+00
10456,1.26,2026-05-23 20:23:14.364286+00
10457,1.67,2026-05-23 20:23:39.411072+00
10458,1.67,2026-05-23 20:23:56.221928+00
10459,43.8,2026-05-23 20:24:53.41765+00
10460,4.93,2026-05-23 20:25:26.594824+00
10461,1.14,2026-05-23 20:25:43.232296+00
10462,1.37,2026-05-23 20:25:59.955682+00
10463,2.99,2026-05-23 20:26:24.697014+00
10464,10.65,2026-05-23 20:27:14.820606+00
10465,9.45,2026-05-23 20:27:51.097186+00
10466,2.32,2026-05-23 20:28:19.493339+00
10467,2.04,2026-05-23 20:28:36.598469+00
10468,2.62,2026-05-23 20:29:03.461247+00
10469,1.48,2026-05-23 20:29:20.099058+00
10470,501,2026-05-23 20:30:50.825161+00
10471,2.73,2026-05-23 20:31:16.018069+00
10472,2.09,2026-05-23 20:31:41.11405+00
10473,1.82,2026-05-23 20:31:57.694247+00
10474,1.6,2026-05-23 20:32:23.189984+00
10475,1.91,2026-05-23 20:32:39.784237+00
10476,2.57,2026-05-23 20:33:04.832935+00
10477,1.06,2026-05-23 20:33:21.477908+00
10478,3.02,2026-05-23 20:33:46.583909+00
10479,3.18,2026-05-23 20:34:11.821404+00
10480,3.53,2026-05-23 20:34:45.60718+00
10481,2.44,2026-05-23 20:35:07.794621+00
10482,1.28,2026-05-23 20:35:27.308242+00
10483,2.13,2026-05-23 20:35:46.700782+00
10484,1.74,2026-05-23 20:36:07.05844+00
10485,1.04,2026-05-23 20:36:16.784856+00
10486,2.1,2026-05-23 20:36:43.18114+00
10487,14.05,2026-05-23 20:37:29.059034+00
10488,43.91,2026-05-23 20:38:29.727583+00
10489,3.51,2026-05-23 20:38:55.938395+00
10490,2,2026-05-23 20:39:22.609064+00
10491,4.86,2026-05-23 20:39:56.266806+00
10492,3.94,2026-05-23 20:40:26.231639+00
10493,1.43,2026-05-23 20:40:44.956921+00
10494,1.06,2026-05-23 20:40:53.730623+00
10495,1.88,2026-05-23 20:41:12.224328+00
10496,2.54,2026-05-23 20:41:37.97696+00
10497,1.12,2026-05-23 20:41:55.029587+00
10498,9.39,2026-05-23 20:42:31.926139+00
10499,2.31,2026-05-23 20:42:50.822093+00
10500,10.37,2026-05-23 20:43:34.267085+00
10501,1.39,2026-05-23 20:43:51.091912+00
10502,3,2026-05-23 20:44:16.283178+00
10503,11.56,2026-05-23 20:45:04.767811+00
10504,3.25,2026-05-23 20:45:30.099384+00
10505,2.29,2026-05-23 20:45:55.54938+00
10506,1.13,2026-05-23 20:46:03.908563+00
10507,1.29,2026-05-23 20:46:20.958801+00
10508,38.7,2026-05-23 20:47:25.764875+00
10509,1.91,2026-05-23 20:47:42.498694+00
10510,1.71,2026-05-23 20:47:59.723949+00
10511,11.08,2026-05-23 20:48:47.249641+00
10512,1.23,2026-05-23 20:49:04.383389+00
10513,1.92,2026-05-23 20:49:22.167617+00
10514,2.98,2026-05-23 20:49:48.189161+00
10515,1.63,2026-05-23 20:50:13.82526+00
10516,1.02,2026-05-23 20:50:22.996667+00
10517,1.11,2026-05-23 20:50:40.365021+00
10518,4.57,2026-05-23 20:51:05.085272+00
10519,2.44,2026-05-23 20:51:30.034161+00
10520,2.26,2026-05-23 20:51:54.989328+00
10521,21.02,2026-05-23 20:52:44.830628+00
10522,4.25,2026-05-23 20:53:18.734251+00
10523,2.02,2026-05-23 20:53:44.092406+00
10524,2.95,2026-05-23 20:54:09.121869+00
10525,2.29,2026-05-23 20:54:34.422039+00
10526,1.13,2026-05-23 20:54:42.805732+00
10527,2.03,2026-05-23 20:55:08.014392+00
10528,2.43,2026-05-23 20:55:33.099951+00
10529,1.4,2026-05-23 20:55:49.846889+00
10530,71.89,2026-05-23 20:56:58.653558+00
10531,2.8,2026-05-23 20:57:24.119932+00
10532,1.01,2026-05-23 20:57:34.170379+00
10533,2.93,2026-05-23 20:58:02.895823+00
10534,2.25,2026-05-23 20:58:27.933453+00
10535,1.38,2026-05-23 20:58:45.626057+00
10536,2.44,2026-05-23 20:59:02.892001+00
10537,2.39,2026-05-23 20:59:27.912396+00
10538,14.07,2026-05-23 21:00:17.583465+00
10539,3.19,2026-05-23 21:00:42.443988+00
10540,2.35,2026-05-23 21:01:07.55227+00
10541,1.73,2026-05-23 21:01:24.050956+00
10542,2.09,2026-05-23 21:01:49.040665+00
10543,15.28,2026-05-23 21:02:39.085876+00
10544,1.1,2026-05-23 21:02:47.57442+00
10545,2,2026-05-23 21:03:12.772188+00
10546,3.92,2026-05-23 21:03:46.80886+00
10547,1.8,2026-05-23 21:04:03.695942+00
10548,1.89,2026-05-23 21:04:20.751214+00
10549,26.58,2026-05-23 21:05:19.630507+00
10550,2.18,2026-05-23 21:05:44.840461+00
10551,1.74,2026-05-23 21:06:01.71598+00
10552,1.38,2026-05-23 21:06:18.402069+00
10553,3.01,2026-05-23 21:06:52.024269+00
10554,2.32,2026-05-23 21:07:08.741657+00
10555,1.77,2026-05-23 21:07:34.032671+00
10556,13.27,2026-05-23 21:08:15.618613+00
10557,2.26,2026-05-23 21:08:40.819028+00
10558,3.19,2026-05-23 21:09:06.149289+00
10559,2.37,2026-05-23 21:09:31.540705+00
10560,19.95,2026-05-23 21:10:21.602702+00
10561,1.04,2026-05-23 21:10:38.373556+00
10562,1.13,2026-05-23 21:10:55.3425+00
10563,2.33,2026-05-23 21:11:12.129948+00
10564,4.16,2026-05-23 21:11:45.555415+00
10565,1.06,2026-05-23 21:12:02.412338+00
10566,4.27,2026-05-23 21:12:27.342045+00
10567,1.03,2026-05-23 21:12:44.030005+00
10568,1.01,2026-05-23 21:13:00.809056+00
10569,7.87,2026-05-23 21:13:33.835418+00
10570,11.09,2026-05-23 21:14:23.628633+00
10571,22.59,2026-05-23 21:15:13.837358+00
10572,2.35,2026-05-23 21:15:39.223409+00
10573,1.54,2026-05-23 21:15:56.081047+00
10574,4,2026-05-23 21:16:21.2165+00
10575,1.62,2026-05-23 21:16:46.358964+00
10576,4.03,2026-05-23 21:17:11.531088+00
10577,1.46,2026-05-23 21:17:28.2624+00
10578,2.11,2026-05-23 21:17:53.603675+00
10579,2.87,2026-05-23 21:18:18.767274+00
10580,173.37,2026-05-23 21:19:42.803016+00
10581,1.57,2026-05-23 21:19:59.713619+00
10582,2.24,2026-05-23 21:20:16.383102+00
10583,6.49,2026-05-23 21:20:58.706576+00
10584,1.88,2026-05-23 21:21:15.622393+00
10585,1.67,2026-05-23 21:21:41.388133+00
10586,8.07,2026-05-23 21:22:14.756397+00
10587,1.17,2026-05-23 21:22:31.501009+00
10588,2.02,2026-05-23 21:22:57.007805+00
10589,1.27,2026-05-23 21:23:13.709341+00
10590,1.03,2026-05-23 21:23:22.115165+00
10591,1.07,2026-05-23 21:23:39.117937+00
10592,1.06,2026-05-23 21:23:47.544+00
10593,1.6,2026-05-23 21:24:12.883022+00
10594,6.66,2026-05-23 21:24:46.812984+00
10595,1.42,2026-05-23 21:25:03.78026+00
10596,1.63,2026-05-23 21:25:54.160841+00
10597,68.84,2026-05-23 21:27:00.676979+00
10598,1.04,2026-05-23 21:27:17.548607+00
10599,1.28,2026-05-23 21:27:34.420047+00
10600,3.29,2026-05-23 21:27:59.88801+00
10601,1.46,2026-05-23 21:28:16.75907+00
10602,1.4,2026-05-23 21:28:33.534812+00
10603,2.37,2026-05-23 21:28:58.935978+00
10604,3.24,2026-05-23 21:29:24.131942+00
10605,1.14,2026-05-23 21:29:41.098892+00
10606,9.72,2026-05-23 21:30:23.159068+00
10607,28.02,2026-05-23 21:31:21.785226+00
10608,3.03,2026-05-23 21:31:47.195882+00
10609,16.24,2026-05-23 21:32:37.716891+00
10610,8.97,2026-05-23 21:33:11.350595+00
10611,1.29,2026-05-23 21:33:28.171812+00
10612,1.06,2026-05-23 21:33:45.885077+00
10613,2.56,2026-05-23 21:34:11.030992+00
10614,2.04,2026-05-23 21:34:27.662418+00
10615,1.53,2026-05-23 21:34:52.897243+00
10616,2.23,2026-05-23 21:35:09.77564+00
10617,13,2026-05-23 21:36:00.140369+00
10618,1.79,2026-05-23 21:36:17.002316+00
10619,10.49,2026-05-23 21:36:59.253053+00
10620,11.81,2026-05-23 21:37:41.014362+00
10621,1.95,2026-05-23 21:38:06.659954+00
10622,4.25,2026-05-23 21:38:40.207151+00
10623,81.01,2026-05-23 21:39:47.559951+00
10624,1.14,2026-05-23 21:40:04.569729+00
10625,1.78,2026-05-23 21:40:21.717307+00
10626,7.92,2026-05-23 21:41:03.684296+00
10627,1.98,2026-05-23 21:41:20.645339+00
10628,2.99,2026-05-23 21:41:45.897434+00
10629,3.19,2026-05-23 21:42:19.750432+00
10630,2.89,2026-05-23 21:42:45.109006+00
10631,1.09,2026-05-23 21:42:53.427054+00
10632,1.65,2026-05-23 21:43:18.850601+00
10633,3.86,2026-05-23 21:43:44.147713+00
10634,1.24,2026-05-23 21:44:01.244356+00
10635,1.12,2026-05-23 21:44:18.151993+00
10636,1.97,2026-05-23 21:44:35.053601+00
10637,1.71,2026-05-23 21:45:00.599683+00
10638,19.9,2026-05-23 21:45:50.791883+00
10639,1.11,2026-05-23 21:45:59.193043+00
10640,1.42,2026-05-23 21:46:15.898119+00
10641,2.44,2026-05-23 21:46:41.09292+00
10642,1.12,2026-05-23 21:46:58.047658+00
10643,1.26,2026-05-23 21:47:14.967897+00
10644,9.07,2026-05-23 21:47:48.564057+00
10645,1.49,2026-05-23 21:48:05.337937+00
10646,1.02,2026-05-23 21:48:22.265655+00
10647,1.52,2026-05-23 21:48:39.103162+00
10648,1.39,2026-05-23 21:48:55.87653+00
10649,1.11,2026-05-23 21:49:12.767101+00
10650,12.29,2026-05-23 21:49:54.056135+00
10651,1.05,2026-05-23 21:50:10.741598+00
10652,1.9,2026-05-23 21:50:27.212985+00
10653,1.84,2026-05-23 21:50:52.344917+00
10654,1.92,2026-05-23 21:51:09.024677+00
10655,2.01,2026-05-23 21:51:34.157944+00
10656,1.04,2026-05-23 21:51:42.57264+00
10657,1.55,2026-05-23 21:52:08.109361+00
10658,1.38,2026-05-23 21:52:25.006123+00
10659,9.18,2026-05-23 21:52:58.539465+00
10660,2.02,2026-05-23 21:53:15.300524+00
10661,13.52,2026-05-23 21:54:05.563132+00
10662,1.21,2026-05-23 21:54:22.27398+00
10663,1.05,2026-05-23 21:54:30.826633+00
10664,1.2,2026-05-23 21:54:47.73079+00
10665,1.19,2026-05-23 21:55:04.651482+00
10666,1.06,2026-05-23 21:55:13.243238+00
10667,1.8,2026-05-23 21:55:38.330635+00
10668,3.85,2026-05-23 21:56:03.651527+00
10669,1.61,2026-05-23 21:56:29.215516+00
10670,1.04,2026-05-23 21:57:11.464603+00
10671,4.52,2026-05-23 21:57:44.582676+00
10672,2.68,2026-05-23 21:58:09.927314+00
10673,9.39,2026-05-23 21:58:42.79641+00
10674,100.21,2026-05-23 21:59:57.655644+00
10675,1.06,2026-05-23 22:00:06.200203+00
10676,1.01,2026-05-23 22:00:22.994013+00
10677,9.9,2026-05-23 22:00:56.68519+00
10678,1.04,2026-05-23 22:01:13.537664+00
10679,1.59,2026-05-23 22:01:30.512937+00
10680,2,2026-05-23 22:01:55.777945+00
10681,13.35,2026-05-23 22:02:37.17123+00
10682,49.2,2026-05-23 22:03:35.104214+00
10683,1.97,2026-05-23 22:04:00.569532+00
10684,9.33,2026-05-23 22:04:42.522514+00
10685,1.91,2026-05-23 22:04:59.442084+00
10686,2.12,2026-05-23 22:05:24.643004+00
10687,1.51,2026-05-23 22:05:49.887146+00
10688,3.19,2026-05-23 22:06:15.077362+00
10689,1.19,2026-05-23 22:06:32.111943+00
10690,21.23,2026-05-23 22:07:21.866622+00
10691,1.01,2026-05-23 22:07:30.163914+00
10692,3.67,2026-05-23 22:08:03.575257+00
10693,1.7,2026-05-23 22:08:20.201485+00
10694,4.43,2026-05-23 22:08:53.336525+00
10695,24.28,2026-05-23 22:09:43.651832+00
10696,58.66,2026-05-23 22:10:49.857705+00
10697,3.66,2026-05-23 22:11:23.220461+00
10698,1.67,2026-05-23 22:11:40.21339+00
10699,1.07,2026-05-23 22:11:57.273477+00
10700,85.79,2026-05-23 22:13:03.823356+00
10701,1.5,2026-05-23 22:13:20.640513+00
10702,3.97,2026-05-23 22:13:54.255526+00
10703,1.26,2026-05-23 22:14:10.979146+00
10704,1.34,2026-05-23 22:14:27.687986+00
10705,2.36,2026-05-23 22:14:52.71393+00
10706,1.99,2026-05-23 22:15:09.648041+00
10707,1.61,2026-05-23 22:15:26.117217+00
10708,1.02,2026-05-23 22:15:42.880069+00
10709,1.91,2026-05-23 22:15:59.709007+00
10710,1.13,2026-05-23 22:16:16.637708+00
10711,1.86,2026-05-23 22:16:41.901902+00
10712,3.28,2026-05-23 22:17:07.366713+00
10713,2.89,2026-05-23 22:17:32.397973+00
10714,3.65,2026-05-23 22:18:05.948728+00
10715,1.35,2026-05-23 22:18:22.754568+00
10716,1.6,2026-05-23 22:18:39.340824+00
10717,1.1,2026-05-23 22:18:55.964276+00
10718,1.08,2026-05-23 22:19:04.376188+00
10719,2.79,2026-05-23 22:19:29.298807+00
10720,1.67,2026-05-23 22:19:54.589439+00
10721,2.24,2026-05-23 22:20:11.253154+00
10722,1.47,2026-05-23 22:20:36.541777+00
10723,1.12,2026-05-23 22:20:44.887793+00
10724,1.27,2026-05-23 22:21:01.686011+00
10725,1.49,2026-05-23 22:21:18.5307+00
10726,3.43,2026-05-23 22:21:51.929967+00
10727,1.86,2026-05-23 22:22:08.485106+00
10728,1.08,2026-05-23 22:22:25.290721+00
10729,2.79,2026-05-23 22:22:50.234749+00
10730,1.27,2026-05-23 22:23:06.913693+00
10731,2.12,2026-05-23 22:23:32.143634+00
10732,2.97,2026-05-23 22:23:57.58739+00
10733,24.24,2026-05-23 22:25:20.8394+00
10734,1.54,2026-05-23 22:25:45.726559+00
10735,1.01,2026-05-23 22:25:54.009053+00
10736,1.56,2026-05-23 22:26:10.732701+00
10737,1.1,2026-05-23 22:26:27.345089+00
10738,2.02,2026-05-23 22:26:52.523224+00
10739,1.31,2026-05-23 22:27:09.47789+00
10740,1.5,2026-05-23 22:27:26.369373+00
10741,218.6,2026-05-23 22:28:44.538194+00
10742,1.95,2026-05-23 22:29:04.637243+00
10743,1.02,2026-05-23 22:29:54.444583+00
10744,4.79,2026-05-23 22:30:28.388256+00
10745,6.99,2026-05-23 22:31:02.762566+00
10746,12.45,2026-05-23 22:31:50.993506+00
10747,6.28,2026-05-23 22:32:21.035185+00
10748,16.65,2026-05-23 22:33:13.510875+00
10749,6.01,2026-05-23 22:33:47.005125+00
10750,1.48,2026-05-23 22:34:03.778691+00
10751,1.09,2026-05-23 22:34:20.517013+00
10752,1.27,2026-05-23 22:34:37.241416+00
10753,3.13,2026-05-23 22:35:02.472493+00
10754,4.82,2026-05-23 22:35:36.297319+00
10755,1.87,2026-05-23 22:35:53.112561+00
10756,2.57,2026-05-23 22:36:18.546872+00
10757,1.03,2026-05-23 22:36:35.474997+00
10758,1.62,2026-05-23 22:36:52.424111+00
10759,1.39,2026-05-23 22:37:09.261466+00
10760,9.02,2026-05-23 22:37:42.763028+00
10761,1.24,2026-05-23 22:37:59.759009+00
10762,7.2,2026-05-23 22:38:41.512212+00
10763,1.02,2026-05-23 22:38:49.959014+00
10764,501,2026-05-23 22:40:20.923446+00
10765,9.11,2026-05-23 22:40:54.267964+00
10766,1.28,2026-05-23 22:41:11.056367+00
10767,1.01,2026-05-23 22:41:27.719432+00
10768,1.06,2026-05-23 22:41:36.148622+00
10769,1.35,2026-05-23 22:41:52.694317+00
10770,9.28,2026-05-23 22:42:34.582443+00
10771,1.21,2026-05-23 22:42:42.908257+00
10772,1.37,2026-05-23 22:42:59.800803+00
10773,1.08,2026-05-23 22:43:16.513924+00
10774,1.55,2026-05-23 22:43:33.097328+00
10775,1.09,2026-05-23 22:43:50.122518+00
10776,2.96,2026-05-23 22:44:15.335012+00
10777,1.46,2026-05-23 22:44:32.118066+00
10778,1.18,2026-05-23 22:44:48.651484+00
10779,104.68,2026-05-23 22:46:03.205379+00
10780,1.14,2026-05-23 22:46:11.526522+00
10781,4.19,2026-05-23 22:46:45.261625+00
10782,9.61,2026-05-23 22:47:18.792066+00
10783,1.51,2026-05-23 22:47:35.412972+00
10784,3.58,2026-05-23 22:48:09.031309+00
10785,3.4,2026-05-23 22:48:34.018117+00
10786,1.94,2026-05-23 22:48:59.1907+00
10787,2.15,2026-05-23 22:49:24.45402+00
10788,20.15,2026-05-23 22:50:14.353131+00
10789,1.72,2026-05-23 22:50:31.25573+00
10790,1.84,2026-05-23 22:50:47.982983+00
10791,1.47,2026-05-23 22:51:13.075461+00
10792,501,2026-05-23 22:52:44.018949+00
10793,1.44,2026-05-23 22:53:00.840873+00
10794,16.18,2026-05-23 22:53:42.490395+00
10795,11.96,2026-05-23 22:54:32.786161+00
10796,1.27,2026-05-23 22:54:49.829474+00
10797,7.3,2026-05-23 22:55:27.871953+00
10798,2.32,2026-05-23 22:55:47.853401+00
10799,1.17,2026-05-23 22:56:07.656681+00
10800,1.74,2026-05-23 22:56:26.664498+00
10801,3.34,2026-05-23 22:56:52.465239+00
10802,1.24,2026-05-23 22:57:09.343051+00
10803,2.07,2026-05-23 22:57:25.91167+00
10804,1.59,2026-05-23 22:57:51.136388+00
10805,2.82,2026-05-23 22:58:16.374544+00
10806,1.63,2026-05-23 22:58:33.12836+00
10807,1.04,2026-05-23 22:58:50.007703+00
10808,1.5,2026-05-23 22:59:07.224505+00
10809,41.99,2026-05-23 23:00:05.591985+00
10810,3.99,2026-05-23 23:00:39.189319+00
10811,11.66,2026-05-23 23:01:21.024043+00
10812,3.86,2026-05-23 23:01:46.186186+00
10813,4.57,2026-05-23 23:02:19.484346+00
10814,1.01,2026-05-23 23:02:36.168081+00
10815,6.24,2026-05-23 23:03:09.750998+00
10816,4.07,2026-05-23 23:03:43.307035+00
10817,1.55,2026-05-23 23:04:00.464907+00
10818,1.6,2026-05-23 23:04:17.471752+00
10819,8.21,2026-05-23 23:04:59.211318+00
10820,2.33,2026-05-23 23:05:24.285045+00
10821,3.97,2026-05-23 23:05:49.316005+00
10822,2.17,2026-05-23 23:06:14.285947+00
10823,28.03,2026-05-23 23:07:12.882451+00
10824,1.49,2026-05-23 23:07:29.690413+00
10825,2.12,2026-05-23 23:07:54.921988+00
10826,22.19,2026-05-23 23:08:45.037219+00
10827,24.19,2026-05-23 23:09:34.669733+00
10828,10.23,2026-05-23 23:10:16.841028+00
10829,1.86,2026-05-23 23:10:42.105276+00
10830,1.94,2026-05-23 23:11:07.373554+00
10831,9.77,2026-05-23 23:11:41.124993+00
10832,1.5,2026-05-23 23:11:57.976605+00
10833,1.13,2026-05-23 23:12:14.90801+00
10834,11.31,2026-05-23 23:12:56.842433+00
10835,1.87,2026-05-23 23:13:13.60401+00
10836,1.05,2026-05-23 23:13:30.462396+00
10837,1.07,2026-05-23 23:13:38.810907+00
10838,2.93,2026-05-23 23:14:12.485994+00
10839,1.63,2026-05-23 23:14:29.320441+00
10840,2.37,2026-05-23 23:14:54.64345+00
10841,1.06,2026-05-23 23:15:03.005981+00
10842,1.1,2026-05-23 23:15:19.725223+00
10843,1.04,2026-05-23 23:15:36.38891+00
10844,6.69,2026-05-23 23:16:10.008825+00
10845,1.13,2026-05-23 23:16:26.992132+00
10846,1.68,2026-05-23 23:16:43.919154+00
10847,1.23,2026-05-23 23:17:00.91224+00
10848,4.18,2026-05-23 23:17:34.624425+00
10849,1.01,2026-05-23 23:17:42.9457+00
10850,1.31,2026-05-23 23:17:59.972635+00
10851,1.05,2026-05-23 23:18:16.789021+00
10852,1.3,2026-05-23 23:18:33.450032+00
10853,3.59,2026-05-23 23:18:58.212752+00
10854,1.17,2026-05-23 23:19:14.907097+00
10855,3,2026-05-23 23:19:39.697965+00
10856,11.42,2026-05-23 23:20:21.361201+00
10857,2.1,2026-05-23 23:20:55.104065+00
10858,1.16,2026-05-23 23:21:03.490035+00
10859,6.28,2026-05-23 23:21:45.181946+00
10860,1.41,2026-05-23 23:22:01.872075+00
10861,1.8,2026-05-23 23:22:18.450031+00
10862,10.34,2026-05-23 23:22:59.710689+00
10863,1.84,2026-05-23 23:23:24.967041+00
10864,3.75,2026-05-23 23:23:50.081219+00
10865,1.06,2026-05-23 23:24:06.895475+00
10866,1.5,2026-05-23 23:24:23.75962+00
10867,1.1,2026-05-23 23:24:40.57614+00
10868,2.34,2026-05-23 23:25:39.115607+00
10869,2.19,2026-05-23 23:26:04.293075+00
10870,9,2026-05-23 23:26:45.977984+00
10871,1.88,2026-05-23 23:27:02.787924+00
10872,4.37,2026-05-23 23:27:36.335601+00
10873,1.34,2026-05-23 23:27:53.239146+00
10874,2,2026-05-23 23:28:18.610103+00
10875,2.91,2026-05-23 23:28:43.873585+00
10876,1.11,2026-05-23 23:28:52.202285+00
10877,3.33,2026-05-23 23:29:25.668274+00
10878,1.02,2026-05-23 23:29:33.977098+00
10879,2,2026-05-23 23:29:59.26078+00
10880,1.89,2026-05-23 23:30:15.971733+00
10881,4.39,2026-05-23 23:30:49.214565+00
10882,4.37,2026-05-23 23:31:22.805698+00
10883,1.58,2026-05-23 23:31:39.484384+00
10884,107.9,2026-05-23 23:32:54.138445+00
10885,2.17,2026-05-23 23:33:19.435203+00
10886,1.81,2026-05-23 23:33:36.238507+00
10887,1.81,2026-05-23 23:34:34.708048+00
10888,2.26,2026-05-23 23:34:51.402209+00
10889,2.81,2026-05-23 23:35:24.935544+00
10890,18.98,2026-05-23 23:36:14.798361+00
10891,1.02,2026-05-23 23:36:23.131479+00
10892,1.27,2026-05-23 23:36:39.700375+00
10893,1.68,2026-05-23 23:36:56.42475+00
10894,2.62,2026-05-23 23:37:21.625544+00
10895,4.67,2026-05-23 23:37:55.015524+00
10896,1.38,2026-05-23 23:38:11.896617+00
10897,1.13,2026-05-23 23:38:28.752846+00
10898,2.68,2026-05-23 23:38:53.932529+00
10899,2.82,2026-05-23 23:39:18.984868+00
10900,3.89,2026-05-23 23:39:52.268326+00
10901,6.92,2026-05-23 23:40:25.756045+00
10902,1.53,2026-05-23 23:40:42.522408+00
10903,1.08,2026-05-23 23:40:59.394872+00
10904,1.82,2026-05-23 23:41:16.075805+00
10905,2.6,2026-05-23 23:41:41.193384+00
10906,3.48,2026-05-23 23:42:15.011925+00
10907,1.81,2026-05-23 23:42:31.676548+00
10908,8.12,2026-05-23 23:43:13.412378+00
10909,38.05,2026-05-23 23:44:44.679471+00
10910,3.82,2026-05-23 23:45:18.364494+00
10911,1.14,2026-05-23 23:45:35.254893+00
10912,1.04,2026-05-23 23:45:43.672696+00
10913,1.85,2026-05-23 23:46:09.120505+00
10914,1.01,2026-05-23 23:46:17.300451+00
10915,1.9,2026-05-23 23:46:42.326111+00
10916,2.1,2026-05-23 23:46:58.970038+00
10917,2.16,2026-05-23 23:47:24.086545+00
10918,3.87,2026-05-23 23:47:57.543422+00
10919,4.07,2026-05-23 23:48:22.797493+00
10920,1.06,2026-05-23 23:48:39.762804+00
10921,1.54,2026-05-23 23:48:56.566867+00
10922,2.38,2026-05-23 23:49:21.874228+00
10923,1.24,2026-05-23 23:49:38.717911+00
10924,6.96,2026-05-23 23:50:12.197466+00
10925,1.23,2026-05-23 23:50:28.698047+00
10926,1.03,2026-05-23 23:50:45.462695+00
10927,2.59,2026-05-23 23:51:10.408031+00
10928,1.07,2026-05-23 23:51:27.24918+00
10929,1.48,2026-05-23 23:51:43.923634+00
10930,15,2026-05-23 23:52:25.529743+00
10931,2.13,2026-05-23 23:52:50.795081+00
10932,1.89,2026-05-23 23:53:15.806135+00
10933,1.04,2026-05-23 23:53:24.33202+00
10934,1.04,2026-05-23 23:53:41.161668+00
10935,3.96,2026-05-23 23:54:06.224954+00
10936,1.19,2026-05-23 23:54:22.72994+00
10937,6.19,2026-05-23 23:55:04.603412+00
10938,9.19,2026-05-23 23:55:38.211816+00
10939,1.24,2026-05-23 23:55:46.580866+00
10940,8.67,2026-05-23 23:56:28.450073+00
10941,1.31,2026-05-23 23:56:45.244014+00
10942,2.51,2026-05-23 23:57:10.557938+00
10943,11.72,2026-05-23 23:57:52.009478+00
10944,2.48,2026-05-23 23:58:16.979805+00
10945,2.04,2026-05-23 23:58:42.150546+00
10946,4.44,2026-05-23 23:59:15.879589+00
10947,4.51,2026-05-23 23:59:49.556699+00
10948,2.18,2026-05-24 00:00:06.407208+00
10949,2.01,2026-05-24 00:00:31.674487+00
10950,3.97,2026-05-24 00:00:56.922401+00
10951,2.23,2026-05-24 00:01:22.101785+00
10952,11.71,2026-05-24 00:02:03.678492+00
10953,1.04,2026-05-24 00:02:20.426893+00
10954,1.72,2026-05-24 00:02:37.128959+00
10955,1.05,2026-05-24 00:02:53.983007+00
10956,4.59,2026-05-24 00:03:27.864456+00
10957,111.12,2026-05-24 00:04:43.056242+00
10958,5.93,2026-05-24 00:05:16.67692+00
10959,1.04,2026-05-24 00:05:25.147403+00
10960,1.02,2026-05-24 00:05:42.022403+00
10961,3.42,2026-05-24 00:06:06.939162+00
10962,1.16,2026-05-24 00:06:23.540443+00
10963,1.72,2026-05-24 00:06:48.687853+00
10964,3.97,2026-05-24 00:07:13.898333+00
10965,1.04,2026-05-24 00:07:30.789945+00
10966,2.6,2026-05-24 00:07:56.095736+00
10967,13.48,2026-05-24 00:08:38.454519+00
10968,4.11,2026-05-24 00:09:12.094952+00
10969,3.73,2026-05-24 00:09:37.111626+00
10970,2.84,2026-05-24 00:10:02.429819+00
10971,1.8,2026-05-24 00:10:27.652993+00
10972,4.37,2026-05-24 00:11:01.018379+00
10973,17.62,2026-05-24 00:11:42.756187+00
10974,1.01,2026-05-24 00:11:59.611715+00
10975,4,2026-05-24 00:12:33.330377+00
10976,1.53,2026-05-24 00:12:50.331906+00
10977,1.38,2026-05-24 00:13:07.328023+00
10978,11.4,2026-05-24 00:13:49.292721+00
10979,2.98,2026-05-24 00:14:14.645893+00
10980,1.11,2026-05-24 00:14:31.478593+00
10981,1.19,2026-05-24 00:14:48.44495+00
10982,3.19,2026-05-24 00:15:13.687714+00
10983,14.25,2026-05-24 00:16:03.739482+00
10984,1.19,2026-05-24 00:16:12.067038+00
10985,1.03,2026-05-24 00:16:28.75924+00
10986,2.91,2026-05-24 00:16:54.06834+00
10987,2.45,2026-05-24 00:17:19.261589+00
10988,13.96,2026-05-24 00:18:09.565378+00
10989,2.79,2026-05-24 00:18:34.797625+00
10990,2.25,2026-05-24 00:18:51.574803+00
10991,7.93,2026-05-24 00:19:33.470618+00
10992,1.86,2026-05-24 00:19:50.409733+00
10993,38.9,2026-05-24 00:20:56.775893+00
10994,1.55,2026-05-24 00:21:13.581193+00
10995,2.66,2026-05-24 00:21:38.946315+00
10996,1.37,2026-05-24 00:21:55.809034+00
10997,6.19,2026-05-24 00:22:29.686805+00
10998,1.64,2026-05-24 00:22:46.369468+00
10999,2.1,2026-05-24 00:23:11.608249+00
11000,13.47,2026-05-24 00:24:01.599613+00
11001,2.66,2026-05-24 00:24:26.772744+00
11002,1.01,2026-05-24 00:24:43.522291+00
11003,15.15,2026-05-24 00:25:25.125038+00
11004,2.94,2026-05-24 00:25:50.498598+00
11005,1.22,2026-05-24 00:26:07.297215+00
11006,2.68,2026-05-24 00:26:32.440471+00
11007,2.26,2026-05-24 00:26:57.791342+00
11008,1.43,2026-05-24 00:27:14.689534+00
11009,9.01,2026-05-24 00:27:48.07374+00
11010,2.06,2026-05-24 00:28:13.296908+00
11011,2.51,2026-05-24 00:28:38.39737+00
11012,1.5,2026-05-24 00:28:55.259461+00
11013,1.01,2026-05-24 00:29:03.663239+00
11014,2.25,2026-05-24 00:29:28.579513+00
11015,14.77,2026-05-24 00:30:18.687961+00
11016,1.03,2026-05-24 00:30:26.99145+00
11017,1.48,2026-05-24 00:30:52.145019+00
11018,1.37,2026-05-24 00:31:09.043716+00
11019,2.22,2026-05-24 00:31:25.707538+00
11020,1.17,2026-05-24 00:31:42.376991+00
11021,4.19,2026-05-24 00:32:15.896409+00
11022,5.53,2026-05-24 00:32:49.161211+00
11023,3.21,2026-05-24 00:33:14.340018+00
11024,2.1,2026-05-24 00:33:39.392276+00
11025,1.03,2026-05-24 00:33:56.224424+00
11026,1.51,2026-05-24 00:34:12.864499+00
11027,1.19,2026-05-24 00:34:29.583359+00
11028,4.32,2026-05-24 00:35:03.09187+00
11029,2.39,2026-05-24 00:35:28.10248+00
11030,1.17,2026-05-24 00:35:36.481895+00
11031,1.2,2026-05-24 00:35:53.298674+00
11032,8.98,2026-05-24 00:36:34.996241+00
11033,1.17,2026-05-24 00:36:51.846164+00
11034,1.1,2026-05-24 00:37:08.854504+00
11035,1.16,2026-05-24 00:37:17.073675+00
11036,1.23,2026-05-24 00:37:33.658303+00
11037,2.15,2026-05-24 00:37:58.907863+00
11038,1.02,2026-05-24 00:38:07.289002+00
11039,2.28,2026-05-24 00:38:32.325504+00
11040,1.55,2026-05-24 00:38:49.246982+00
11041,1.01,2026-05-24 00:39:06.025775+00
11042,3.93,2026-05-24 00:39:39.453056+00
11043,2.15,2026-05-24 00:39:56.04208+00
11044,3.13,2026-05-24 00:40:29.858085+00
11045,15.96,2026-05-24 00:41:11.285546+00
11046,1.42,2026-05-24 00:41:28.025563+00
11047,2.56,2026-05-24 00:41:53.251385+00
11048,1.16,2026-05-24 00:42:10.046984+00
11049,1.39,2026-05-24 00:42:26.688794+00
11050,1.88,2026-05-24 00:42:52.078298+00
11051,1.39,2026-05-24 00:43:09.071882+00
11052,19.32,2026-05-24 00:43:50.604369+00
11053,3.49,2026-05-24 00:44:24.360984+00
11054,1.17,2026-05-24 00:44:41.158551+00
11055,8.21,2026-05-24 00:45:14.609373+00
11056,6.33,2026-05-24 00:45:56.516663+00
11057,3.99,2026-05-24 00:46:21.5276+00
11058,44.33,2026-05-24 00:47:28.124869+00
11059,8.47,2026-05-24 00:48:01.529801+00
11060,1.12,2026-05-24 00:48:18.140715+00
11061,1.48,2026-05-24 00:48:34.748647+00
11062,4.18,2026-05-24 00:49:08.265385+00
11063,1.01,2026-05-24 00:49:25.204964+00
11064,1.18,2026-05-24 00:49:33.439752+00
11065,1.31,2026-05-24 00:49:50.23803+00
11066,6.79,2026-05-24 00:50:32.46834+00
11067,1.25,2026-05-24 00:50:49.326335+00
11068,3.05,2026-05-24 00:51:14.719306+00
11069,1.97,2026-05-24 00:51:31.474212+00
11070,1.05,2026-05-24 00:51:48.135659+00
11071,2.08,2026-05-24 00:52:13.70368+00
11072,1.23,2026-05-24 00:52:21.986971+00
11073,194.08,2026-05-24 00:53:44.826008+00
11074,1.23,2026-05-24 00:54:01.907066+00
11075,2.84,2026-05-24 00:54:27.160603+00
11076,1.16,2026-05-24 00:54:44.157977+00
11077,1.26,2026-05-24 00:55:01.183748+00
11078,13.69,2026-05-24 00:55:43.183416+00
11079,1.21,2026-05-24 00:55:59.978271+00
11080,3.38,2026-05-24 00:56:25.108422+00
11081,9.14,2026-05-24 00:56:58.426396+00
11082,1.9,2026-05-24 00:57:23.495178+00
11083,1.25,2026-05-24 00:57:40.268812+00
11084,4.26,2026-05-24 00:58:05.211139+00
11085,2.03,2026-05-24 00:58:30.386222+00
11086,2.23,2026-05-24 00:58:55.508324+00
11087,1.03,2026-05-24 00:59:04.020286+00
11088,9.99,2026-05-24 00:59:46.03077+00
11089,3.67,2026-05-24 01:00:11.417322+00
11090,1.81,2026-05-24 01:00:36.48931+00
11091,1.54,2026-05-24 01:00:53.099429+00
11092,1.26,2026-05-24 01:01:10.115003+00
11093,1.81,2026-05-24 01:01:26.790979+00
11094,2.29,2026-05-24 01:01:51.731044+00
11095,10.09,2026-05-24 01:02:33.591316+00
11096,3.45,2026-05-24 01:02:58.892065+00
11097,1.23,2026-05-24 01:03:15.574004+00
11098,2.43,2026-05-24 01:03:40.638731+00
11099,3.73,2026-05-24 01:04:14.091348+00
11100,3.52,2026-05-24 01:04:39.231864+00
11101,1.42,2026-05-24 01:04:56.049675+00
11102,2.98,2026-05-24 01:05:21.188043+00
11103,1.15,2026-05-24 01:05:37.964441+00
11104,1.48,2026-05-24 01:05:54.666527+00
11105,1.37,2026-05-24 01:06:11.610575+00
11106,3.56,2026-05-24 01:06:45.384242+00
11107,1.02,2026-05-24 01:06:53.825291+00
11108,1.14,2026-05-24 01:07:10.652675+00
11109,1.3,2026-05-24 01:07:27.591267+00
11110,2.44,2026-05-24 01:07:52.781123+00
11111,3.98,2026-05-24 01:08:17.761023+00
11112,1.84,2026-05-24 01:08:42.983677+00
11113,6.92,2026-05-24 01:09:16.627973+00
11114,6.24,2026-05-24 01:09:50.99289+00
11115,1.13,2026-05-24 01:10:08.116059+00
11116,3.15,2026-05-24 01:10:35.024141+00
11117,1.02,2026-05-24 01:10:55.185666+00
11118,2.04,2026-05-24 01:11:16.202922+00
11119,19.76,2026-05-24 01:12:01.910966+00
11120,1.08,2026-05-24 01:12:18.87223+00
11121,3.33,2026-05-24 01:12:48.530609+00
11122,1.26,2026-05-24 01:12:56.986441+00
11123,2.63,2026-05-24 01:13:25.421007+00
11124,2.97,2026-05-24 01:13:50.783598+00
11125,1.66,2026-05-24 01:14:07.792987+00
11126,67.17,2026-05-24 01:15:14.481366+00
11127,16.19,2026-05-24 01:16:04.937548+00
11128,1.31,2026-05-24 01:16:21.783993+00
11129,9.36,2026-05-24 01:16:55.400382+00
11130,1.04,2026-05-24 01:17:12.406479+00
11131,2.25,2026-05-24 01:17:29.229017+00
11132,13.52,2026-05-24 01:18:19.646843+00
11133,1.63,2026-05-24 01:18:36.315811+00
11134,2.1,2026-05-24 01:19:01.564207+00
11135,1.29,2026-05-24 01:19:18.38463+00
11136,1.98,2026-05-24 01:19:35.123836+00
11137,4.47,2026-05-24 01:20:08.536168+00
11138,9.89,2026-05-24 01:20:42.061376+00
11139,1.65,2026-05-24 01:21:07.735246+00
11140,6.26,2026-05-24 01:21:41.049517+00
11141,1.09,2026-05-24 01:21:57.820512+00
11142,4,2026-05-24 01:22:22.672387+00
11143,2.43,2026-05-24 01:22:47.790804+00
11144,1.17,2026-05-24 01:23:04.805489+00
11145,1.17,2026-05-24 01:23:21.721476+00
11146,1.92,2026-05-24 01:23:38.418475+00
11147,1.86,2026-05-24 01:24:03.771016+00
11148,2.38,2026-05-24 01:24:29.000805+00
11149,1.19,2026-05-24 01:24:37.212944+00
11150,1.18,2026-05-24 01:24:53.953461+00
11151,1.49,2026-05-24 01:25:10.820896+00
11152,1.72,2026-05-24 01:25:35.907208+00
11153,5.84,2026-05-24 01:26:09.396977+00
11154,1.02,2026-05-24 01:26:17.782434+00
11155,2.12,2026-05-24 01:26:43.452074+00
11156,1.32,2026-05-24 01:27:00.465213+00
11157,2.03,2026-05-24 01:27:25.960064+00
11158,15.97,2026-05-24 01:28:07.284744+00
11159,2.98,2026-05-24 01:28:41.00068+00
11160,1.35,2026-05-24 01:28:57.804945+00
11161,11.42,2026-05-24 01:29:39.869668+00
11162,2.54,2026-05-24 01:30:05.357636+00
11163,2.08,2026-05-24 01:30:22.290086+00
11164,1.06,2026-05-24 01:30:39.293567+00
11165,1.39,2026-05-24 01:30:56.315299+00
11166,3.65,2026-05-24 01:31:21.430487+00
11167,2.39,2026-05-24 01:31:46.612951+00
11168,1.08,2026-05-24 01:32:03.52329+00
11169,1.23,2026-05-24 01:32:20.616055+00
11170,3.02,2026-05-24 01:32:46.16803+00
11171,1.35,2026-05-24 01:33:02.882839+00
11172,1.91,2026-05-24 01:33:19.735051+00
11173,1.16,2026-05-24 01:33:36.500647+00
11174,3.89,2026-05-24 01:34:10.24435+00
11175,1.25,2026-05-24 01:34:26.858894+00
11176,1.38,2026-05-24 01:34:43.591739+00
11177,3.69,2026-05-24 01:35:08.381065+00
11178,4.53,2026-05-24 01:35:41.922377+00
11179,1.15,2026-05-24 01:35:58.872052+00
11180,1.74,2026-05-24 01:36:15.675326+00
11181,2.11,2026-05-24 01:36:41.207876+00
11182,1.17,2026-05-24 01:36:58.340096+00
11183,10.18,2026-05-24 01:37:40.236081+00
11184,48.76,2026-05-24 01:38:38.508968+00
11185,23.82,2026-05-24 01:39:29.116476+00
11186,3.68,2026-05-24 01:40:02.549987+00
11187,3.09,2026-05-24 01:40:27.82235+00
11188,4.65,2026-05-24 01:41:01.545587+00
11189,1.96,2026-05-24 01:41:18.296241+00
11190,1.77,2026-05-24 01:41:43.962604+00
11191,1.81,2026-05-24 01:42:00.878741+00
11192,1.38,2026-05-24 01:42:17.660401+00
11193,3.92,2026-05-24 01:42:51.147438+00
11194,2.76,2026-05-24 01:43:16.389464+00
11195,2.9,2026-05-24 01:43:41.38179+00
11196,1.08,2026-05-24 01:43:58.181185+00
11197,1.4,2026-05-24 01:44:15.135863+00
11198,2.83,2026-05-24 01:44:40.529206+00
11199,9.97,2026-05-24 01:45:14.157957+00
11200,2.94,2026-05-24 01:45:38.929995+00
11201,1.86,2026-05-24 01:46:04.091454+00
11202,1.48,2026-05-24 01:46:20.947296+00
11203,8.83,2026-05-24 01:47:02.859317+00
11204,2.24,2026-05-24 01:47:19.770231+00
11205,1.46,2026-05-24 01:47:45.196272+00
11206,1.08,2026-05-24 01:47:53.520599+00
11207,4.31,2026-05-24 01:48:27.289028+00
11208,2.27,2026-05-24 01:48:52.379454+00
11209,1.51,2026-05-24 01:49:09.056443+00
11210,2.34,2026-05-24 01:49:34.216056+00
11211,1.15,2026-05-24 01:49:50.871718+00
11212,1.18,2026-05-24 01:49:59.165489+00
11213,1.39,2026-05-24 01:50:15.694879+00
11214,1.2,2026-05-24 01:50:32.286598+00
11215,70.88,2026-05-24 01:51:37.898137+00
11216,1.4,2026-05-24 01:51:54.658398+00
11217,6.09,2026-05-24 01:52:36.343416+00
11218,6.92,2026-05-24 01:53:10.636528+00
11219,24.34,2026-05-24 01:54:00.218483+00
11220,1.31,2026-05-24 01:54:16.956958+00
11221,1.65,2026-05-24 01:54:41.976435+00
11222,1.34,2026-05-24 01:54:58.647238+00
11223,4.08,2026-05-24 01:55:23.481561+00
11224,2.34,2026-05-24 01:55:48.367909+00
11225,1.21,2026-05-24 01:56:04.977086+00
11226,1.04,2026-05-24 01:56:21.620972+00
11227,1.01,2026-05-24 01:56:29.952494+00
11228,1.09,2026-05-24 01:56:46.530612+00
11229,4.87,2026-05-24 01:57:19.94371+00
11230,2.82,2026-05-24 01:57:44.66721+00
11231,1.97,2026-05-24 01:58:09.766709+00
11232,1.05,2026-05-24 01:58:18.051637+00
11233,9.62,2026-05-24 01:58:59.486454+00
11234,13.12,2026-05-24 01:59:49.308209+00
11235,1.09,2026-05-24 02:00:06.054061+00
11236,1.82,2026-05-24 02:00:22.689021+00
11237,6.62,2026-05-24 02:00:55.742977+00
11238,2.02,2026-05-24 02:01:20.870026+00
11239,2.1,2026-05-24 02:01:45.795663+00
11240,1.72,2026-05-24 02:02:02.492811+00
11241,1.15,2026-05-24 02:02:19.00838+00
11242,1.51,2026-05-24 02:02:35.659083+00
11243,1.14,2026-05-24 02:02:52.283659+00
11244,1.64,2026-05-24 02:03:08.901155+00
11245,1.11,2026-05-24 02:03:25.528975+00
11246,76.41,2026-05-24 02:04:31.628785+00
11247,2.51,2026-05-24 02:04:56.525667+00
11248,4.57,2026-05-24 02:05:29.858316+00
11249,1.33,2026-05-24 02:05:46.399992+00
11250,12.87,2026-05-24 02:06:27.617649+00
11251,1.09,2026-05-24 02:06:44.251071+00
11252,1.33,2026-05-24 02:07:00.888957+00
11253,1.56,2026-05-24 02:07:17.593201+00
11254,1.96,2026-05-24 02:07:42.583653+00
11255,1.06,2026-05-24 02:07:59.316071+00
11256,6.26,2026-05-24 02:08:32.687969+00
11257,3.9,2026-05-24 02:08:57.836199+00
11258,1.36,2026-05-24 02:09:14.632414+00
11259,1.38,2026-05-24 02:09:31.152037+00
11260,1.78,2026-05-24 02:09:56.144549+00
11261,6.7,2026-05-24 02:10:29.397414+00
11262,3.13,2026-05-24 02:11:02.906503+00
11263,1.6,2026-05-24 02:11:19.699317+00
11264,9,2026-05-24 02:11:52.869035+00
11265,3.67,2026-05-24 02:12:26.309814+00
11266,1.77,2026-05-24 02:12:42.92881+00
11267,1.32,2026-05-24 02:12:59.656164+00
11268,1.33,2026-05-24 02:13:16.393726+00
11269,1.08,2026-05-24 02:13:33.091006+00
11270,1.12,2026-05-24 02:13:41.315744+00
11271,2.88,2026-05-24 02:14:14.675944+00
11272,1.27,2026-05-24 02:14:22.886369+00
11273,1.05,2026-05-24 02:14:39.499373+00
11274,2.97,2026-05-24 02:15:04.466722+00
11275,1.17,2026-05-24 02:15:21.200323+00
11276,67.57,2026-05-24 02:16:26.905045+00
11277,1.31,2026-05-24 02:16:43.655927+00
11278,2.8,2026-05-24 02:17:08.689184+00
11279,1.96,2026-05-24 02:17:33.677385+00
11280,30.92,2026-05-24 02:18:31.456783+00
11281,1.05,2026-05-24 02:18:39.664337+00
11282,6.21,2026-05-24 02:19:21.672205+00
11283,1.27,2026-05-24 02:19:30.056178+00
11284,1.01,2026-05-24 02:19:46.537688+00
11285,1.38,2026-05-24 02:20:03.153705+00
11286,1.94,2026-05-24 02:20:28.098024+00
11287,2.6,2026-05-24 02:20:53.129621+00
11288,1.13,2026-05-24 02:21:01.549217+00
11289,3.58,2026-05-24 02:21:34.901319+00
11290,11.2,2026-05-24 02:22:16.091209+00
11291,1.39,2026-05-24 02:22:32.777906+00
11292,1.29,2026-05-24 02:22:49.260713+00
11293,10.73,2026-05-24 02:23:30.655425+00
11294,8.13,2026-05-24 02:24:12.373019+00
11295,1.04,2026-05-24 02:24:29.384632+00
11296,1.49,2026-05-24 02:24:46.146983+00
11297,4.25,2026-05-24 02:25:19.619991+00
11298,1.28,2026-05-24 02:25:27.845529+00
11299,1.38,2026-05-24 02:25:52.896054+00
11300,1.64,2026-05-24 02:26:09.675436+00
11301,11.91,2026-05-24 02:26:50.811491+00
11302,3.21,2026-05-24 02:27:24.048495+00
11303,23.01,2026-05-24 02:28:13.765975+00
11304,7.01,2026-05-24 02:28:47.019787+00
11305,1.29,2026-05-24 02:29:03.712121+00
11306,1.1,2026-05-24 02:29:20.36067+00
11307,1.79,2026-05-24 02:29:45.431045+00
11308,4.31,2026-05-24 02:30:10.233317+00
11309,1.16,2026-05-24 02:30:26.937933+00
11310,22.51,2026-05-24 02:31:16.347919+00
11311,2.26,2026-05-24 02:31:41.244217+00
11312,1.02,2026-05-24 02:31:57.788697+00
11313,1.37,2026-05-24 02:32:14.621598+00
11314,1.81,2026-05-24 02:32:31.341976+00
11315,19.87,2026-05-24 02:33:20.937366+00
11316,1.2,2026-05-24 02:33:37.408678+00
11317,8.08,2026-05-24 02:34:18.971198+00
11318,3.55,2026-05-24 02:34:52.26817+00
11319,1.23,2026-05-24 02:35:00.469085+00
11320,1.77,2026-05-24 02:35:25.776246+00
11321,1.05,2026-05-24 02:35:34.062598+00
11322,410.83,2026-05-24 02:37:04.465733+00
11323,1.16,2026-05-24 02:37:21.332735+00
11324,1.7,2026-05-24 02:37:38.037348+00
11325,1.97,2026-05-24 02:38:03.186622+00
11326,1.17,2026-05-24 02:38:20.01479+00
11327,1.11,2026-05-24 02:38:28.311962+00
11328,4.76,2026-05-24 02:39:01.249574+00
11329,1.6,2026-05-24 02:39:26.222386+00
11330,28.5,2026-05-24 02:40:15.666899+00
11331,2.59,2026-05-24 02:40:40.932805+00
11332,1.44,2026-05-24 02:40:57.368636+00
11333,1.08,2026-05-24 02:41:14.13237+00
11334,4.27,2026-05-24 02:41:47.249096+00
11335,3.32,2026-05-24 02:42:12.204781+00
11336,1.3,2026-05-24 02:42:28.671689+00
11337,1.34,2026-05-24 02:42:45.339619+00
11338,1.8,2026-05-24 02:43:10.372027+00
11339,1.15,2026-05-24 02:43:27.099452+00
11340,9.33,2026-05-24 02:44:00.047283+00
11341,1.55,2026-05-24 02:44:24.93924+00
11342,1.41,2026-05-24 02:44:41.790917+00
11343,1.81,2026-05-24 02:44:58.222741+00
11344,1.51,2026-05-24 02:45:14.914338+00
11345,11,2026-05-24 02:46:04.539564+00
11346,1.53,2026-05-24 02:46:21.249843+00
11347,1.28,2026-05-24 02:46:37.892463+00
11348,1.02,2026-05-24 02:46:46.134339+00
11349,47.96,2026-05-24 02:47:52.088076+00
11350,2.29,2026-05-24 02:48:17.16404+00
11351,1.02,2026-05-24 02:48:25.444695+00
11352,9.46,2026-05-24 02:48:58.447005+00
11353,1.48,2026-05-24 02:49:23.66821+00
11354,1.28,2026-05-24 02:49:40.129035+00
11355,3.9,2026-05-24 02:50:04.978766+00
11356,1.29,2026-05-24 02:50:21.673225+00
11357,1.49,2026-05-24 02:50:38.284375+00
11358,1.73,2026-05-24 02:51:03.645729+00
11359,1.96,2026-05-24 02:51:20.446059+00
11360,2.25,2026-05-24 02:51:45.505183+00
11361,1.38,2026-05-24 02:52:02.157239+00
11362,1.16,2026-05-24 02:52:18.896391+00
11363,2.99,2026-05-24 02:52:43.93499+00
11364,37.9,2026-05-24 02:53:41.733559+00
11365,116.76,2026-05-24 02:54:55.758006+00
11366,1.76,2026-05-24 02:55:12.578545+00
11367,1.13,2026-05-24 02:55:29.260239+00
11368,1.29,2026-05-24 02:55:45.871394+00
11369,1.22,2026-05-24 02:56:02.555601+00
11370,4.19,2026-05-24 02:56:35.865998+00
11371,1.3,2026-05-24 02:56:52.469962+00
11372,95.45,2026-05-24 02:57:57.90424+00
11373,1.13,2026-05-24 02:58:14.758706+00
11374,3.08,2026-05-24 02:58:39.699662+00
11375,2.35,2026-05-24 02:59:04.65908+00
11376,3.32,2026-05-24 02:59:29.755876+00
11377,33.73,2026-05-24 03:00:27.474445+00
11378,1.49,2026-05-24 03:00:52.508985+00
11379,9.1,2026-05-24 03:01:26.119+00
11380,11.48,2026-05-24 03:02:07.752124+00
11381,1.49,2026-05-24 03:02:24.480059+00
11382,1.15,2026-05-24 03:02:41.19463+00
11383,3.13,2026-05-24 03:03:06.086084+00
11384,8.9,2026-05-24 03:03:47.46403+00
11385,1.05,2026-05-24 03:03:55.775944+00
11386,1.1,2026-05-24 03:04:12.609749+00
11387,1.08,2026-05-24 03:04:29.238944+00
11388,1.46,2026-05-24 03:04:45.859369+00
11389,1.52,2026-05-24 03:05:02.531716+00
11390,1.02,2026-05-24 03:05:19.108968+00
11391,2.41,2026-05-24 03:06:17.311236+00
11392,8.37,2026-05-24 03:06:17.311236+00
11393,13.03,2026-05-24 03:07:07.373491+00
11394,4.56,2026-05-24 03:07:40.735984+00
11395,1.49,2026-05-24 03:08:30.863101+00
11396,337.2,2026-05-24 03:09:52.767003+00
11397,4.13,2026-05-24 03:10:26.132683+00
11398,2.38,2026-05-24 03:10:51.203102+00
11399,183.19,2026-05-24 03:12:14.407006+00
11400,1.09,2026-05-24 03:12:22.808978+00
11401,7.34,2026-05-24 03:13:04.439816+00
11402,3.44,2026-05-24 03:13:29.402204+00
11403,1.14,2026-05-24 03:13:46.171477+00
11404,3.12,2026-05-24 03:14:44.458183+00
11405,3.1,2026-05-24 03:15:17.927314+00
11406,9.77,2026-05-24 03:15:51.178046+00
11407,1.5,2026-05-24 03:16:07.953783+00
11408,3.68,2026-05-24 03:16:33.067558+00
11409,1.92,2026-05-24 03:16:57.983401+00
11410,4.68,2026-05-24 03:17:31.648055+00
11411,1.29,2026-05-24 03:17:48.309965+00
11412,3.25,2026-05-24 03:18:13.285442+00
11413,1.75,2026-05-24 03:18:38.38187+00
11414,3.07,2026-05-24 03:19:03.369995+00
11415,1.24,2026-05-24 03:19:20.200306+00
11416,1.15,2026-05-24 03:19:28.40673+00
11417,1.37,2026-05-24 03:19:44.913898+00
11418,1.29,2026-05-24 03:20:01.508635+00
11419,1.13,2026-05-24 03:20:18.143167+00
11420,1.68,2026-05-24 03:20:43.222203+00
11421,2.41,2026-05-24 03:21:16.513273+00
11422,1.05,2026-05-24 03:21:16.513273+00
11423,33.2,2026-05-24 03:22:14.368637+00
11424,3.58,2026-05-24 03:22:39.559096+00
11425,2.01,2026-05-24 03:23:04.83775+00
11426,1.97,2026-05-24 03:23:29.982423+00
11427,3.31,2026-05-24 03:23:54.909932+00
11428,1.65,2026-05-24 03:24:11.491385+00
11429,1.05,2026-05-24 03:24:28.154086+00
11430,2.61,2026-05-24 03:24:53.207553+00
11431,1.8,2026-05-24 03:25:09.921371+00
11432,8.34,2026-05-24 03:25:51.186388+00
11433,1.91,2026-05-24 03:26:16.265661+00
11434,4.56,2026-05-24 03:26:49.396217+00
11435,39.49,2026-05-24 03:27:47.386055+00
11436,2.25,2026-05-24 03:28:04.404219+00
11437,1.03,2026-05-24 03:28:21.25755+00
11438,1.38,2026-05-24 03:28:37.907311+00
11439,1.04,2026-05-24 03:28:54.719072+00
11440,1.52,2026-05-24 03:29:11.339607+00
11441,1.21,2026-05-24 03:29:27.946729+00
11442,49.42,2026-05-24 03:30:25.690034+00
11443,3.12,2026-05-24 03:30:59.045438+00
11444,2.05,2026-05-24 03:31:15.894117+00
11445,2.96,2026-05-24 03:31:49.34572+00
11446,1.17,2026-05-24 03:31:57.551278+00
11447,1.63,2026-05-24 03:32:22.596399+00
11448,2.25,2026-05-24 03:32:47.392788+00
11449,9.6,2026-05-24 03:33:28.97339+00
11450,2.36,2026-05-24 03:33:45.592882+00
11451,4.5,2026-05-24 03:34:18.519809+00
11452,1.58,2026-05-24 03:34:43.450218+00
11453,1.39,2026-05-24 03:35:00.089884+00
11454,1.2,2026-05-24 03:35:08.352023+00
11455,1.08,2026-05-24 03:35:25.06987+00
11456,4.32,2026-05-24 03:35:58.436222+00
11457,1.67,2026-05-24 03:36:15.041001+00
11458,2.03,2026-05-24 03:36:40.098461+00
11459,1.52,2026-05-24 03:36:56.817963+00
11460,1.47,2026-05-24 03:37:13.673384+00
11461,2.35,2026-05-24 03:37:38.659325+00
11462,9.09,2026-05-24 03:38:20.336527+00
11463,1.58,2026-05-24 03:38:37.232341+00
11464,1.71,2026-05-24 03:39:02.083087+00
11465,3.85,2026-05-24 03:39:27.189823+00
11466,1.28,2026-05-24 03:39:43.878446+00
11467,1.23,2026-05-24 03:40:00.651513+00
11468,1.47,2026-05-24 03:40:17.452396+00
11469,2.49,2026-05-24 03:40:42.486025+00
11470,1.17,2026-05-24 03:40:59.172479+00
11471,1.17,2026-05-24 03:41:15.832021+00
11472,1.26,2026-05-24 03:41:24.096473+00
11473,2.17,2026-05-24 03:41:57.460537+00
11474,2.02,2026-05-24 03:42:14.388388+00
11475,2.13,2026-05-24 03:42:39.377979+00
11476,1.78,2026-05-24 03:42:55.999437+00
11477,9.02,2026-05-24 03:43:29.07208+00
11478,6.42,2026-05-24 03:44:10.880027+00
11479,1.19,2026-05-24 03:44:19.151998+00
11480,1.75,2026-05-24 03:44:44.096617+00
11481,1.83,2026-05-24 03:45:00.632609+00
11482,4.09,2026-05-24 03:45:34.038883+00
11483,2.3,2026-05-24 03:45:58.978962+00
11484,1.65,2026-05-24 03:46:15.76559+00
11485,1.79,2026-05-24 03:46:40.698398+00
11486,2.98,2026-05-24 03:47:05.838164+00
11487,1.63,2026-05-24 03:47:22.611435+00
11488,1.38,2026-05-24 03:47:39.277827+00
11489,9.01,2026-05-24 03:48:20.828804+00
11490,8.06,2026-05-24 03:49:02.518047+00
11491,2.52,2026-05-24 03:49:27.775287+00
11492,1.72,2026-05-24 03:49:44.41798+00
11493,5.3,2026-05-24 03:50:17.608076+00
11494,1.16,2026-05-24 03:50:34.23863+00
11495,4.76,2026-05-24 03:51:07.781746+00
11496,3.38,2026-05-24 03:51:32.579379+00
11497,1.01,2026-05-24 03:51:49.315442+00
11498,1.02,2026-05-24 03:51:57.627014+00
11499,18.98,2026-05-24 03:52:47.24093+00
11500,1.17,2026-05-24 03:53:03.788007+00
11501,2.04,2026-05-24 03:53:28.810688+00
11502,2.3,2026-05-24 03:53:53.857593+00
11503,1.26,2026-05-24 03:54:10.967734+00
11504,1.75,2026-05-24 03:54:28.253067+00
11505,1.05,2026-05-24 03:54:44.84922+00
11506,1.1,2026-05-24 03:54:53.0756+00
11507,1.28,2026-05-24 03:55:09.657407+00
11508,3.17,2026-05-24 03:55:42.79529+00
11509,1.26,2026-05-24 03:55:51.037807+00
11510,1.46,2026-05-24 03:56:16.132953+00
11511,1.75,2026-05-24 03:56:32.833015+00
11512,4.84,2026-05-24 03:57:06.024394+00
11513,1.67,2026-05-24 03:57:22.803979+00
11514,4.69,2026-05-24 03:57:55.670539+00
11515,1.01,2026-05-24 03:58:12.363467+00
11516,6.13,2026-05-24 03:58:45.61701+00
11517,2.66,2026-05-24 03:59:10.552749+00
11518,1.24,2026-05-24 03:59:27.203623+00
11519,10.75,2026-05-24 04:00:08.343226+00
11520,1.78,2026-05-24 04:00:33.330506+00
11521,1.61,2026-05-24 04:00:50.027642+00
11522,1.31,2026-05-24 04:01:06.615075+00
11523,1.1,2026-05-24 04:01:23.431076+00
11524,3.11,2026-05-24 04:01:48.341365+00
11525,1.77,2026-05-24 04:02:04.924657+00
11526,1.16,2026-05-24 04:02:21.652128+00
11527,1.11,2026-05-24 04:02:38.332727+00
11528,1.3,2026-05-24 04:02:55.153887+00
11529,1.15,2026-05-24 04:03:11.898502+00
11530,3.83,2026-05-24 04:03:36.945904+00
11531,3.44,2026-05-24 04:04:10.387883+00
11532,2.7,2026-05-24 04:04:35.466627+00
11533,93.16,2026-05-24 04:05:41.752674+00
11534,138.11,2026-05-24 04:06:55.831259+00
11535,2.02,2026-05-24 04:07:21.078286+00
11536,1.54,2026-05-24 04:07:37.804141+00
11537,1.01,2026-05-24 04:07:54.487951+00
11538,1.23,2026-05-24 04:08:02.761185+00
11539,3.28,2026-05-24 04:08:35.983202+00
11540,1.28,2026-05-24 04:08:52.683391+00
11541,1.18,2026-05-24 04:09:09.286669+00
11542,4.04,2026-05-24 04:09:34.224956+00
11543,1.48,2026-05-24 04:09:50.794542+00
11544,501,2026-05-24 04:11:21.421308+00
11545,4.33,2026-05-24 04:11:54.682294+00
11546,1.17,2026-05-24 04:12:11.469478+00
11547,1.08,2026-05-24 04:12:28.201016+00
11548,1.15,2026-05-24 04:12:36.456397+00
11549,2.92,2026-05-24 04:13:09.618955+00
11550,3.38,2026-05-24 04:13:34.614532+00
11551,1.65,2026-05-24 04:13:51.061292+00
11552,1.46,2026-05-24 04:14:16.066012+00
11553,1.32,2026-05-24 04:14:32.809996+00
11554,2.08,2026-05-24 04:14:49.537982+00
11555,1.44,2026-05-24 04:15:06.054964+00
11556,1.34,2026-05-24 04:15:22.747142+00
11557,1.44,2026-05-24 04:15:39.427198+00
11558,1.09,2026-05-24 04:15:56.064151+00
11559,1.63,2026-05-24 04:16:12.722473+00
11560,11.51,2026-05-24 04:17:02.468966+00
11561,2.37,2026-05-24 04:17:27.520605+00
11562,1.19,2026-05-24 04:17:35.874373+00
11563,1.3,2026-05-24 04:17:52.509532+00
11564,1.15,2026-05-24 04:18:09.057792+00
11565,1.07,2026-05-24 04:18:25.86202+00
11566,30.57,2026-05-24 04:19:23.624399+00
11567,1.17,2026-05-24 04:19:31.986054+00
11568,8.32,2026-05-24 04:20:13.581298+00
11569,1.08,2026-05-24 04:20:30.39009+00
11570,7.31,2026-05-24 04:21:03.623128+00
11571,1.9,2026-05-24 04:21:28.806964+00
11572,2.09,2026-05-24 04:21:53.731015+00
11573,1.69,2026-05-24 04:22:10.437959+00
11574,1.43,2026-05-24 04:22:27.092031+00
11575,4.24,2026-05-24 04:23:00.550712+00
11576,1.69,2026-05-24 04:23:17.374253+00
11577,2.7,2026-05-24 04:23:42.374239+00
11578,2.27,2026-05-24 04:24:07.284482+00
11579,1.79,2026-05-24 04:24:24.024083+00
11580,1.12,2026-05-24 04:24:40.731161+00
11581,2.14,2026-05-24 04:25:05.604183+00
11582,8.2,2026-05-24 04:25:47.291231+00
11583,8.2,2026-05-24 04:26:12.7669+00
11584,2.31,2026-05-24 04:26:37.856561+00
11585,3.52,2026-05-24 04:27:35.960072+00
11586,1.71,2026-05-24 04:28:01.040514+00
11587,3.56,2026-05-24 04:28:26.06233+00
11588,1.47,2026-05-24 04:28:42.551382+00
11589,1.23,2026-05-24 04:28:59.162599+00
11590,3.62,2026-05-24 04:29:32.405359+00
11591,1.03,2026-05-24 04:29:40.798017+00
11592,1.48,2026-05-24 04:29:57.404366+00
11593,12.06,2026-05-24 04:30:47.268217+00
11594,2.85,2026-05-24 04:31:12.646733+00
11595,9.11,2026-05-24 04:31:46.426926+00
11596,3.62,2026-05-24 04:32:11.313443+00
11597,1.41,2026-05-24 04:32:27.894836+00
11598,2.51,2026-05-24 04:32:52.876476+00
11599,1.1,2026-05-24 04:33:09.562465+00
11600,1.64,2026-05-24 04:33:26.250187+00
11601,10.97,2026-05-24 04:34:07.667476+00
11602,1.07,2026-05-24 04:34:24.186003+00
11603,1.03,2026-05-24 04:34:40.835585+00
11604,73.12,2026-05-24 04:35:46.8547+00
11605,6.28,2026-05-24 04:36:20.212503+00
11606,2.87,2026-05-24 04:36:45.255812+00
11607,3.16,2026-05-24 04:37:18.617995+00
11608,2.4,2026-05-24 04:37:43.691465+00
11609,1.9,2026-05-24 04:38:00.434258+00
11610,4.99,2026-05-24 04:38:33.913497+00
11611,1.7,2026-05-24 04:38:50.610259+00
11612,1.02,2026-05-24 04:39:07.221497+00
11613,6.92,2026-05-24 04:39:48.706785+00
11614,1.02,2026-05-24 04:39:56.925967+00
11615,1.32,2026-05-24 04:40:13.682861+00
11616,1.02,2026-05-24 04:40:30.435934+00
11617,3.9,2026-05-24 04:40:55.395688+00
11618,2.1,2026-05-24 04:41:20.428032+00
11619,116.63,2026-05-24 04:42:34.68404+00
11620,3.79,2026-05-24 04:43:08.142419+00
11621,1.05,2026-05-24 04:43:16.479676+00
11622,3.5,2026-05-24 04:43:49.857386+00
11623,1.02,2026-05-24 04:43:58.110915+00
11624,2.07,2026-05-24 04:44:23.345049+00
11625,1.63,2026-05-24 04:44:39.837013+00
11626,21.45,2026-05-24 04:45:37.90173+00
11627,12.42,2026-05-24 04:46:19.679884+00
11628,3.39,2026-05-24 04:47:26.665962+00
11629,4.45,2026-05-24 04:47:59.985992+00
11630,1.15,2026-05-24 04:48:16.779896+00
11631,35.77,2026-05-24 04:49:14.659946+00
11632,23.22,2026-05-24 04:50:04.205399+00
11633,19.07,2026-05-24 04:50:54.093793+00
11634,1.42,2026-05-24 04:51:10.975383+00
11635,1.23,2026-05-24 04:51:27.71408+00
11636,2.32,2026-05-24 04:51:52.812034+00
11637,2.05,2026-05-24 04:52:09.240484+00
11638,2.31,2026-05-24 04:52:34.255846+00
11639,2.06,2026-05-24 04:52:59.326331+00
11640,1.36,2026-05-24 04:53:16.14989+00
11641,5.64,2026-05-24 04:53:49.432264+00
11642,1.36,2026-05-24 04:54:14.605081+00
11643,37.09,2026-05-24 04:55:12.422681+00
11644,2.19,2026-05-24 04:55:37.630156+00
11645,1.37,2026-05-24 04:55:54.374839+00
11646,1.19,2026-05-24 04:56:11.165555+00
11647,2.18,2026-05-24 04:56:27.739218+00
11648,9.05,2026-05-24 04:57:00.733193+00
11649,1.52,2026-05-24 04:57:25.895546+00
11650,1.28,2026-05-24 04:57:34.102962+00
11651,24.15,2026-05-24 04:58:32.255078+00
11652,1.23,2026-05-24 04:58:48.880283+00
11653,1.15,2026-05-24 04:59:05.545013+00
11654,2.92,2026-05-24 04:59:30.683619+00
11655,1.55,2026-05-24 04:59:47.22748+00
11656,2.42,2026-05-24 05:00:28.990984+00
11657,1.23,2026-05-24 05:00:28.990984+00
11658,1.01,2026-05-24 05:00:37.225991+00
11659,1.45,2026-05-24 05:00:53.842558+00
11660,1.78,2026-05-24 05:01:18.986394+00
11661,1.41,2026-05-24 05:01:35.643973+00
11662,1.01,2026-05-24 05:01:43.833009+00
11663,16.31,2026-05-24 05:02:33.305335+00
11664,9.05,2026-05-24 05:03:14.755141+00
11665,1.03,2026-05-24 05:03:31.584703+00
11666,1.26,2026-05-24 05:03:48.201522+00
11667,24.43,2026-05-24 05:04:37.267001+00
11668,2.35,2026-05-24 05:05:02.348387+00
11669,3.41,2026-05-24 05:05:35.584979+00
11670,2.61,2026-05-24 05:06:00.545901+00
11671,2.25,2026-05-24 05:06:17.211678+00
11672,4.99,2026-05-24 05:06:50.264707+00
11673,1.23,2026-05-24 05:07:06.674685+00
11674,1.22,2026-05-24 05:07:23.573506+00
11675,1.15,2026-05-24 05:07:40.15257+00
11676,1.11,2026-05-24 05:07:56.739962+00
11677,1.05,2026-05-24 05:08:04.939728+00
11678,3.12,2026-05-24 05:08:38.923304+00
11679,28.27,2026-05-24 05:09:28.412991+00
11680,2.29,2026-05-24 05:09:53.246405+00
11681,1.06,2026-05-24 05:10:10.04606+00
11682,9.99,2026-05-24 05:10:51.47635+00
11683,4.86,2026-05-24 05:11:24.673786+00
11684,2.25,2026-05-24 05:11:49.642715+00
11685,4.11,2026-05-24 05:12:14.543963+00
11686,3.74,2026-05-24 05:12:47.705877+00
11687,1.84,2026-05-24 05:13:04.397469+00
11688,1.32,2026-05-24 05:13:20.920485+00
11689,2.66,2026-05-24 05:13:53.949934+00
11690,1.21,2026-05-24 05:14:02.076311+00
11691,2.54,2026-05-24 05:14:26.853233+00
11692,1.14,2026-05-24 05:14:43.277006+00
11693,1.08,2026-05-24 05:14:59.826115+00
11694,8,2026-05-24 05:15:40.694724+00
11695,3.61,2026-05-24 05:16:05.130834+00
11696,8.18,2026-05-24 05:16:46.330077+00
11697,2.19,2026-05-24 05:17:10.991979+00
11698,1.01,2026-05-24 05:17:19.193037+00
11699,4.33,2026-05-24 05:17:51.749926+00
11700,1.81,2026-05-24 05:18:16.487287+00
11701,1.91,2026-05-24 05:18:32.821677+00
11702,2.02,2026-05-24 05:18:57.607335+00
11703,2.62,2026-05-24 05:19:22.294793+00
11704,9.87,2026-05-24 05:19:54.959462+00
11705,1.05,2026-05-24 05:20:11.503063+00
11706,3.54,2026-05-24 05:20:44.368106+00
11707,2.11,2026-05-24 05:21:00.645502+00
11708,12.22,2026-05-24 05:21:49.600199+00
11709,2.1,2026-05-24 05:22:06.106527+00
11710,2.03,2026-05-24 05:22:31.054535+00
11711,9.97,2026-05-24 05:23:03.703815+00
11712,200.2,2026-05-24 05:24:25.18546+00
11713,4.66,2026-05-24 05:24:57.952668+00
11714,1.97,2026-05-24 05:25:22.862579+00
11715,2.09,2026-05-24 05:25:47.499968+00
11716,1.51,2026-05-24 05:26:03.916253+00
11717,20.05,2026-05-24 05:26:52.958363+00
11718,1.74,2026-05-24 05:27:09.531377+00
11719,1.48,2026-05-24 05:27:34.0691+00
11720,3.12,2026-05-24 05:27:58.705587+00
11721,1.97,2026-05-24 05:28:23.527135+00
11722,9.17,2026-05-24 05:28:56.443801+00
11723,10,2026-05-24 05:29:37.425587+00
11724,13.36,2026-05-24 05:30:26.43405+00
11725,14.2,2026-05-24 05:31:07.180222+00
11726,3.24,2026-05-24 05:31:40.334969+00
11727,1.51,2026-05-24 05:31:56.878498+00
11728,14.16,2026-05-24 05:32:37.797377+00
11729,28.71,2026-05-24 05:33:34.845018+00
11730,4.08,2026-05-24 05:34:07.843895+00
11731,8.37,2026-05-24 05:34:48.996105+00
11732,2.13,2026-05-24 05:35:13.890929+00
11733,1.35,2026-05-24 05:35:30.403661+00
11734,2.84,2026-05-24 05:35:54.957964+00
11735,1.35,2026-05-24 05:36:11.492808+00
11736,2.08,2026-05-24 05:36:27.976568+00
11737,1.12,2026-05-24 05:36:44.470381+00
11738,1.42,2026-05-24 05:37:00.90774+00
11739,1.68,2026-05-24 05:37:25.661633+00
11740,1.81,2026-05-24 05:37:41.89606+00
11741,2.1,2026-05-24 05:38:06.578888+00
11742,3.31,2026-05-24 05:38:39.460925+00
11743,9.23,2026-05-24 05:39:12.407831+00
11744,2.84,2026-05-24 05:39:37.130733+00
11745,1.54,2026-05-24 05:39:53.654182+00
11746,501,2026-05-24 05:41:31.539016+00
11747,9.89,2026-05-24 05:42:04.338291+00
11748,1.43,2026-05-24 05:42:21.013051+00
11749,1.87,2026-05-24 05:42:37.268227+00
11750,1.16,2026-05-24 05:42:53.545671+00
11751,1.75,2026-05-24 05:43:18.261203+00
11752,2.98,2026-05-24 05:43:42.907238+00
11753,2.03,2026-05-24 05:44:07.689808+00
11754,40.77,2026-05-24 05:45:04.77874+00
11755,2.08,2026-05-24 05:45:29.683429+00
11756,1.28,2026-05-24 05:45:46.23281+00
11757,1.75,2026-05-24 05:46:02.694262+00
11758,4.99,2026-05-24 05:46:35.485955+00
11759,2.69,2026-05-24 05:47:00.179584+00
11760,1.7,2026-05-24 05:47:24.863781+00
11761,1.38,2026-05-24 05:47:41.450962+00
11762,1.67,2026-05-24 05:47:57.921641+00
11763,3.25,2026-05-24 05:48:22.477928+00
11764,1.47,2026-05-24 05:48:47.103644+00
11765,9.79,2026-05-24 05:49:19.619184+00
11766,1.05,2026-05-24 05:49:36.139698+00
11767,1.73,2026-05-24 05:49:52.070802+00
11768,3.42,2026-05-24 05:50:23.62801+00
11769,1.02,2026-05-24 05:50:31.871067+00
11770,9.24,2026-05-24 05:51:04.780203+00
11771,1.16,2026-05-24 05:51:21.274281+00
11772,2.25,2026-05-24 05:51:45.896319+00
11773,1.18,2026-05-24 05:52:02.451246+00
11774,2.12,2026-05-24 05:52:26.352714+00
11775,175.97,2026-05-24 05:53:47.663445+00
11776,1.01,2026-05-24 05:53:55.752682+00
11777,1.18,2026-05-24 05:54:11.90406+00
11778,3.35,2026-05-24 05:54:43.617022+00
11779,1.09,2026-05-24 05:54:51.594212+00
11780,2.57,2026-05-24 05:55:23.35467+00
11781,37.27,2026-05-24 05:56:20.78163+00
11782,2.22,2026-05-24 05:56:45.442632+00
11783,1.01,2026-05-24 05:56:53.59644+00
11784,2.03,2026-05-24 05:57:18.459921+00
11785,3.34,2026-05-24 05:57:42.980521+00
11786,1.07,2026-05-24 05:57:59.554599+00
11787,1.01,2026-05-24 05:58:07.762687+00
11788,2.81,2026-05-24 05:58:39.36071+00
11789,4.59,2026-05-24 05:59:11.564102+00
11790,1.02,2026-05-24 05:59:19.779711+00
11791,1.04,2026-05-24 05:59:35.762958+00
11792,1.54,2026-05-24 05:59:51.669465+00
11793,1.08,2026-05-24 06:00:07.414053+00
11794,4.98,2026-05-24 06:00:39.080674+00
11795,9.24,2026-05-24 06:01:19.63643+00
11796,1.1,2026-05-24 06:01:36.093267+00
11797,10.76,2026-05-24 06:02:16.795395+00
11798,2.12,2026-05-24 06:02:49.812715+00
11799,1.27,2026-05-24 06:03:06.337511+00
11800,3.42,2026-05-24 06:03:31.085407+00
11801,2.98,2026-05-24 06:03:55.513476+00
11802,1.92,2026-05-24 06:04:20.182785+00
11803,2.29,2026-05-24 06:04:44.371421+00
11804,1.16,2026-05-24 06:05:00.46104+00
11805,6.1,2026-05-24 06:05:32.17009+00
11806,1.01,2026-05-24 06:05:48.693947+00
11807,1.68,2026-05-24 06:06:04.438873+00
11808,1.38,2026-05-24 06:06:20.287068+00
11809,1.83,2026-05-24 06:06:44.067475+00
11810,20.71,2026-05-24 06:07:32.408944+00
11811,1.27,2026-05-24 06:07:48.886356+00
11812,27.81,2026-05-24 06:08:46.083457+00
11813,1.24,2026-05-24 06:09:02.520335+00
11814,6.04,2026-05-24 06:09:35.269013+00
11815,1.25,2026-05-24 06:09:51.687092+00
11816,36.08,2026-05-24 06:10:47.527083+00
11817,2.24,2026-05-24 06:11:12.11695+00
11818,8.49,2026-05-24 06:11:52.638816+00
11819,1.77,2026-05-24 06:12:17.460718+00
11820,1.12,2026-05-24 06:12:25.704058+00
11821,226.21,2026-05-24 06:13:46.919993+00
11822,1.25,2026-05-24 06:14:03.275844+00
11823,3.59,2026-05-24 06:14:35.911616+00
11824,1.78,2026-05-24 06:14:52.439997+00
11825,1.76,2026-05-24 06:15:17.194816+00
11826,1.06,2026-05-24 06:15:33.16612+00
11827,1.32,2026-05-24 06:15:48.912097+00
11828,1.24,2026-05-24 06:16:04.806182+00
11829,2.28,2026-05-24 06:16:28.458954+00
11830,6.35,2026-05-24 06:16:59.919791+00
11831,1.9,2026-05-24 06:17:25.090536+00
11832,1.69,2026-05-24 06:17:41.46388+00
11833,1.76,2026-05-24 06:18:06.106989+00
11834,1.95,2026-05-24 06:18:22.148478+00
11835,1.52,2026-05-24 06:18:38.220267+00
11836,4.8,2026-05-24 06:19:17.563984+00
11837,1.38,2026-05-24 06:19:34.043032+00
11838,2.35,2026-05-24 06:19:58.677006+00
11839,1.44,2026-05-24 06:20:15.147595+00
11840,1.45,2026-05-24 06:20:31.570788+00
11841,1.41,2026-05-24 06:20:48.035716+00
11842,1.13,2026-05-24 06:21:04.037717+00
11843,1.12,2026-05-24 06:21:19.846551+00
11844,1.71,2026-05-24 06:21:35.638438+00
11845,1.21,2026-05-24 06:21:51.513738+00
11846,1.17,2026-05-24 06:22:07.837226+00
11847,1.42,2026-05-24 06:22:24.51457+00
11848,4.03,2026-05-24 06:22:57.233747+00
11849,1.45,2026-05-24 06:23:13.813958+00
11850,1.55,2026-05-24 06:23:30.439719+00
11851,6.93,2026-05-24 06:24:11.427284+00
11852,3.68,2026-05-24 06:24:35.824028+00
11853,1.09,2026-05-24 06:24:52.237247+00
11854,2.73,2026-05-24 06:25:16.98679+00
11855,1.77,2026-05-24 06:25:41.50868+00
11856,1.77,2026-05-24 06:25:57.9637+00
11857,1.36,2026-05-24 06:26:14.306582+00
11858,2.19,2026-05-24 06:26:37.914957+00
11859,1.67,2026-05-24 06:26:54.039571+00
11860,1.23,2026-05-24 06:27:10.536512+00
11861,1.01,2026-05-24 06:27:26.898119+00
11862,1.71,2026-05-24 06:27:42.692066+00
11863,1.76,2026-05-24 06:28:06.905813+00
11864,8.99,2026-05-24 06:28:47.770163+00
11865,1.02,2026-05-24 06:28:55.983071+00
11866,1.93,2026-05-24 06:29:20.747409+00
11867,1.61,2026-05-24 06:29:37.047925+00
11868,19.92,2026-05-24 06:30:34.067013+00
11869,1.72,2026-05-24 06:30:50.59867+00
11870,1.13,2026-05-24 06:31:07.10014+00
11871,3.27,2026-05-24 06:31:31.122735+00
11872,3.61,2026-05-24 06:32:03.954473+00
11873,6.4,2026-05-24 06:32:36.525736+00
11874,18.69,2026-05-24 06:33:25.389571+00
11875,1.04,2026-05-24 06:33:41.806463+00
11876,1.08,2026-05-24 06:33:58.394901+00
11877,1.02,2026-05-24 06:34:06.339021+00
11878,1.69,2026-05-24 06:34:30.005108+00
11879,1.33,2026-05-24 06:34:46.251007+00
11880,2.4,2026-05-24 06:35:10.966521+00
11881,1.01,2026-05-24 06:35:19.195278+00
11882,1.6,2026-05-24 06:35:43.804566+00
11883,2.27,2026-05-24 06:36:41.115801+00
11884,1.29,2026-05-24 06:36:57.643933+00
11885,1.36,2026-05-24 06:37:13.406049+00
11886,1.15,2026-05-24 06:37:29.334326+00
11887,3.18,2026-05-24 06:37:52.71083+00
11888,1.89,2026-05-24 06:38:17.451461+00
11889,1.92,2026-05-24 06:38:33.630908+00
11890,5,2026-05-24 06:39:06.41427+00
11891,1.63,2026-05-24 06:39:31.297012+00
11892,2.65,2026-05-24 06:39:56.086134+00
11893,1.05,2026-05-24 06:40:04.283938+00
11894,1.71,2026-05-24 06:40:29.10941+00
11895,11.71,2026-05-24 06:41:09.545806+00
11896,1.64,2026-05-24 06:41:34.250913+00
11897,1.02,2026-05-24 06:41:42.470997+00
11898,1.55,2026-05-24 06:41:58.929975+00
11899,1.45,2026-05-24 06:42:23.617507+00
11900,1.77,2026-05-24 06:42:40.161368+00
11901,5.53,2026-05-24 06:43:12.725222+00
11902,22.95,2026-05-24 06:44:10.028606+00
11903,3.74,2026-05-24 06:44:34.640747+00
11904,1.46,2026-05-24 06:44:51.117078+00
11905,1.76,2026-05-24 06:45:15.815486+00
11906,1.1,2026-05-24 06:45:32.27523+00
11907,8.82,2026-05-24 06:46:04.99906+00
11908,13.92,2026-05-24 06:46:54.014616+00
11909,9.9,2026-05-24 06:47:26.662872+00
11910,2.48,2026-05-24 06:47:51.349564+00
11911,1.92,2026-05-24 06:48:16.066576+00
11912,1.82,2026-05-24 06:48:32.507342+00
11913,1.59,2026-05-24 06:48:57.466876+00
11914,3.62,2026-05-24 06:49:22.057816+00
11915,1.1,2026-05-24 06:49:38.642494+00
11916,14.07,2026-05-24 06:50:27.803631+00
11917,26.09,2026-05-24 06:51:16.764145+00
11918,1.31,2026-05-24 06:51:33.242553+00
11919,1.36,2026-05-24 06:51:49.65691+00
11920,6.68,2026-05-24 06:52:30.846637+00
11921,145.67,2026-05-24 06:53:44.538332+00
11922,1.28,2026-05-24 06:54:01.239867+00
11923,12.65,2026-05-24 06:54:50.367001+00
11924,3.98,2026-05-24 06:55:14.947715+00
11925,2.84,2026-05-24 06:55:39.713729+00
11926,1.05,2026-05-24 06:55:56.200353+00
11927,4.2,2026-05-24 06:56:28.983658+00
11928,1.63,2026-05-24 06:56:45.425818+00
11929,10.74,2026-05-24 06:57:26.205075+00
11930,6.17,2026-05-24 06:58:07.346286+00
11931,1.14,2026-05-24 06:58:23.839536+00
11932,1.1,2026-05-24 06:58:32.085194+00
11933,1.2,2026-05-24 06:58:48.484786+00
11934,1.03,2026-05-24 06:59:04.899569+00
11935,3.07,2026-05-24 06:59:29.282904+00
11936,1.69,2026-05-24 06:59:53.933523+00
11937,1.25,2026-05-24 07:00:02.11992+00
11938,2.05,2026-05-24 07:00:26.78551+00
11939,4.23,2026-05-24 07:00:59.688312+00
11940,2.68,2026-05-24 07:01:24.400064+00
11941,7.54,2026-05-24 07:02:05.207761+00
11942,1.74,2026-05-24 07:02:21.726978+00
11943,1.29,2026-05-24 07:02:38.232404+00
11944,2.03,2026-05-24 07:03:02.917014+00
11945,1.05,2026-05-24 07:03:11.133119+00
11946,4.32,2026-05-24 07:03:43.846067+00
11947,4.49,2026-05-24 07:04:16.592327+00
11948,1.4,2026-05-24 07:04:33.163822+00
11949,1.14,2026-05-24 07:04:49.666069+00
11950,1.3,2026-05-24 07:05:06.169368+00
11951,32.19,2026-05-24 07:06:03.189027+00
11952,1.03,2026-05-24 07:06:19.768717+00
11953,1.78,2026-05-24 07:06:36.203444+00
11954,1.82,2026-05-24 07:07:00.977899+00
11955,2,2026-05-24 07:07:17.329803+00
11956,3.43,2026-05-24 07:07:50.142444+00
11957,4.64,2026-05-24 07:08:23.069976+00
11958,2.92,2026-05-24 07:08:47.746614+00
11959,1.08,2026-05-24 07:09:04.239393+00
11960,4.76,2026-05-24 07:09:37.046666+00
11961,14.86,2026-05-24 07:10:17.992185+00
11962,1.67,2026-05-24 07:10:42.878972+00
11963,7.13,2026-05-24 07:11:15.418747+00
11964,1.11,2026-05-24 07:11:31.871613+00
11965,1.24,2026-05-24 07:11:48.303001+00
11966,2.04,2026-05-24 07:12:12.966722+00
11967,1.01,2026-05-24 07:12:21.209454+00
11968,9.16,2026-05-24 07:12:53.608946+00
11969,3.5,2026-05-24 07:13:26.537961+00
11970,96.06,2026-05-24 07:14:31.506451+00
11971,2.12,2026-05-24 07:14:56.04688+00
11972,2.05,2026-05-24 07:15:20.994692+00
11973,10.79,2026-05-24 07:16:02.044569+00
11974,1.72,2026-05-24 07:16:26.995036+00
11975,1.19,2026-05-24 07:16:35.186706+00
11976,9.39,2026-05-24 07:17:16.212265+00
11977,2.12,2026-05-24 07:17:41.048842+00
11978,1.15,2026-05-24 07:17:49.275543+00
11979,6.71,2026-05-24 07:18:30.37173+00
11980,9.89,2026-05-24 07:19:11.019902+00
11981,3.1,2026-05-24 07:19:35.619951+00
11982,1.48,2026-05-24 07:20:00.372687+00
11983,4.79,2026-05-24 07:20:33.154467+00
11984,14.27,2026-05-24 07:21:13.848976+00
11985,13.88,2026-05-24 07:22:03.154049+00
11986,1.45,2026-05-24 07:22:19.736209+00
11987,9.68,2026-05-24 07:23:00.776175+00
11988,2.09,2026-05-24 07:23:25.569225+00
11989,1.06,2026-05-24 07:23:33.817751+00
11990,17.15,2026-05-24 07:24:22.822615+00
11991,1.21,2026-05-24 07:25:03.900964+00
11992,1.38,2026-05-24 07:25:20.406123+00
11993,1.26,2026-05-24 07:25:36.968958+00
11994,1.1,2026-05-24 07:25:53.455061+00
11995,1.38,2026-05-24 07:26:09.898011+00
11996,10.22,2026-05-24 07:27:23.393812+00
11997,1.59,2026-05-24 07:27:39.846796+00
11998,4.78,2026-05-24 07:28:12.737313+00
11999,2.62,2026-05-24 07:28:45.787248+00
12000,1.12,2026-05-24 07:28:53.875298+00
12001,2.58,2026-05-24 07:29:18.376691+00
12002,12.5,2026-05-24 07:30:07.474503+00
12003,2.82,2026-05-24 07:30:32.160869+00
12004,2.03,2026-05-24 07:30:57.177616+00
12005,3.44,2026-05-24 07:31:22.2255+00
12006,1.07,2026-05-24 07:31:38.790982+00
12007,1.03,2026-05-24 07:31:46.942961+00
12008,1.13,2026-05-24 07:32:03.380729+00
12009,1.05,2026-05-24 07:32:19.85713+00
12010,1.06,2026-05-24 07:32:28.184054+00
12011,5.68,2026-05-24 07:33:09.133235+00
12012,114.4,2026-05-24 07:34:22.587478+00
12013,30.52,2026-05-24 07:35:11.434959+00
12014,1.02,2026-05-24 07:35:27.959321+00
12015,1.06,2026-05-24 07:35:44.474998+00
12016,2,2026-05-24 07:36:00.808027+00
12017,3.62,2026-05-24 07:36:34.01089+00
12018,2.9,2026-05-24 07:36:58.785559+00
12019,1.26,2026-05-24 07:37:15.226301+00
12020,1.01,2026-05-24 07:37:31.680258+00
12021,1.49,2026-05-24 07:37:48.230317+00
12022,2.12,2026-05-24 07:38:12.894694+00
12023,2.06,2026-05-24 07:38:37.559038+00
12024,2.21,2026-05-24 07:38:53.966951+00
12025,1.2,2026-05-24 07:39:10.320035+00
12026,2.21,2026-05-24 07:39:34.905823+00
12027,1.57,2026-05-24 07:39:51.358908+00
12028,1.47,2026-05-24 07:40:15.432175+00
12029,7.12,2026-05-24 07:40:47.80043+00
12030,1.67,2026-05-24 07:41:12.545644+00
12031,1.27,2026-05-24 07:41:29.121431+00
12032,9.02,2026-05-24 07:42:09.971783+00
12033,1.15,2026-05-24 07:42:18.191058+00
12034,2.98,2026-05-24 07:42:51.070362+00
12035,10.37,2026-05-24 07:43:32.027045+00
12036,2.34,2026-05-24 07:43:56.632748+00
12037,4.82,2026-05-24 07:44:29.479161+00
12038,2.93,2026-05-24 07:44:54.132691+00
12039,1.12,2026-05-24 07:45:10.559427+00
12040,14.5,2026-05-24 07:45:51.372211+00
12041,1.01,2026-05-24 07:46:07.721897+00
12042,1.56,2026-05-24 07:46:24.2055+00
12043,2.85,2026-05-24 07:46:48.9877+00
12044,16.63,2026-05-24 07:47:38.036033+00
12045,1.27,2026-05-24 07:47:54.423285+00
12046,1.01,2026-05-24 07:48:10.813682+00
12047,2,2026-05-24 07:48:35.419654+00
12048,1.01,2026-05-24 07:48:43.512464+00
12049,1.89,2026-05-24 07:49:07.293661+00
12050,2.6,2026-05-24 07:49:31.855054+00
12051,1.34,2026-05-24 07:49:48.244602+00
12052,9.08,2026-05-24 07:50:21.131701+00
12053,2.42,2026-05-24 07:51:18.469872+00
12054,4.55,2026-05-24 07:51:18.469872+00
12055,2.04,2026-05-24 07:51:43.298219+00
12056,1.52,2026-05-24 07:51:59.726896+00
12057,2.41,2026-05-24 07:52:40.865962+00
12058,1.66,2026-05-24 07:52:40.865962+00
12059,1.83,2026-05-24 07:53:05.644927+00
12060,2.23,2026-05-24 07:53:22.078489+00
12061,4.08,2026-05-24 07:53:54.849663+00
12062,1.98,2026-05-24 07:54:19.474948+00
12063,2.36,2026-05-24 07:54:44.223059+00
12064,2.04,2026-05-24 07:55:00.587005+00
12065,1.58,2026-05-24 07:55:25.419048+00
12066,1.31,2026-05-24 07:55:41.909512+00
12067,4.19,2026-05-24 07:56:05.90775+00
12068,1.84,2026-05-24 07:56:30.64483+00
12069,4.08,2026-05-24 07:57:03.612794+00
12070,3.09,2026-05-24 07:57:28.513456+00
12071,1.48,2026-05-24 07:57:44.933475+00
12072,1.08,2026-05-24 07:58:01.368394+00
12073,1.23,2026-05-24 07:58:17.813749+00
12074,2.3,2026-05-24 07:58:42.313042+00
12075,3.95,2026-05-24 07:59:06.837455+00
12076,1.16,2026-05-24 07:59:23.270813+00
12077,2.34,2026-05-24 07:59:47.886582+00
12078,1.27,2026-05-24 08:00:04.399037+00
12079,8.39,2026-05-24 08:00:45.366479+00
12080,1.03,2026-05-24 08:00:53.522086+00
12081,4.37,2026-05-24 08:01:26.17734+00
12082,1.84,2026-05-24 08:01:50.909965+00
12083,1.16,2026-05-24 08:02:06.97244+00
12084,1.45,2026-05-24 08:02:23.119554+00
12085,1.49,2026-05-24 08:02:47.499982+00
12086,1.42,2026-05-24 08:03:04.018882+00
12087,1.5,2026-05-24 08:03:20.430421+00
12088,2.54,2026-05-24 08:03:45.056515+00
12089,4.01,2026-05-24 08:04:17.959427+00
12090,4.28,2026-05-24 08:04:50.797804+00
12091,1.87,2026-05-24 08:05:07.143958+00
12092,4.93,2026-05-24 08:05:39.789427+00
12093,16.85,2026-05-24 08:06:28.63405+00
12094,6.06,2026-05-24 08:07:09.721994+00
12095,6.32,2026-05-24 08:07:42.979039+00
12096,13.98,2026-05-24 08:08:32.057687+00
12097,1.44,2026-05-24 08:08:48.629918+00
12098,1.87,2026-05-24 08:09:04.949422+00
12099,3.95,2026-05-24 08:09:37.96901+00
12100,5.08,2026-05-24 08:10:10.841122+00
12101,1.23,2026-05-24 08:10:27.345356+00
12102,1.15,2026-05-24 08:10:43.966272+00
12103,1.75,2026-05-24 08:11:00.327803+00
12104,4.46,2026-05-24 08:11:33.346405+00
12105,1.02,2026-05-24 08:11:49.806702+00
12106,1.45,2026-05-24 08:12:06.220904+00
12107,55.39,2026-05-24 08:13:11.291682+00
12108,1.09,2026-05-24 08:13:19.538552+00
12109,2.27,2026-05-24 08:13:44.144244+00
12110,1.05,2026-05-24 08:14:00.797903+00
12111,2.2,2026-05-24 08:14:25.578806+00
12112,2.55,2026-05-24 08:14:50.175271+00
12113,1.02,2026-05-24 08:14:58.393692+00
12114,2.03,2026-05-24 08:15:22.24862+00
12115,1.92,2026-05-24 08:15:47.101113+00
12116,1.92,2026-05-24 08:16:03.492234+00
12117,29.87,2026-05-24 08:17:00.77605+00
12118,1.74,2026-05-24 08:17:17.225169+00
12119,2.16,2026-05-24 08:17:41.981417+00
12120,3.79,2026-05-24 08:18:14.936892+00
12121,7.62,2026-05-24 08:18:47.734942+00
12122,1.51,2026-05-24 08:19:12.643011+00
12123,1.89,2026-05-24 08:19:29.172901+00
12124,3.45,2026-05-24 08:20:02.025907+00
12125,2.1,2026-05-24 08:20:26.730287+00
12126,1.06,2026-05-24 08:20:34.966563+00
12127,1.4,2026-05-24 08:20:58.66202+00
12128,2.12,2026-05-24 08:21:14.360618+00
12129,4.06,2026-05-24 08:22:27.229374+00
12130,1.94,2026-05-24 08:22:51.886002+00
12131,2.05,2026-05-24 08:23:08.330864+00
12132,3.68,2026-05-24 08:23:41.312709+00
12133,4.97,2026-05-24 08:24:14.321991+00
12134,14.27,2026-05-24 08:25:03.320129+00
12135,1.12,2026-05-24 08:25:11.505637+00
12136,6.79,2026-05-24 08:25:52.841866+00
12137,1.29,2026-05-24 08:26:09.340166+00
12138,1.57,2026-05-24 08:26:25.880947+00
12139,3.61,2026-05-24 08:26:58.961927+00
12140,3.86,2026-05-24 08:27:23.535719+00
12141,1.91,2026-05-24 08:27:48.292093+00
12142,1.08,2026-05-24 08:28:04.839042+00
12143,1.98,2026-05-24 08:28:21.482992+00
12144,1.95,2026-05-24 08:28:46.224904+00
12145,1.7,2026-05-24 08:29:02.600423+00
12146,3.65,2026-05-24 08:29:35.58898+00
12147,9.19,2026-05-24 08:30:08.326456+00
12148,9.36,2026-05-24 08:30:41.238593+00
12149,2.58,2026-05-24 08:31:06.100044+00
12150,1.76,2026-05-24 08:31:22.495592+00
12151,1.85,2026-05-24 08:31:47.22087+00
12152,1.46,2026-05-24 08:32:03.701452+00
12153,7.38,2026-05-24 08:32:44.669472+00
12154,2.45,2026-05-24 08:33:09.305924+00
12155,2.86,2026-05-24 08:33:34.118418+00
12156,3,2026-05-24 08:33:58.710973+00
12157,1.14,2026-05-24 08:34:15.218685+00
12158,1.48,2026-05-24 08:34:31.774949+00
12159,9.96,2026-05-24 08:35:04.357584+00
12160,1.06,2026-05-24 08:35:21.030026+00
12161,2.09,2026-05-24 08:35:45.652184+00
12162,14.57,2026-05-24 08:36:34.785462+00
12163,4.59,2026-05-24 08:36:59.403645+00
12164,1.26,2026-05-24 08:37:15.872815+00
12165,1.55,2026-05-24 08:37:40.788342+00
12166,1.01,2026-05-24 08:37:48.898102+00
12167,1.37,2026-05-24 08:38:04.598235+00
12168,3.12,2026-05-24 08:38:36.927986+00
12169,1.22,2026-05-24 08:38:53.565048+00
12170,2.43,2026-05-24 08:39:18.260395+00
12171,2.27,2026-05-24 08:39:43.016402+00
12172,2.88,2026-05-24 08:40:07.690312+00
12173,2.21,2026-05-24 08:40:32.351362+00
12174,2.06,2026-05-24 08:40:48.770956+00
12175,1.59,2026-05-24 08:41:13.255825+00
12176,3.51,2026-05-24 08:41:37.502593+00
12177,30.42,2026-05-24 08:42:34.672695+00
12178,1.28,2026-05-24 08:42:51.154146+00
12179,2.1,2026-05-24 08:43:15.726671+00
12180,1.39,2026-05-24 08:43:32.17787+00
12181,4.98,2026-05-24 08:44:04.411223+00
12182,1.9,2026-05-24 08:44:29.21806+00
12183,6.37,2026-05-24 08:45:01.856991+00
12184,8.07,2026-05-24 08:45:42.99762+00
12185,1.54,2026-05-24 08:45:59.342823+00
12186,1.07,2026-05-24 08:46:15.811976+00
12187,1.45,2026-05-24 08:46:31.733392+00
12188,2.08,2026-05-24 08:46:55.400747+00
12189,1.31,2026-05-24 08:47:11.373467+00
12190,1.74,2026-05-24 08:47:27.818517+00
12191,1.71,2026-05-24 08:47:52.417917+00
12192,1.05,2026-05-24 08:48:09.012859+00
12193,1.98,2026-05-24 08:48:25.080998+00
12194,1.34,2026-05-24 08:48:41.533006+00
12195,1.08,2026-05-24 08:48:58.093795+00
12196,10.71,2026-05-24 08:49:38.726915+00
12197,1.17,2026-05-24 08:49:55.27717+00
12198,3.95,2026-05-24 08:50:28.08664+00
12199,3.63,2026-05-24 08:50:52.490529+00
12200,1.53,2026-05-24 08:51:08.96225+00
12201,1.1,2026-05-24 08:51:25.213286+00
12202,1.01,2026-05-24 08:51:40.929056+00
12203,1.26,2026-05-24 08:51:56.647921+00
12204,2.61,2026-05-24 08:52:20.578987+00
12205,1.48,2026-05-24 08:52:36.969067+00
12206,1.53,2026-05-24 08:53:01.563823+00
12207,3.27,2026-05-24 08:53:26.277425+00
12208,12.51,2026-05-24 08:54:06.907361+00
12209,3.21,2026-05-24 08:54:39.908407+00
12210,3.4,2026-05-24 08:55:04.407416+00
12211,1.1,2026-05-24 08:55:21.003601+00
12212,2.49,2026-05-24 08:55:45.747014+00
12213,2.93,2026-05-24 08:56:10.113927+00
12214,1.09,2026-05-24 08:56:26.673308+00
12215,6.32,2026-05-24 08:56:59.473332+00
12216,3.27,2026-05-24 08:57:32.480044+00
12217,2.92,2026-05-24 08:57:57.128884+00
12218,8.62,2026-05-24 08:58:38.187967+00
12219,1.06,2026-05-24 08:58:46.395881+00
12220,1.09,2026-05-24 08:59:02.806969+00
12221,2.38,2026-05-24 08:59:27.253545+00
12222,9.91,2026-05-24 09:00:00.077687+00
12223,5.68,2026-05-24 09:00:41.134883+00
12224,3.62,2026-05-24 09:01:05.558046+00
12225,2.01,2026-05-24 09:01:30.425467+00
12226,9.01,2026-05-24 09:02:03.299061+00
12227,2.08,2026-05-24 09:02:27.963973+00
12228,8,2026-05-24 09:03:00.786021+00
12229,1.63,2026-05-24 09:03:25.579417+00
12230,1.12,2026-05-24 09:03:42.063393+00
12231,1.51,2026-05-24 09:03:58.179364+00
12232,4.95,2026-05-24 09:04:30.900341+00
12233,4.39,2026-05-24 09:05:04.103363+00
12234,1.34,2026-05-24 09:05:20.72836+00
12235,3.21,2026-05-24 09:05:45.389399+00
12236,1.06,2026-05-24 09:06:01.962672+00
12237,1.68,2026-05-24 09:06:18.416101+00
12238,3.35,2026-05-24 09:06:43.065428+00
12239,82.06,2026-05-24 09:07:56.445656+00
12240,2.98,2026-05-24 09:08:21.048196+00
12241,18.09,2026-05-24 09:09:10.013102+00
12242,3.73,2026-05-24 09:09:43.039061+00
12243,1.31,2026-05-24 09:09:59.47191+00
12244,1.15,2026-05-24 09:10:15.940254+00
12245,74.95,2026-05-24 09:11:21.100981+00
12246,13.16,2026-05-24 09:12:01.802365+00
12247,3.35,2026-05-24 09:12:34.870398+00
12248,1.2,2026-05-24 09:12:51.384446+00
12249,1.1,2026-05-24 09:12:59.566008+00
12250,501,2026-05-24 09:14:37.018494+00
12251,3.43,2026-05-24 09:15:01.565024+00
12252,25.25,2026-05-24 09:15:58.688403+00
12253,1.63,2026-05-24 09:16:15.063644+00
12254,2.32,2026-05-24 09:16:40.003084+00
12255,3.48,2026-05-24 09:17:04.537138+00
12256,1.46,2026-05-24 09:17:29.306006+00
12257,3.04,2026-05-24 09:17:53.999546+00
12258,10.75,2026-05-24 09:18:34.95382+00
12259,1.83,2026-05-24 09:18:59.783418+00
12260,1.81,2026-05-24 09:19:16.270488+00
12261,1.08,2026-05-24 09:19:32.760647+00
12262,9.42,2026-05-24 09:20:05.717331+00
12263,3.65,2026-05-24 09:20:38.744939+00
12264,13.38,2026-05-24 09:21:19.59193+00
12265,3.76,2026-05-24 09:21:52.441908+00
12266,1.21,2026-05-24 09:22:08.92757+00
12267,3.78,2026-05-24 09:22:33.400958+00
12268,1.03,2026-05-24 09:22:50.126094+00
12269,1.58,2026-05-24 09:23:06.571183+00
12270,3.65,2026-05-24 09:23:39.550077+00
12271,9.06,2026-05-24 09:24:12.623808+00
12272,6.98,2026-05-24 09:24:45.303047+00
12273,3.47,2026-05-24 09:25:18.460057+00
12274,4.5,2026-05-24 09:25:51.530745+00
12275,1.25,2026-05-24 09:26:08.192985+00
12276,2.03,2026-05-24 09:26:24.747148+00
12277,2.33,2026-05-24 09:26:49.313244+00
12278,1.1,2026-05-24 09:27:05.960481+00
12279,1.08,2026-05-24 09:27:22.451868+00
12280,1.84,2026-05-24 09:27:38.900952+00
12281,1.81,2026-05-24 09:28:03.586577+00
12282,17.32,2026-05-24 09:28:52.643828+00
12283,6.94,2026-05-24 09:29:25.521752+00
12284,1.59,2026-05-24 09:29:41.948692+00
12285,3.35,2026-05-24 09:30:14.761729+00
12286,3.25,2026-05-24 09:30:39.225978+00
12287,1.07,2026-05-24 09:30:55.750039+00
12288,1.86,2026-05-24 09:31:12.207975+00
12289,1.16,2026-05-24 09:31:28.548198+00
12290,8.91,2026-05-24 09:32:09.318665+00
12291,9,2026-05-24 09:32:41.984079+00
12292,9.89,2026-05-24 09:33:31.367049+00
12293,1.66,2026-05-24 09:33:47.802587+00
12294,1.74,2026-05-24 09:34:04.281176+00
12295,21.72,2026-05-24 09:35:01.57087+00
12296,2.36,2026-05-24 09:35:26.237108+00
12297,1.01,2026-05-24 09:35:34.383578+00
12298,12.13,2026-05-24 09:36:23.443+00
12299,3.7,2026-05-24 09:36:48.140995+00
12300,1.28,2026-05-24 09:37:04.624495+00
12301,1.2,2026-05-24 09:37:21.189378+00
12302,2.39,2026-05-24 09:37:45.978382+00
12303,1.19,2026-05-24 09:38:02.439219+00
12304,2.37,2026-05-24 09:38:27.029883+00
12305,1.45,2026-05-24 09:38:43.703653+00
12306,3.12,2026-05-24 09:39:08.36675+00
12307,1.28,2026-05-24 09:39:24.963987+00
12308,1.45,2026-05-24 09:39:41.393617+00
12309,2.39,2026-05-24 09:40:06.094477+00
12310,1.62,2026-05-24 09:40:22.532743+00
12311,3.35,2026-05-24 09:40:55.583604+00
12312,1.54,2026-05-24 09:41:12.113524+00
12313,1.14,2026-05-24 09:41:28.614043+00
12314,2.7,2026-05-24 09:41:53.324068+00
12315,2.84,2026-05-24 09:42:18.395797+00
12316,1.03,2026-05-24 09:42:34.996667+00
12317,1.23,2026-05-24 09:42:51.489987+00
12318,6.46,2026-05-24 09:43:24.248081+00
12319,1.25,2026-05-24 09:43:40.764503+00
12320,7.7,2026-05-24 09:44:21.841207+00
12321,16.43,2026-05-24 09:45:10.941066+00
12322,3.09,2026-05-24 09:45:35.610663+00
12323,1.38,2026-05-24 09:45:52.088128+00
12324,1.9,2026-05-24 09:46:16.707124+00
12325,1.22,2026-05-24 09:46:24.997071+00
12326,2.21,2026-05-24 09:46:49.438957+00
12327,1.89,2026-05-24 09:47:14.213196+00
12328,1.13,2026-05-24 09:47:30.809282+00
12329,7.19,2026-05-24 09:48:44.453724+00
12330,6.14,2026-05-24 09:48:44.453724+00
12331,1.51,2026-05-24 09:49:01.010779+00
12332,1.81,2026-05-24 09:49:17.313596+00
12333,1.7,2026-05-24 09:49:42.103719+00
12334,11.36,2026-05-24 09:50:22.926073+00
12335,3.21,2026-05-24 09:50:47.46515+00
12336,11.17,2026-05-24 09:51:36.783635+00
12337,6.85,2026-05-24 09:52:09.559871+00
12338,6.8,2026-05-24 09:52:50.659323+00
12339,1.23,2026-05-24 09:53:07.245062+00
12340,2.07,2026-05-24 09:53:23.620518+00
12341,7.52,2026-05-24 09:54:04.711196+00
12342,1.3,2026-05-24 09:54:21.230639+00
12343,2.12,2026-05-24 09:54:46.102037+00
12344,330.65,2026-05-24 09:56:07.267045+00
12345,1.05,2026-05-24 09:56:23.680647+00
12346,1.31,2026-05-24 09:56:40.206+00
12347,8.42,2026-05-24 09:57:21.113681+00
12348,2.94,2026-05-24 09:57:45.837047+00
12349,1.13,2026-05-24 09:58:02.415791+00
12350,14.5,2026-05-24 09:58:51.47986+00
12351,1.48,2026-05-24 09:59:07.884995+00
12352,1.26,2026-05-24 09:59:24.280581+00
12353,27.86,2026-05-24 10:00:12.978031+00
12354,1.05,2026-05-24 10:00:29.502526+00
12355,7.05,2026-05-24 10:01:10.63078+00
12356,1.34,2026-05-24 10:01:27.031552+00
12357,1.08,2026-05-24 10:01:35.354438+00
12358,1.11,2026-05-24 10:01:51.937968+00
12359,1.29,2026-05-24 10:02:08.380304+00
12360,1.72,2026-05-24 10:02:32.958006+00
12361,3.59,2026-05-24 10:02:57.622011+00
12362,1.19,2026-05-24 10:03:14.206671+00
12363,2.11,2026-05-24 10:03:38.982229+00
12364,2.23,2026-05-24 10:03:55.223459+00
12365,2.99,2026-05-24 10:04:28.141806+00
12366,2.28,2026-05-24 10:04:52.811802+00
12367,14.31,2026-05-24 10:05:33.402499+00
12368,2.34,2026-05-24 10:05:57.917571+00
12369,1.5,2026-05-24 10:06:14.368001+00
12370,13.27,2026-05-24 10:07:03.464957+00
12371,1.17,2026-05-24 10:07:20.032603+00
12372,1.71,2026-05-24 10:07:36.439643+00
12373,3.33,2026-05-24 10:08:09.276061+00
12374,1.21,2026-05-24 10:08:17.445924+00
12375,4.23,2026-05-24 10:08:50.343207+00
12376,152.48,2026-05-24 10:10:11.771727+00
12377,2.21,2026-05-24 10:10:28.129166+00
12378,1.35,2026-05-24 10:10:44.80167+00
12379,1.38,2026-05-24 10:11:09.38305+00
12380,1.01,2026-05-24 10:11:17.702306+00
12381,1.02,2026-05-24 10:11:34.150938+00
12382,2.19,2026-05-24 10:11:58.848604+00
12383,4.78,2026-05-24 10:12:31.659973+00
12384,1.01,2026-05-24 10:12:39.845473+00
12385,1.01,2026-05-24 10:12:56.318+00
12386,1.04,2026-05-24 10:13:04.495626+00
12387,6.22,2026-05-24 10:13:44.690417+00
12388,2.38,2026-05-24 10:14:09.296903+00
12389,1.01,2026-05-24 10:14:17.452934+00
12390,1.47,2026-05-24 10:14:42.215074+00
12391,1.18,2026-05-24 10:14:50.354025+00
12392,2.04,2026-05-24 10:15:14.953201+00
12393,11.41,2026-05-24 10:15:55.829214+00
12394,2.9,2026-05-24 10:16:28.858196+00
12395,2.67,2026-05-24 10:16:53.360678+00
12396,4.71,2026-05-24 10:17:26.262986+00
12397,1.13,2026-05-24 10:17:34.562693+00
12398,1.37,2026-05-24 10:17:51.071793+00
12399,2.37,2026-05-24 10:18:15.590629+00
12400,2.21,2026-05-24 10:18:40.273217+00
12401,4.85,2026-05-24 10:19:12.990033+00
12402,1.21,2026-05-24 10:19:29.617733+00
12403,60.08,2026-05-24 10:20:34.657972+00
12404,1.49,2026-05-24 10:20:51.172553+00
12405,1.4,2026-05-24 10:21:07.529847+00
12406,3.29,2026-05-24 10:21:40.347031+00
12407,1.8,2026-05-24 10:21:56.610312+00
12408,1.17,2026-05-24 10:22:13.20202+00
12409,1.16,2026-05-24 10:22:29.638009+00
12410,3.85,2026-05-24 10:22:54.199969+00
12411,10.98,2026-05-24 10:23:43.39844+00
12412,1.2,2026-05-24 10:23:59.933275+00
12413,3.77,2026-05-24 10:24:24.491802+00
12414,3.92,2026-05-24 10:24:57.395805+00
12415,1.49,2026-05-24 10:25:13.991072+00
12416,1.95,2026-05-24 10:25:38.728895+00
12417,3.96,2026-05-24 10:26:03.254208+00
12418,1.42,2026-05-24 10:26:19.699001+00
12419,2.25,2026-05-24 10:26:44.344233+00
12420,4.39,2026-05-24 10:27:17.165535+00
12421,1.66,2026-05-24 10:27:41.844308+00
12422,12.18,2026-05-24 10:28:22.634975+00
12423,1.22,2026-05-24 10:28:39.051008+00
12424,2.85,2026-05-24 10:29:03.813566+00
12425,2.53,2026-05-24 10:29:28.64123+00
12426,2.56,2026-05-24 10:29:53.669599+00
12427,2.06,2026-05-24 10:30:18.431637+00
12428,1.27,2026-05-24 10:30:34.962447+00
12429,7.01,2026-05-24 10:31:07.539592+00
12430,2.6,2026-05-24 10:31:32.091638+00
12431,6.97,2026-05-24 10:32:13.2584+00
12432,3.68,2026-05-24 10:32:46.296448+00
12433,3.33,2026-05-24 10:33:11.010399+00
12434,1.24,2026-05-24 10:33:27.532985+00
12435,1.14,2026-05-24 10:33:43.956081+00
12436,9.87,2026-05-24 10:34:16.6612+00
12437,4.84,2026-05-24 10:34:49.52115+00
12438,1.54,2026-05-24 10:35:05.98515+00
12439,1.15,2026-05-24 10:35:22.285617+00
12440,5.89,2026-05-24 10:35:54.941708+00
12441,1.96,2026-05-24 10:36:19.767941+00
12442,2.45,2026-05-24 10:36:44.405052+00
12443,2.61,2026-05-24 10:37:09.064816+00
12444,11.16,2026-05-24 10:37:49.833364+00
12445,3.03,2026-05-24 10:38:14.455784+00
12446,3.78,2026-05-24 10:38:47.163978+00
12447,1.91,2026-05-24 10:39:11.887911+00
12448,9.1,2026-05-24 10:39:44.653625+00
12449,1.2,2026-05-24 10:40:01.151886+00
12450,1.18,2026-05-24 10:40:17.638225+00
12451,2.38,2026-05-24 10:40:33.898811+00
12452,1.18,2026-05-24 10:40:50.393075+00
12453,19.36,2026-05-24 10:41:39.217009+00
12454,1.31,2026-05-24 10:41:55.658569+00
12455,1.55,2026-05-24 10:42:12.051093+00
12456,3.63,2026-05-24 10:42:44.947717+00
12457,1.03,2026-05-24 10:43:01.393718+00
12458,9.99,2026-05-24 10:43:34.102452+00
12459,1.76,2026-05-24 10:43:50.519814+00
12460,1.08,2026-05-24 10:44:06.906361+00
12461,1.08,2026-05-24 10:44:22.837025+00
12462,2.51,2026-05-24 10:44:46.503051+00
12463,1.53,2026-05-24 10:45:02.457652+00
12464,1.05,2026-05-24 10:45:18.958369+00
12465,10.27,2026-05-24 10:46:00.028727+00
12466,2.91,2026-05-24 10:46:24.703496+00
12467,1.33,2026-05-24 10:46:41.16756+00
12468,1.05,2026-05-24 10:46:57.6649+00
12469,3.62,2026-05-24 10:47:22.091339+00
12470,1.85,2026-05-24 10:47:46.94849+00
12471,1.53,2026-05-24 10:48:03.414046+00
12472,1.01,2026-05-24 10:48:19.960643+00
12473,61.8,2026-05-24 10:49:25.117797+00
12474,5.88,2026-05-24 10:49:57.855744+00
12475,1.1,2026-05-24 10:50:14.480489+00
12476,2.08,2026-05-24 10:50:30.954707+00
12477,1.23,2026-05-24 10:50:47.565617+00
12478,2.13,2026-05-24 10:51:12.152951+00
12479,2.1,2026-05-24 10:51:36.826914+00
12480,7.34,2026-05-24 10:52:09.467017+00
12481,9.6,2026-05-24 10:52:58.572697+00
12482,2.52,2026-05-24 10:53:23.150394+00
12483,1.36,2026-05-24 10:53:39.698511+00
12484,1.62,2026-05-24 10:53:56.125103+00
12485,1.04,2026-05-24 10:54:12.530087+00
12486,1.94,2026-05-24 10:54:29.019483+00
12487,7.9,2026-05-24 10:55:10.023665+00
12488,1.3,2026-05-24 10:55:26.520669+00
12489,1.04,2026-05-24 10:55:34.753876+00
12490,3.64,2026-05-24 10:56:07.709017+00
12491,2.04,2026-05-24 10:56:32.369048+00
12492,2.16,2026-05-24 10:56:48.835032+00
12493,1.21,2026-05-24 10:57:05.326799+00
12494,11.88,2026-05-24 10:57:54.435544+00
12495,8.43,2026-05-24 10:58:35.345449+00
12496,1.38,2026-05-24 10:58:51.88979+00
12497,3.14,2026-05-24 10:59:16.564982+00
12498,2.59,2026-05-24 10:59:41.289408+00
12499,1.41,2026-05-24 10:59:57.85037+00
12500,3.68,2026-05-24 11:00:30.740138+00
12501,37.65,2026-05-24 11:02:25.21667+00
12502,1.2,2026-05-24 11:02:41.843301+00
12503,1.15,2026-05-24 11:02:58.406882+00
12504,1.49,2026-05-24 11:03:14.804815+00
12505,1.12,2026-05-24 11:03:31.279925+00
12506,1.98,2026-05-24 11:03:47.028028+00
12507,1.32,2026-05-24 11:04:03.306591+00
12508,3.19,2026-05-24 11:04:36.25334+00
12509,1.18,2026-05-24 11:04:52.800248+00
12510,3.89,2026-05-24 11:05:17.103964+00
12511,4.7,2026-05-24 11:05:49.855532+00
12512,1.78,2026-05-24 11:06:14.604585+00
12513,1.03,2026-05-24 11:06:22.841032+00
12514,6.32,2026-05-24 11:07:03.986547+00
12515,1.15,2026-05-24 11:07:12.23181+00
12516,1.47,2026-05-24 11:07:36.897744+00
12517,2.16,2026-05-24 11:07:53.176676+00
12518,1.04,2026-05-24 11:08:09.695031+00
12519,3.97,2026-05-24 11:08:42.50504+00
12520,3.28,2026-05-24 11:09:06.921051+00
12521,19.37,2026-05-24 11:09:56.026504+00
12522,8.92,2026-05-24 11:10:36.985358+00
12523,8.92,2026-05-24 11:11:09.780057+00
12524,1.48,2026-05-24 11:11:26.149897+00
12525,2.02,2026-05-24 11:11:51.102288+00
12526,1.78,2026-05-24 11:12:07.513305+00
12527,2.4,2026-05-24 11:12:32.023229+00
12528,1.74,2026-05-24 11:12:56.899852+00
12529,1.01,2026-05-24 11:13:05.091617+00
12530,3,2026-05-24 11:13:37.883115+00
12531,3.42,2026-05-24 11:14:02.475092+00
12532,2.01,2026-05-24 11:14:27.458379+00
12533,9.63,2026-05-24 11:15:08.276634+00
12534,1.01,2026-05-24 11:15:16.484389+00
12535,2,2026-05-24 11:15:41.205635+00
12536,1.5,2026-05-24 11:15:57.664385+00
12537,11.84,2026-05-24 11:16:46.747099+00
12538,4.91,2026-05-24 11:17:19.650986+00
12539,11.71,2026-05-24 11:18:00.511637+00
12540,4.74,2026-05-24 11:18:33.242399+00
12541,1.26,2026-05-24 11:18:49.752913+00
12542,1.19,2026-05-24 11:19:06.25336+00
12543,1.82,2026-05-24 11:19:22.589265+00
12544,1.17,2026-05-24 11:19:39.048197+00
12545,1.04,2026-05-24 11:19:54.889008+00
12546,1.39,2026-05-24 11:20:10.729042+00
12547,7.39,2026-05-24 11:20:49.86521+00
12548,1.29,2026-05-24 11:21:06.334857+00
12549,1.11,2026-05-24 11:21:14.664047+00
12550,1.32,2026-05-24 11:21:31.092032+00
12551,2.21,2026-05-24 11:21:55.721065+00
12552,3.77,2026-05-24 11:22:28.749262+00
12553,1.05,2026-05-24 11:22:45.298028+00
12554,2.84,2026-05-24 11:23:10.020952+00
12555,2.95,2026-05-24 11:23:34.554902+00
12556,1.13,2026-05-24 11:23:51.176936+00
12557,1.84,2026-05-24 11:24:07.512437+00
12558,1.46,2026-05-24 11:24:24.045913+00
12559,28.65,2026-05-24 11:25:21.381408+00
12560,1.79,2026-05-24 11:25:46.101979+00
12561,1.58,2026-05-24 11:26:02.624386+00
12562,1.56,2026-05-24 11:26:18.94057+00
12563,1.4,2026-05-24 11:26:35.351644+00
12564,1.04,2026-05-24 11:26:51.866111+00
12565,1.27,2026-05-24 11:27:07.831917+00
12566,1.32,2026-05-24 11:27:23.63721+00
12567,3.92,2026-05-24 11:27:56.482526+00
12568,4.77,2026-05-24 11:28:29.369698+00
12569,1.79,2026-05-24 11:28:45.949401+00
12570,10.59,2026-05-24 11:29:26.656409+00
12571,11.35,2026-05-24 11:30:15.983258+00
12572,3.25,2026-05-24 11:30:40.53585+00
12573,2.6,2026-05-24 11:31:05.312814+00
12574,3.75,2026-05-24 11:31:38.293+00
12575,4.1,2026-05-24 11:32:02.810045+00
12576,1.05,2026-05-24 11:32:19.22615+00
12577,2.45,2026-05-24 11:32:44.077809+00
12578,2.19,2026-05-24 11:33:08.721665+00
12579,1.79,2026-05-24 11:33:25.093602+00
12580,9.99,2026-05-24 11:34:05.862888+00
12581,1.42,2026-05-24 11:34:22.260224+00
12582,3.22,2026-05-24 11:34:46.997158+00
12583,1.21,2026-05-24 11:35:03.468034+00
12584,2.03,2026-05-24 11:35:28.128531+00
12585,1.09,2026-05-24 11:35:36.377487+00
12586,1.22,2026-05-24 11:35:52.669826+00
12587,1.16,2026-05-24 11:36:09.321222+00
12588,2.1,2026-05-24 11:36:34.051947+00
12589,1.64,2026-05-24 11:36:50.36811+00
12590,1.44,2026-05-24 11:37:06.741975+00
12591,1.24,2026-05-24 11:37:23.242362+00
12592,1.26,2026-05-24 11:37:39.540388+00
12593,12.14,2026-05-24 11:38:28.372683+00
12594,81.68,2026-05-24 11:39:33.400041+00
12595,1.48,2026-05-24 11:39:50.04398+00
12596,7.05,2026-05-24 11:40:31.086585+00
12597,2.99,2026-05-24 11:40:55.738217+00
12598,3.56,2026-05-24 11:41:20.515254+00
12599,3.06,2026-05-24 11:41:53.446748+00
12600,4.65,2026-05-24 11:42:26.271068+00
12601,1.79,2026-05-24 11:42:42.635068+00
12602,1.75,2026-05-24 11:43:07.390354+00
12603,10.9,2026-05-24 11:43:48.62824+00
12604,1.79,2026-05-24 11:44:04.963599+00
12605,3.74,2026-05-24 11:44:37.931354+00
12606,1.19,2026-05-24 11:44:54.600879+00
12607,1.94,2026-05-24 11:45:10.958128+00
12608,1.01,2026-05-24 11:45:27.410295+00
12609,3.15,2026-05-24 11:45:52.143455+00
12610,17.43,2026-05-24 11:46:40.815027+00
12611,1.28,2026-05-24 11:46:57.284646+00
12612,1.32,2026-05-24 11:47:13.72622+00
12613,2.24,2026-05-24 11:47:38.435785+00
12614,2.11,2026-05-24 11:48:03.096243+00
12615,2.59,2026-05-24 11:48:27.719632+00
12616,10.83,2026-05-24 11:49:08.912995+00
12617,1.98,2026-05-24 11:49:33.660961+00
12618,2.34,2026-05-24 11:49:58.356947+00
12619,1.2,2026-05-24 11:50:06.667099+00
12620,1.23,2026-05-24 11:50:55.94223+00
12621,1.14,2026-05-24 11:51:12.374577+00
12622,3.76,2026-05-24 11:51:45.366876+00
12623,2.5,2026-05-24 11:52:10.142381+00
12624,1.19,2026-05-24 11:52:26.610917+00
12625,18.4,2026-05-24 11:53:15.577441+00
12626,1.21,2026-05-24 11:53:32.068203+00
12627,1.19,2026-05-24 11:53:40.229051+00
12628,1.8,2026-05-24 11:54:04.816032+00
12629,9.2,2026-05-24 11:54:37.513896+00
12630,2.21,2026-05-24 11:55:02.124422+00
12631,55.65,2026-05-24 11:56:07.407973+00
12632,1.2,2026-05-24 11:56:24.007242+00
12633,2.25,2026-05-24 11:56:40.4526+00
12634,1.63,2026-05-24 11:57:05.243368+00
12635,1.33,2026-05-24 11:57:21.823025+00
12636,2.62,2026-05-24 11:57:46.637623+00
12637,1.16,2026-05-24 11:58:03.048726+00
12638,1.33,2026-05-24 11:58:19.49739+00
12639,1.5,2026-05-24 11:58:35.833823+00
12640,1.28,2026-05-24 11:58:51.878539+00
12641,2.08,2026-05-24 11:59:15.750409+00
12642,1.06,2026-05-24 11:59:23.86394+00
12643,1.01,2026-05-24 11:59:40.466864+00
12644,9.11,2026-05-24 12:00:21.414716+00
12645,4.88,2026-05-24 12:00:54.416604+00
12646,24.35,2026-05-24 12:01:43.066231+00
12647,1.93,2026-05-24 12:02:07.752991+00
12648,1.3,2026-05-24 12:02:24.363981+00
12649,2.46,2026-05-24 12:02:49.189668+00
12650,2.19,2026-05-24 12:03:13.883808+00
12651,1.09,2026-05-24 12:03:22.057856+00
12652,1.5,2026-05-24 12:03:46.882047+00
12653,2.1,2026-05-24 12:04:11.614466+00
12654,1.16,2026-05-24 12:04:28.112641+00
12655,2.2,2026-05-24 12:04:44.792628+00
12656,2.08,2026-05-24 12:05:09.374995+00
12657,4.26,2026-05-24 12:05:42.209395+00
12658,1.07,2026-05-24 12:05:58.913427+00
12659,1.36,2026-05-24 12:06:15.4306+00
12660,1.67,2026-05-24 12:06:31.820261+00
12661,1.25,2026-05-24 12:06:48.389647+00
12662,1.16,2026-05-24 12:07:04.750683+00
12663,1.31,2026-05-24 12:07:21.288307+00
12664,2.12,2026-05-24 12:07:37.151677+00
12665,3.04,2026-05-24 12:08:10.17449+00
12666,1.82,2026-05-24 12:08:26.511501+00
12667,1.97,2026-05-24 12:08:51.291007+00
12668,1.01,2026-05-24 12:08:59.464831+00
12669,1.22,2026-05-24 12:09:15.467412+00
12670,1.42,2026-05-24 12:09:31.125581+00
12671,1.67,2026-05-24 12:09:55.014453+00
12672,1.02,2026-05-24 12:10:11.213584+00
12673,10.54,2026-05-24 12:10:51.953731+00
12674,1.84,2026-05-24 12:11:08.418573+00
12675,2.36,2026-05-24 12:11:32.94421+00
12676,8.99,2026-05-24 12:12:13.857807+00
12677,3.5,2026-05-24 12:12:46.697786+00
12678,3.54,2026-05-24 12:13:11.291873+00
12679,2.43,2026-05-24 12:13:35.874505+00
12680,1.81,2026-05-24 12:14:00.603586+00
12681,28.04,2026-05-24 12:14:49.451133+00
12682,1.01,2026-05-24 12:15:05.871823+00
12683,2.13,2026-05-24 12:15:30.753472+00
12684,1.28,2026-05-24 12:15:47.295576+00
12685,44.28,2026-05-24 12:16:44.313062+00
12686,3.31,2026-05-24 12:17:17.099932+00
12687,1.04,2026-05-24 12:17:25.315747+00
12688,1.21,2026-05-24 12:17:41.696051+00
12689,4.14,2026-05-24 12:18:14.608433+00
12690,1.73,2026-05-24 12:18:30.999048+00
12691,1.18,2026-05-24 12:18:47.526708+00
12692,1.28,2026-05-24 12:19:03.978038+00
12693,501,2026-05-24 12:20:32.951876+00
12694,1.23,2026-05-24 12:20:49.329473+00
12695,4.06,2026-05-24 12:21:22.288238+00
12696,1.04,2026-05-24 12:21:38.764478+00
12697,1.06,2026-05-24 12:22:28.054074+00
12698,2.09,2026-05-24 12:22:52.811331+00
12699,1.52,2026-05-24 12:23:09.359786+00
12700,13.38,2026-05-24 12:23:58.382392+00
12701,3.62,2026-05-24 12:24:23.110731+00
12702,1.32,2026-05-24 12:24:39.563292+00
12703,3.83,2026-05-24 12:25:12.551405+00
12704,25.52,2026-05-24 12:26:01.330072+00
12705,1.14,2026-05-24 12:26:17.826424+00
12706,2.63,2026-05-24 12:26:42.364733+00
12707,1.05,2026-05-24 12:26:58.951997+00
12708,1.4,2026-05-24 12:27:15.390748+00
12709,3.14,2026-05-24 12:27:39.836865+00
12710,7.19,2026-05-24 12:28:20.829372+00
12711,1.03,2026-05-24 12:28:37.338299+00
12712,95.97,2026-05-24 12:29:42.10305+00
12713,1.34,2026-05-24 12:29:58.708743+00
12714,1.01,2026-05-24 12:30:15.139036+00
12715,1.01,2026-05-24 12:30:31.214684+00
12716,6.9,2026-05-24 12:31:02.684649+00
12717,1.64,2026-05-24 12:31:27.488804+00
12718,1.16,2026-05-24 12:31:35.686986+00
12719,1.12,2026-05-24 12:31:52.242976+00
12720,1.28,2026-05-24 12:32:08.69205+00
12721,3.83,2026-05-24 12:32:41.456216+00
12722,1.11,2026-05-24 12:32:49.592802+00
12723,10.96,2026-05-24 12:33:38.756098+00
12724,2.14,2026-05-24 12:33:58.380448+00
12725,2.1,2026-05-24 12:34:23.948091+00
12726,2.06,2026-05-24 12:34:40.771418+00
12727,1.33,2026-05-24 12:34:57.283386+00
12728,1.21,2026-05-24 12:35:13.942022+00
12729,11.81,2026-05-24 12:36:03.360703+00
12730,19.17,2026-05-24 12:36:52.81967+00
12731,1.17,2026-05-24 12:37:01.090308+00
12732,1.19,2026-05-24 12:37:17.648984+00
12733,1.08,2026-05-24 12:37:34.105722+00
12734,1.4,2026-05-24 12:37:50.778656+00
12735,1.5,2026-05-24 12:38:07.260195+00
12736,1.01,2026-05-24 12:38:23.814965+00
12737,1.02,2026-05-24 12:38:32.061311+00
12738,2.01,2026-05-24 12:38:56.926629+00
12739,11.11,2026-05-24 12:39:37.943394+00
12740,1.4,2026-05-24 12:39:54.458567+00
12741,1.23,2026-05-24 12:40:10.990593+00
12742,2.02,2026-05-24 12:40:35.73591+00
12743,1.56,2026-05-24 12:40:52.347234+00
12744,7.62,2026-05-24 12:41:33.643225+00
12745,1.11,2026-05-24 12:41:50.650066+00
12746,3.93,2026-05-24 12:42:15.361745+00
12747,1.45,2026-05-24 12:42:31.920187+00
12748,2.66,2026-05-24 12:42:56.617+00
12749,2.02,2026-05-24 12:43:21.61593+00
12750,6.99,2026-05-24 12:43:54.517782+00
12751,63.29,2026-05-24 12:44:59.443261+00
12752,2.14,2026-05-24 12:45:32.385131+00
12753,2.25,2026-05-24 12:45:48.887486+00
12754,9.33,2026-05-24 12:46:29.769952+00
12755,1.56,2026-05-24 12:46:54.884007+00
12756,1.37,2026-05-24 12:47:11.805707+00
12757,1.46,2026-05-24 12:47:28.566465+00
12758,3.28,2026-05-24 12:47:53.388055+00
12759,15.21,2026-05-24 12:48:43.058077+00
12760,1.59,2026-05-24 12:48:59.554403+00
12761,6.34,2026-05-24 12:49:41.032155+00
12762,1.33,2026-05-24 12:49:57.755371+00
12763,4.88,2026-05-24 12:50:31.063921+00
12764,5.08,2026-05-24 12:51:04.273232+00
12765,3.55,2026-05-24 12:51:29.394628+00
12766,1.48,2026-05-24 12:51:46.198837+00
12767,4.52,2026-05-24 12:52:19.453063+00
12768,2.62,2026-05-24 12:52:44.510597+00
12769,2.56,2026-05-24 12:53:09.436338+00
12770,1.57,2026-05-24 12:53:25.972044+00
12771,2.1,2026-05-24 12:53:50.933516+00
12772,13.05,2026-05-24 12:54:32.202204+00
12773,12,2026-05-24 12:55:22.033997+00
12774,1.97,2026-05-24 12:55:38.614963+00
12775,1.49,2026-05-24 12:56:03.453779+00
12776,1.39,2026-05-24 12:56:19.982958+00
12777,4.36,2026-05-24 12:56:44.54845+00
12778,75.87,2026-05-24 12:57:58.22044+00
12779,1.25,2026-05-24 12:58:14.842432+00
12780,1.39,2026-05-24 12:58:31.565652+00
12781,2.18,2026-05-24 12:58:48.040569+00
12782,2.4,2026-05-24 12:59:12.789137+00
12783,1.5,2026-05-24 12:59:37.696386+00
12784,2.35,2026-05-24 12:59:54.156971+00
12785,1.46,2026-05-24 13:00:18.938832+00
12786,3.12,2026-05-24 13:00:43.693907+00
12787,1.05,2026-05-24 13:01:00.318983+00
12788,64.18,2026-05-24 13:02:06.384551+00
12789,2.43,2026-05-24 13:02:31.297865+00
12790,1.48,2026-05-24 13:02:47.907454+00
12791,22.01,2026-05-24 13:03:36.944972+00
12792,2.27,2026-05-24 13:04:01.976954+00
12793,3.33,2026-05-24 13:04:26.876788+00
12794,2.13,2026-05-24 13:04:51.532452+00
12795,2.23,2026-05-24 13:05:16.094722+00
12796,1.75,2026-05-24 13:05:32.548685+00
12797,1.15,2026-05-24 13:05:49.254541+00
12798,1.08,2026-05-24 13:06:05.924817+00
12799,1.04,2026-05-24 13:06:14.313019+00
12800,9.42,2026-05-24 13:06:55.852991+00
12801,6.04,2026-05-24 13:07:28.581969+00
12802,1.55,2026-05-24 13:07:45.230317+00
12803,1.29,2026-05-24 13:08:01.686211+00
12804,1.46,2026-05-24 13:08:18.234986+00
12805,3.97,2026-05-24 13:08:51.391885+00
12806,1.13,2026-05-24 13:09:08.02075+00
12807,1.03,2026-05-24 13:09:16.243236+00
12808,1.34,2026-05-24 13:09:32.594014+00
12809,1.47,2026-05-24 13:09:49.164957+00
12810,1.42,2026-05-24 13:10:13.9612+00
12811,2.91,2026-05-24 13:10:38.806236+00
12812,1.24,2026-05-24 13:10:55.524488+00
12813,1.4,2026-05-24 13:11:12.205308+00
12814,32.67,2026-05-24 13:12:09.472176+00
12815,1.13,2026-05-24 13:12:17.850012+00
12816,2.15,2026-05-24 13:12:42.673445+00
12817,1.02,2026-05-24 13:12:59.417365+00
12818,1.54,2026-05-24 13:13:16.101344+00
12819,1.57,2026-05-24 13:13:32.384659+00
12820,1.06,2026-05-24 13:13:49.068251+00
12821,1.13,2026-05-24 13:14:05.635058+00
12822,1.66,2026-05-24 13:14:22.729959+00
12823,4.86,2026-05-24 13:14:55.886437+00
12824,1.5,2026-05-24 13:15:12.482684+00
12825,1.7,2026-05-24 13:15:28.987013+00
12826,1.22,2026-05-24 13:15:45.43634+00
12827,2.02,2026-05-24 13:16:10.23125+00
12828,4.16,2026-05-24 13:16:43.395998+00
12829,1.19,2026-05-24 13:17:00.202223+00
12830,43.96,2026-05-24 13:17:57.487094+00
12831,1.23,2026-05-24 13:18:14.18905+00
12832,1.08,2026-05-24 13:18:22.621694+00
12833,4.11,2026-05-24 13:18:55.717077+00
12834,1.92,2026-05-24 13:19:20.28776+00
12835,4.48,2026-05-24 13:19:53.381564+00
12836,2.19,2026-05-24 13:20:09.977162+00
12837,2.57,2026-05-24 13:20:43.227919+00
12838,1.96,2026-05-24 13:21:08.006257+00
12839,4.85,2026-05-24 13:21:32.666226+00
12840,1.23,2026-05-24 13:21:49.378582+00
12841,6.53,2026-05-24 13:22:30.546705+00
12842,4.5,2026-05-24 13:23:03.714027+00
12843,22.03,2026-05-24 13:23:53.225449+00
12844,1.03,2026-05-24 13:24:09.943164+00
12845,1.58,2026-05-24 13:24:26.611033+00
12846,3.48,2026-05-24 13:24:51.598735+00
12847,3.53,2026-05-24 13:25:24.70126+00
12848,3.93,2026-05-24 13:25:49.261149+00
12849,2.41,2026-05-24 13:26:30.867995+00
12850,1.41,2026-05-24 13:26:30.867995+00
12851,1.65,2026-05-24 13:26:55.890046+00
12852,1.71,2026-05-24 13:27:12.33914+00
12853,1.15,2026-05-24 13:27:28.94146+00
12854,1.82,2026-05-24 13:27:45.533597+00
12855,10.05,2026-05-24 13:28:35.057787+00
12856,1.48,2026-05-24 13:28:51.519516+00
12857,1.89,2026-05-24 13:29:08.15279+00
12858,1.43,2026-05-24 13:29:24.772052+00
12859,1.43,2026-05-24 13:29:41.345417+00
12860,4.02,2026-05-24 13:30:14.678947+00
12861,1.06,2026-05-24 13:30:31.217392+00
12862,3.96,2026-05-24 13:30:56.002367+00
12863,1.05,2026-05-24 13:31:12.59694+00
12864,1.88,2026-05-24 13:31:37.691522+00
12865,1.11,2026-05-24 13:31:46.019888+00
12866,13.81,2026-05-24 13:32:35.327948+00
12867,2.45,2026-05-24 13:33:00.492033+00
12868,1.54,2026-05-24 13:33:17.124982+00
12869,2.24,2026-05-24 13:33:41.928982+00
12870,1.01,2026-05-24 13:33:50.14536+00
12871,1.05,2026-05-24 13:34:06.610852+00
12872,2.1,2026-05-24 13:34:31.489813+00
12873,2.92,2026-05-24 13:34:56.66668+00
12874,1.56,2026-05-24 13:35:21.547068+00
12875,1.29,2026-05-24 13:35:38.182066+00
12876,4.01,2026-05-24 13:36:02.807153+00
12877,7.98,2026-05-24 13:36:44.027829+00
12878,3.83,2026-05-24 13:37:16.962088+00
12879,1.51,2026-05-24 13:37:33.701035+00
12880,1.59,2026-05-24 13:37:50.36802+00
12881,2.46,2026-05-24 13:38:48.051154+00
12882,7.07,2026-05-24 13:39:29.444897+00
12883,1.6,2026-05-24 13:39:46.16871+00
12884,1.62,2026-05-24 13:40:02.574184+00
12885,1.43,2026-05-24 13:40:19.042911+00
12886,1.36,2026-05-24 13:40:43.913561+00
12887,2.17,2026-05-24 13:41:08.587146+00
12888,1.02,2026-05-24 13:41:16.782013+00
12889,2.67,2026-05-24 13:41:41.478229+00
12890,2.88,2026-05-24 13:42:14.572456+00
12891,2.67,2026-05-24 13:42:39.31936+00
12892,1.15,2026-05-24 13:42:47.470047+00
12893,9.28,2026-05-24 13:43:20.824455+00
12894,1.04,2026-05-24 13:43:37.483061+00
12895,25.86,2026-05-24 13:44:34.688711+00
12896,3.83,2026-05-24 13:44:59.597056+00
12897,63.94,2026-05-24 13:46:05.025348+00
12898,1.01,2026-05-24 13:46:21.639001+00
12899,1.21,2026-05-24 13:46:38.48581+00
12900,4.29,2026-05-24 13:47:03.183517+00
12901,1.36,2026-05-24 13:47:28.157637+00
12902,1.37,2026-05-24 13:47:44.636889+00
12903,9.17,2026-05-24 13:48:17.501963+00
12904,1.06,2026-05-24 13:48:25.785494+00
12905,1.04,2026-05-24 13:48:42.378598+00
12906,5.69,2026-05-24 13:49:15.209857+00
12907,2.34,2026-05-24 13:49:40.044476+00
12908,4.2,2026-05-24 13:50:14.043391+00
12909,1.02,2026-05-24 13:50:22.342305+00
12910,6.91,2026-05-24 13:51:03.758996+00
12911,1.04,2026-05-24 13:51:12.088717+00
12912,2.28,2026-05-24 13:51:36.76769+00
12913,2.46,2026-05-24 13:52:01.444017+00
12914,1.22,2026-05-24 13:52:17.970735+00
12915,3.01,2026-05-24 13:52:42.653027+00
12916,3.3,2026-05-24 13:53:15.855042+00
12917,4.14,2026-05-24 13:53:40.689813+00
12918,1.01,2026-05-24 13:53:57.299601+00
12919,23.75,2026-05-24 13:54:46.709898+00
12920,9.96,2026-05-24 13:55:28.100271+00
12921,1.09,2026-05-24 13:55:36.409215+00
12922,2.11,2026-05-24 13:56:01.572011+00
12923,2.93,2026-05-24 13:56:26.151445+00
12924,2.79,2026-05-24 13:56:50.974815+00
12925,2.28,2026-05-24 13:57:15.787053+00
12926,2.6,2026-05-24 13:57:40.55204+00
12927,1.35,2026-05-24 13:57:57.08702+00
12928,1.18,2026-05-24 13:58:13.580943+00
12929,3.31,2026-05-24 13:58:46.663725+00
12930,2,2026-05-24 13:59:02.907739+00
12931,24.53,2026-05-24 14:00:00.415752+00
12932,60.21,2026-05-24 14:01:06.752076+00
12933,1.04,2026-05-24 14:01:15.089393+00
12934,51.59,2026-05-24 14:02:20.712273+00
12935,1.92,2026-05-24 14:02:37.281567+00
12936,4.86,2026-05-24 14:03:10.27138+00
12937,1.98,2026-05-24 14:03:35.120507+00
12938,1.07,2026-05-24 14:03:51.772325+00
12939,4.12,2026-05-24 14:04:16.228329+00
12940,1.31,2026-05-24 14:04:32.848455+00
12941,2.2,2026-05-24 14:04:57.626402+00
12942,8.3,2026-05-24 14:05:38.877982+00
12943,1.86,2026-05-24 14:06:03.924923+00
12944,4.33,2026-05-24 14:06:28.509719+00
12945,1.18,2026-05-24 14:06:44.941545+00
12946,2.23,2026-05-24 14:07:09.933981+00
12947,1.01,2026-05-24 14:07:26.575319+00
12948,2.45,2026-05-24 14:07:42.95906+00
12949,501,2026-05-24 14:09:21.343048+00
12950,2.39,2026-05-24 14:09:46.439076+00
12951,2.95,2026-05-24 14:10:11.26065+00
12952,1.37,2026-05-24 14:10:27.901384+00
12953,9.31,2026-05-24 14:11:01.353508+00
12954,1.17,2026-05-24 14:11:18.149166+00
12955,9.99,2026-05-24 14:11:51.016559+00
12956,1.66,2026-05-24 14:12:07.516015+00
12957,1.01,2026-05-24 14:12:24.170999+00
12958,7.52,2026-05-24 14:13:05.327389+00
12959,4.24,2026-05-24 14:13:30.056249+00
12960,1.14,2026-05-24 14:13:46.893423+00
12961,1.86,2026-05-24 14:14:11.626931+00
12962,8.39,2026-05-24 14:14:44.588673+00
12963,1.14,2026-05-24 14:15:01.243473+00
12964,3.14,2026-05-24 14:15:26.013293+00
12965,1.76,2026-05-24 14:15:50.927063+00
12966,2.27,2026-05-24 14:16:15.868097+00
12967,202.23,2026-05-24 14:17:37.607562+00
12968,1.93,2026-05-24 14:17:54.157006+00
12969,49.85,2026-05-24 14:19:00.333798+00
12970,1.77,2026-05-24 14:19:16.903028+00
12971,1.56,2026-05-24 14:19:33.365696+00
12972,1.57,2026-05-24 14:19:58.503027+00
12973,1.25,2026-05-24 14:20:06.75545+00
12974,3.47,2026-05-24 14:20:39.825691+00
12975,6.99,2026-05-24 14:21:12.953545+00
12976,1.08,2026-05-24 14:21:29.613582+00
12977,1.01,2026-05-24 14:21:46.437634+00
12978,2.2,2026-05-24 14:22:02.876476+00
12979,11.87,2026-05-24 14:22:52.281881+00
12980,1.55,2026-05-24 14:23:08.830475+00
12981,1.84,2026-05-24 14:23:25.477979+00
12982,1.26,2026-05-24 14:23:42.272184+00
12983,1.2,2026-05-24 14:23:58.799641+00
12984,1.37,2026-05-24 14:24:15.320657+00
12985,1.46,2026-05-24 14:24:32.026157+00
12986,2.05,2026-05-24 14:24:57.050695+00
12987,1.43,2026-05-24 14:25:13.859702+00
12988,18.99,2026-05-24 14:26:02.845679+00
12989,8.33,2026-05-24 14:26:44.301982+00
12990,4.55,2026-05-24 14:27:17.427958+00
12991,9.19,2026-05-24 14:27:50.845613+00
12992,1.01,2026-05-24 14:28:07.474703+00
12993,2.02,2026-05-24 14:28:23.903785+00
12994,1.07,2026-05-24 14:28:40.419611+00
12995,1.55,2026-05-24 14:28:57.177068+00
12996,2.76,2026-05-24 14:29:22.173519+00
12997,3.02,2026-05-24 14:29:46.62796+00
12998,1.03,2026-05-24 14:30:03.306681+00
12999,3.81,2026-05-24 14:30:36.279219+00
13000,3.29,2026-05-24 14:31:01.005286+00
13001,3.31,2026-05-24 14:31:34.055201+00
13002,4.13,2026-05-24 14:31:58.74693+00
13003,2.64,2026-05-24 14:32:23.67552+00
13004,1.44,2026-05-24 14:32:40.379713+00
13005,1.3,2026-05-24 14:32:56.977691+00
13006,1.39,2026-05-24 14:33:13.53786+00
13007,1.44,2026-05-24 14:33:38.385809+00
13008,1.3,2026-05-24 14:33:54.932204+00
13009,1.11,2026-05-24 14:34:03.151304+00
13010,12.02,2026-05-24 14:34:52.382689+00
13011,2.85,2026-05-24 14:35:17.291805+00
13012,3.42,2026-05-24 14:35:41.852138+00
13013,1.51,2026-05-24 14:36:06.796771+00
13014,2.69,2026-05-24 14:36:31.831081+00
13015,1.07,2026-05-24 14:36:40.105958+00
13016,1.39,2026-05-24 14:36:56.705021+00
13017,1.13,2026-05-24 14:37:13.471607+00
13018,11.78,2026-05-24 14:37:54.993002+00
13019,1.89,2026-05-24 14:38:19.848396+00
13020,17.57,2026-05-24 14:39:09.68876+00
13021,1.75,2026-05-24 14:39:26.30287+00
13022,4.16,2026-05-24 14:39:59.62869+00
13023,1.73,2026-05-24 14:40:16.179315+00
13024,2.01,2026-05-24 14:40:41.215638+00
13025,2.06,2026-05-24 14:41:06.285517+00
13026,1.24,2026-05-24 14:41:14.5695+00
13027,1.66,2026-05-24 14:41:40.375206+00
13028,4.01,2026-05-24 14:42:05.515076+00
13029,1.65,2026-05-24 14:42:30.470015+00
13030,3.86,2026-05-24 14:42:55.289488+00
13031,3.42,2026-05-24 14:43:28.183251+00
13032,1.4,2026-05-24 14:43:44.890396+00
13033,3.14,2026-05-24 14:44:09.817256+00
13034,2.1,2026-05-24 14:44:34.671931+00
13035,1.1,2026-05-24 14:44:51.231582+00
13036,2.24,2026-05-24 14:45:07.786673+00
13037,1.22,2026-05-24 14:45:24.391033+00
13038,9.24,2026-05-24 14:45:57.288273+00
13039,1.87,2026-05-24 14:46:22.131546+00
13040,9.05,2026-05-24 14:46:55.446989+00
13041,9.41,2026-05-24 14:47:36.657991+00
13042,7.53,2026-05-24 14:48:09.847417+00
13043,2.36,2026-05-24 14:48:34.89+00
13044,1.3,2026-05-24 14:48:52.140206+00
13045,13.38,2026-05-24 14:49:41.592697+00
13046,1.16,2026-05-24 14:49:58.375442+00
13047,1.1,2026-05-24 14:50:06.571384+00
13048,2.69,2026-05-24 14:50:31.450509+00
13049,1.95,2026-05-24 14:50:56.424533+00
13050,2.97,2026-05-24 14:51:21.424721+00
13051,12.17,2026-05-24 14:52:10.833722+00
13052,1.16,2026-05-24 14:52:19.066163+00
13053,1.9,2026-05-24 14:52:43.921644+00
13054,1.64,2026-05-24 14:53:00.414092+00
13055,1.29,2026-05-24 14:53:17.920092+00
13056,1.84,2026-05-24 14:53:42.878066+00
13057,1.52,2026-05-24 14:54:00.820188+00
13058,2.41,2026-05-24 14:54:42.104321+00
13059,1.39,2026-05-24 14:54:42.104321+00
13060,1.25,2026-05-24 14:54:58.757461+00
13061,1.8,2026-05-24 14:55:15.449211+00
13062,1.97,2026-05-24 14:55:40.579097+00
13063,1.22,2026-05-24 14:55:48.880807+00
13064,1.72,2026-05-24 14:56:13.71382+00
13065,1.16,2026-05-24 14:56:30.356193+00
13066,1.99,2026-05-24 14:56:46.754201+00
13067,2.48,2026-05-24 14:57:11.533936+00
13068,80.24,2026-05-24 14:58:25.228075+00
13069,1.76,2026-05-24 14:58:42.05729+00
13070,7.39,2026-05-24 14:59:23.504627+00
13071,9.99,2026-05-24 14:59:57.442694+00
13072,5.84,2026-05-24 15:00:38.983484+00
13073,1.61,2026-05-24 15:00:55.35721+00
13074,1.01,2026-05-24 15:01:12.011897+00
13075,2.02,2026-05-24 15:01:28.579135+00
13076,4.21,2026-05-24 15:02:01.742984+00
13077,1.03,2026-05-24 15:02:18.325575+00
13078,2.31,2026-05-24 15:02:34.726075+00
13079,1.6,2026-05-24 15:02:59.707232+00
13080,1.55,2026-05-24 15:03:16.262742+00
13081,1.53,2026-05-24 15:03:32.827696+00
13082,2.58,2026-05-24 15:03:57.521292+00
13083,17.86,2026-05-24 15:04:46.469075+00
13084,2.04,2026-05-24 15:05:11.221108+00
13085,2.01,2026-05-24 15:05:35.850143+00
13086,2.33,2026-05-24 15:05:52.350884+00
13087,3.12,2026-05-24 15:06:25.782893+00
13088,2.73,2026-05-24 15:06:50.735357+00
13089,1.43,2026-05-24 15:07:07.274947+00
13090,3.84,2026-05-24 15:07:40.376983+00
13091,2.15,2026-05-24 15:07:56.906934+00
13092,2.54,2026-05-24 15:08:21.594732+00
13093,1.1,2026-05-24 15:08:38.332386+00
13094,1.64,2026-05-24 15:08:54.845806+00
13095,1.12,2026-05-24 15:09:11.392212+00
13096,13.74,2026-05-24 15:10:00.913908+00
13097,3.04,2026-05-24 15:10:25.744222+00
13098,1.5,2026-05-24 15:10:42.333457+00
13099,4.61,2026-05-24 15:11:15.525591+00
13100,1.47,2026-05-24 15:11:32.061989+00
13101,19.09,2026-05-24 15:12:21.368207+00
13102,2.26,2026-05-24 15:12:46.126824+00
13103,2.9,2026-05-24 15:13:11.212768+00
13104,1.46,2026-05-24 15:13:27.914737+00
13105,2.21,2026-05-24 15:13:52.920505+00
13106,1.35,2026-05-24 15:14:09.415175+00
13107,2.3,2026-05-24 15:14:34.202531+00
13108,14.58,2026-05-24 15:15:14.950454+00
13109,1.38,2026-05-24 15:15:31.387262+00
13110,3.23,2026-05-24 15:16:04.502368+00
13111,29.44,2026-05-24 15:17:01.757494+00
13112,1.28,2026-05-24 15:17:10.039269+00
13113,1.71,2026-05-24 15:17:34.955459+00
13114,1.25,2026-05-24 15:17:51.702616+00
13115,1.17,2026-05-24 15:18:08.231468+00
13116,4.23,2026-05-24 15:18:33.041561+00
13117,8.09,2026-05-24 15:19:14.484453+00
13118,1.01,2026-05-24 15:19:31.120577+00
13119,1.12,2026-05-24 15:19:39.370022+00
13120,8.96,2026-05-24 15:20:20.535007+00
13121,1.36,2026-05-24 15:20:36.923545+00
13122,4.59,2026-05-24 15:21:09.958494+00
13123,1.72,2026-05-24 15:21:34.818927+00
13124,1.42,2026-05-24 15:21:51.521486+00
13125,1.94,2026-05-24 15:22:08.089626+00
13126,2.02,2026-05-24 15:22:33.196219+00
13127,1.06,2026-05-24 15:22:49.686901+00
13128,1.21,2026-05-24 15:23:06.235464+00
13129,1.09,2026-05-24 15:23:14.566473+00
13130,6.08,2026-05-24 15:23:55.828115+00
13131,1.82,2026-05-24 15:24:12.271904+00
13132,24.81,2026-05-24 15:25:09.69708+00
13133,2.15,2026-05-24 15:25:26.035496+00
13134,1.2,2026-05-24 15:25:42.656127+00
13135,2.96,2026-05-24 15:26:07.36286+00
13136,26.6,2026-05-24 15:27:05.150973+00
13137,1.26,2026-05-24 15:27:21.931311+00
13138,2.04,2026-05-24 15:27:46.840969+00
13139,1.14,2026-05-24 15:27:55.042226+00
13140,1.9,2026-05-24 15:28:19.842082+00
13141,1.73,2026-05-24 15:28:36.268997+00
13142,1.6,2026-05-24 15:29:01.210559+00
13143,2.12,2026-05-24 15:29:17.685657+00
13144,3.17,2026-05-24 15:29:50.812845+00
13145,2.96,2026-05-24 15:30:15.737901+00
13146,1.56,2026-05-24 15:30:32.296915+00
13147,1.52,2026-05-24 15:30:48.876216+00
13148,1.24,2026-05-24 15:31:05.598075+00
13149,2.52,2026-05-24 15:31:30.439948+00
13150,1.14,2026-05-24 15:31:47.152018+00
13151,1.51,2026-05-24 15:32:03.712392+00
13152,1.87,2026-05-24 15:32:28.392072+00
13153,1.1,2026-05-24 15:32:36.652815+00
13154,1.75,2026-05-24 15:33:01.53762+00
13155,2.04,2026-05-24 15:33:17.946346+00
13156,17.8,2026-05-24 15:34:07.300912+00
13157,17.19,2026-05-24 15:34:56.762496+00
13158,1.01,2026-05-24 15:35:13.495764+00
13159,1.01,2026-05-24 15:35:21.796211+00
13160,4.48,2026-05-24 15:35:54.609885+00
13161,1.69,2026-05-24 15:36:19.377516+00
13162,1.38,2026-05-24 15:36:35.897598+00
13163,1.01,2026-05-24 15:36:44.097411+00
13164,2.51,2026-05-24 15:37:08.720728+00
13165,10.62,2026-05-24 15:37:58.005229+00
13166,1.65,2026-05-24 15:38:14.665489+00
13167,1.07,2026-05-24 15:38:31.273488+00
13168,9.05,2026-05-24 15:39:04.39435+00
13169,1.76,2026-05-24 15:39:21.135702+00
13170,6.23,2026-05-24 15:39:54.163752+00
13171,1.63,2026-05-24 15:40:19.002906+00
13172,2.59,2026-05-24 15:40:43.892724+00
13173,2.56,2026-05-24 15:41:08.569931+00
13174,1.01,2026-05-24 15:41:16.80147+00
13175,2.46,2026-05-24 15:41:41.535188+00
13176,2.27,2026-05-24 15:42:06.575882+00
13177,1.06,2026-05-24 15:42:23.239509+00
13178,3.1,2026-05-24 15:42:48.15045+00
13179,2.57,2026-05-24 15:43:13.02871+00
13180,1.8,2026-05-24 15:43:29.591892+00
13181,1.14,2026-05-24 15:43:46.02145+00
13182,22.68,2026-05-24 15:44:43.299192+00
13183,1.69,2026-05-24 15:45:00.128198+00
13184,15.03,2026-05-24 15:45:49.600925+00
13185,1.01,2026-05-24 15:45:57.97275+00
13186,1.25,2026-05-24 15:46:14.800148+00
13187,1.06,2026-05-24 15:46:31.456079+00
13188,1.52,2026-05-24 15:46:47.946737+00
13189,1.08,2026-05-24 15:47:04.451065+00
13190,2.01,2026-05-24 15:47:20.92821+00
13191,1.02,2026-05-24 15:47:37.248191+00
13192,4.34,2026-05-24 15:48:09.12247+00
13193,6.93,2026-05-24 15:48:42.056864+00
13194,1.33,2026-05-24 15:48:58.548745+00
13195,2.67,2026-05-24 15:49:31.692591+00
13196,1.45,2026-05-24 15:49:48.334421+00
13197,1.77,2026-05-24 15:50:04.928077+00
13198,11.14,2026-05-24 15:50:45.856048+00
13199,2.18,2026-05-24 15:51:10.763461+00
13200,4.51,2026-05-24 15:51:43.973487+00
13201,11.13,2026-05-24 15:52:25.153284+00
13202,50.12,2026-05-24 15:53:30.994387+00
13203,1.74,2026-05-24 15:53:47.508309+00
13204,1.32,2026-05-24 15:54:04.06273+00
13205,1.09,2026-05-24 15:54:20.639351+00
13206,2.01,2026-05-24 15:54:45.54503+00
13207,7.89,2026-05-24 15:55:18.386792+00
13208,1.08,2026-05-24 15:55:34.877931+00
13209,1.42,2026-05-24 15:55:51.382531+00
13210,2.99,2026-05-24 15:56:16.110235+00
13211,1.32,2026-05-24 15:56:32.73308+00
13212,1.71,2026-05-24 15:56:57.64848+00
13213,1.78,2026-05-24 15:57:14.296493+00
13214,9.42,2026-05-24 15:57:47.039055+00
13215,1.11,2026-05-24 15:58:03.548396+00
13216,1.66,2026-05-24 15:58:20.046706+00
13217,4.06,2026-05-24 15:58:53.083527+00
13218,8.02,2026-05-24 15:59:34.584298+00
13219,3.01,2026-05-24 15:59:59.205225+00
13220,1.85,2026-05-24 16:00:24.217675+00
13221,2.12,2026-05-24 16:00:49.034093+00
13222,1.37,2026-05-24 16:01:05.525163+00
13223,8.4,2026-05-24 16:01:46.852909+00
13224,7.59,2026-05-24 16:02:19.561083+00
13225,4.98,2026-05-24 16:02:52.377633+00
13226,2,2026-05-24 16:03:17.212638+00
13227,272.96,2026-05-24 16:04:38.987214+00
13228,3.3,2026-05-24 16:05:12.161673+00
13229,2.58,2026-05-24 16:05:37.19321+00
13230,1.09,2026-05-24 16:06:27.123071+00
13231,1.09,2026-05-24 16:06:35.318489+00
13232,11,2026-05-24 16:07:16.312017+00
13233,1.84,2026-05-24 16:07:41.044751+00
13234,1.85,2026-05-24 16:07:57.578694+00
13235,1.24,2026-05-24 16:08:14.131134+00
13236,2.29,2026-05-24 16:08:39.045541+00
13237,4.01,2026-05-24 16:09:12.196123+00
13238,2.05,2026-05-24 16:09:37.055507+00
13239,1.48,2026-05-24 16:09:53.64737+00
13240,4.66,2026-05-24 16:10:26.437704+00
13241,2.46,2026-05-24 16:10:51.134257+00
13242,1.02,2026-05-24 16:10:59.406932+00
13243,9.61,2026-05-24 16:11:32.337035+00
13244,1.26,2026-05-24 16:11:48.749746+00
13245,2.18,2026-05-24 16:12:21.711255+00
13246,3.17,2026-05-24 16:12:46.508376+00
13247,4.98,2026-05-24 16:13:19.807717+00
13248,2.02,2026-05-24 16:13:36.368977+00
13249,2.43,2026-05-24 16:14:01.413564+00
13250,1.76,2026-05-24 16:14:26.273062+00
13251,1.58,2026-05-24 16:14:42.721305+00
13252,1.61,2026-05-24 16:14:59.108329+00
13253,1.56,2026-05-24 16:15:23.888862+00
13254,1.07,2026-05-24 16:15:32.154003+00
13255,1.06,2026-05-24 16:15:48.663381+00
13256,9.12,2026-05-24 16:16:21.208027+00
13257,1.12,2026-05-24 16:16:37.785986+00
13258,6.45,2026-05-24 16:17:10.592015+00
13259,9.39,2026-05-24 16:17:43.537655+00
13260,1.48,2026-05-24 16:18:08.649415+00
13261,4.3,2026-05-24 16:18:33.409921+00
13262,1.96,2026-05-24 16:18:58.245963+00
13263,1.68,2026-05-24 16:19:14.72239+00
13264,1.87,2026-05-24 16:19:39.592995+00
13265,3.19,2026-05-24 16:20:04.234965+00
13266,1.33,2026-05-24 16:20:20.602078+00
13267,8.82,2026-05-24 16:21:01.889742+00
13268,6.14,2026-05-24 16:21:34.933512+00
13269,1.5,2026-05-24 16:21:59.77222+00
13270,4.31,2026-05-24 16:22:32.945974+00
13271,2.6,2026-05-24 16:22:57.425217+00
13272,27.26,2026-05-24 16:23:46.383092+00
13273,1.7,2026-05-24 16:24:11.293872+00
13274,1.47,2026-05-24 16:24:27.727967+00
13275,1.06,2026-05-24 16:24:44.39375+00
13276,1.95,2026-05-24 16:25:00.804584+00
13277,1.02,2026-05-24 16:25:17.402059+00
13278,2.22,2026-05-24 16:25:41.295795+00
13279,1.48,2026-05-24 16:25:58.061203+00
13280,2.03,2026-05-24 16:26:14.560958+00
13281,1.29,2026-05-24 16:26:31.130994+00
13282,2.41,2026-05-24 16:27:12.716388+00
13283,1.01,2026-05-24 16:27:12.716388+00
13284,3.64,2026-05-24 16:27:37.465379+00
13285,1.01,2026-05-24 16:27:54.088202+00
13286,3.83,2026-05-24 16:28:26.941087+00
13287,1.24,2026-05-24 16:28:43.410958+00
13288,4.73,2026-05-24 16:29:07.878634+00
13289,1.16,2026-05-24 16:29:24.425446+00
13290,1.24,2026-05-24 16:29:40.81155+00
13291,4.13,2026-05-24 16:30:13.612068+00
13292,1.36,2026-05-24 16:30:30.314864+00
13293,3.41,2026-05-24 16:30:54.930267+00
13294,1.24,2026-05-24 16:31:11.433303+00
13295,1.08,2026-05-24 16:31:27.761611+00
13296,1.68,2026-05-24 16:31:44.04242+00
13297,1.52,2026-05-24 16:32:08.140792+00
13298,1.16,2026-05-24 16:32:24.805794+00
13299,6.45,2026-05-24 16:32:57.791067+00
13300,1.07,2026-05-24 16:33:14.425986+00
13301,8.06,2026-05-24 16:33:47.110734+00
13302,1.94,2026-05-24 16:34:11.937914+00
13303,32.95,2026-05-24 16:35:09.365022+00
13304,6.66,2026-05-24 16:35:42.299549+00
13305,1.56,2026-05-24 16:36:07.253125+00
13306,1.66,2026-05-24 16:36:23.950967+00
13307,3.21,2026-05-24 16:36:48.716594+00
13308,1.43,2026-05-24 16:37:05.499471+00
13309,1.08,2026-05-24 16:37:22.117774+00
13310,1.15,2026-05-24 16:37:38.762098+00
13311,1.03,2026-05-24 16:37:46.993194+00
13312,1.54,2026-05-24 16:38:11.594412+00
13313,6.96,2026-05-24 16:38:44.435219+00
13314,2.07,2026-05-24 16:39:09.18307+00
13315,1.05,2026-05-24 16:39:25.750121+00
13316,2.12,2026-05-24 16:39:50.85159+00
13317,1.73,2026-05-24 16:40:07.454216+00
13318,1.32,2026-05-24 16:40:24.235038+00
13319,1.65,2026-05-24 16:40:40.737824+00
13320,2.05,2026-05-24 16:41:05.500876+00
13321,9.99,2026-05-24 16:41:46.699049+00
13322,1.36,2026-05-24 16:42:03.184585+00
13323,3.61,2026-05-24 16:42:36.122021+00
13324,1.67,2026-05-24 16:42:52.701835+00
13325,2.9,2026-05-24 16:43:17.455016+00
13326,1.24,2026-05-24 16:43:34.15402+00
13327,4.12,2026-05-24 16:44:07.300938+00
13328,6.71,2026-05-24 16:44:40.282469+00
13329,1.52,2026-05-24 16:45:05.147106+00
13330,1.38,2026-05-24 16:45:21.609506+00
13331,1.12,2026-05-24 16:45:29.719724+00
13332,2.6,2026-05-24 16:45:54.38339+00
13333,14.95,2026-05-24 16:46:43.871109+00
13334,13.73,2026-05-24 16:47:33.592518+00
13335,1.12,2026-05-24 16:47:41.940513+00
13336,1.18,2026-05-24 16:47:58.528924+00
13337,1.07,2026-05-24 16:48:15.209913+00
13338,1.08,2026-05-24 16:48:31.717378+00
13339,1.06,2026-05-24 16:48:39.956268+00
13340,2.33,2026-05-24 16:49:04.541912+00
13341,4.04,2026-05-24 16:49:37.386105+00
13342,1.15,2026-05-24 16:49:53.909271+00
13343,1.45,2026-05-24 16:50:10.322793+00
13344,501,2026-05-24 16:51:39.060727+00
13345,1.06,2026-05-24 16:51:55.644726+00
13346,6.56,2026-05-24 16:52:28.467125+00
13347,1.21,2026-05-24 16:52:45.283508+00
13348,4.17,2026-05-24 16:53:18.026978+00
13349,2,2026-05-24 16:53:34.323466+00
13350,1.1,2026-05-24 16:53:50.984095+00
13351,1.23,2026-05-24 16:54:07.478406+00
13352,1.29,2026-05-24 16:54:23.958736+00
13353,1.66,2026-05-24 16:54:40.47733+00
13354,1.42,2026-05-24 16:54:56.990152+00
13355,1.69,2026-05-24 16:55:22.909059+00
13356,1.01,2026-05-24 16:55:35.530378+00
13357,9.36,2026-05-24 16:56:17.102413+00
13358,12.75,2026-05-24 16:56:58.339885+00
13359,1.65,2026-05-24 16:57:23.574164+00
13360,1.01,2026-05-24 16:57:31.899281+00
13361,1.22,2026-05-24 16:57:49.09467+00
13362,1.23,2026-05-24 16:58:05.597729+00
13363,1.03,2026-05-24 16:58:13.779617+00
13364,1.33,2026-05-24 16:58:30.301983+00
13365,3.38,2026-05-24 16:59:03.418811+00
13366,1.23,2026-05-24 16:59:20.138939+00
13367,9.07,2026-05-24 16:59:53.09564+00
13368,1.26,2026-05-24 17:00:09.643566+00
13369,1.1,2026-05-24 17:00:17.933681+00
13370,1.29,2026-05-24 17:00:34.62043+00
13371,2.12,2026-05-24 17:00:59.624725+00
13372,1.02,2026-05-24 17:01:16.199693+00
13373,9.2,2026-05-24 17:01:49.19316+00
13374,1.27,2026-05-24 17:02:05.663253+00
13375,4.16,2026-05-24 17:02:38.572404+00
13376,1.76,2026-05-24 17:02:55.012872+00
13377,3.31,2026-05-24 17:03:19.592853+00
13378,1.27,2026-05-24 17:03:36.138926+00
13379,7.15,2026-05-24 17:04:17.371682+00
13380,3.42,2026-05-24 17:04:42.030327+00
13381,3.39,2026-05-24 17:05:15.439977+00
13382,1.18,2026-05-24 17:05:31.990726+00
13383,1.2,2026-05-24 17:05:40.243528+00
13384,1.51,2026-05-24 17:06:05.05005+00
13385,2.01,2026-05-24 17:06:21.55102+00
13386,2.08,2026-05-24 17:06:46.258202+00
13387,1.41,2026-05-24 17:07:02.885041+00
13388,8.91,2026-05-24 17:07:43.789318+00
13389,5.2,2026-05-24 17:08:17.036953+00
13390,6.16,2026-05-24 17:08:50.020144+00
13391,1.96,2026-05-24 17:09:15.025882+00
13392,6.49,2026-05-24 17:09:47.988075+00
13393,3.7,2026-05-24 17:10:21.165851+00
13394,1.12,2026-05-24 17:10:37.618787+00
13395,3.36,2026-05-24 17:11:02.504379+00
13396,1.15,2026-05-24 17:11:19.072201+00
13397,1.08,2026-05-24 17:11:35.468982+00
13398,6.62,2026-05-24 17:12:08.350421+00
13399,1.03,2026-05-24 17:12:25.065052+00
13400,2.56,2026-05-24 17:12:50.0924+00
13401,1.21,2026-05-24 17:12:58.394425+00
13402,2.18,2026-05-24 17:13:23.222055+00
13403,9.18,2026-05-24 17:14:04.216277+00
13404,1.03,2026-05-24 17:14:20.914016+00
13405,1.09,2026-05-24 17:14:37.475942+00
13406,2.63,2026-05-24 17:15:02.05914+00
13407,1.55,2026-05-24 17:15:18.495201+00
13408,6.99,2026-05-24 17:15:51.373849+00
13409,2.73,2026-05-24 17:16:16.074123+00
13410,1.68,2026-05-24 17:16:40.8638+00
13411,1.01,2026-05-24 17:16:49.286646+00
13412,1.73,2026-05-24 17:17:14.265793+00
13413,1.39,2026-05-24 17:17:30.947728+00
13414,4.79,2026-05-24 17:18:03.748404+00
13415,2.14,2026-05-24 17:18:28.549973+00
13416,1.37,2026-05-24 17:18:45.306355+00
13417,1.47,2026-05-24 17:19:02.006792+00
13418,4.21,2026-05-24 17:19:34.966196+00
13419,1.01,2026-05-24 17:19:43.088239+00
13420,2.97,2026-05-24 17:20:16.236783+00
13421,1.09,2026-05-24 17:20:24.461641+00
13422,1.55,2026-05-24 17:20:49.37098+00
13423,14.22,2026-05-24 17:21:30.3121+00
13424,9.96,2026-05-24 17:22:11.714343+00
13425,1.02,2026-05-24 17:22:19.97402+00
13426,4.74,2026-05-24 17:22:53.277082+00
13427,1.64,2026-05-24 17:23:09.756367+00
13428,2.09,2026-05-24 17:23:34.639235+00
13429,2.08,2026-05-24 17:23:59.63152+00
13430,1.57,2026-05-24 17:24:16.409574+00
13431,1.29,2026-05-24 17:24:32.914893+00
13432,1.56,2026-05-24 17:24:49.439001+00
13433,3.94,2026-05-24 17:25:22.377975+00
13434,3.88,2026-05-24 17:25:55.234454+00
13435,1.1,2026-05-24 17:26:03.510685+00
13436,1.58,2026-05-24 17:26:28.356619+00
13437,1.2,2026-05-24 17:26:36.526947+00
13438,1.14,2026-05-24 17:26:52.368031+00
13439,21.48,2026-05-24 17:27:48.341689+00
13440,6.74,2026-05-24 17:28:21.197139+00
13441,1.72,2026-05-24 17:28:46.131495+00
13442,6.64,2026-05-24 17:29:19.325114+00
13443,1.03,2026-05-24 17:29:35.804788+00
13444,1.4,2026-05-24 17:29:52.443446+00
13445,1.94,2026-05-24 17:30:09.032091+00
13446,7.54,2026-05-24 17:30:50.354107+00
13447,1.84,2026-05-24 17:31:06.862146+00
13448,1.11,2026-05-24 17:31:23.36909+00
13449,38.77,2026-05-24 17:32:20.540644+00
13450,1.73,2026-05-24 17:32:45.299825+00
13451,2.58,2026-05-24 17:33:10.020186+00
13452,1.78,2026-05-24 17:33:26.537339+00
13453,8.48,2026-05-24 17:34:07.395525+00
13454,1.15,2026-05-24 17:34:24.133609+00
13455,1.05,2026-05-24 17:34:40.925937+00
13456,1.21,2026-05-24 17:34:49.139917+00
13457,2.76,2026-05-24 17:35:22.256865+00
13458,5.89,2026-05-24 17:35:55.15772+00
13459,1.7,2026-05-24 17:36:11.719074+00
13460,2.08,2026-05-24 17:36:36.553723+00
13461,39.92,2026-05-24 17:37:33.639699+00
13462,12.83,2026-05-24 17:38:23.001674+00
13463,2.33,2026-05-24 17:38:47.802518+00
13464,1.32,2026-05-24 17:39:04.438408+00
13465,2.56,2026-05-24 17:39:29.048788+00
13466,1.25,2026-05-24 17:39:45.662306+00
13467,3.19,2026-05-24 17:40:10.359026+00
13468,9.35,2026-05-24 17:40:51.924558+00
13469,501,2026-05-24 17:42:21.904882+00
13470,1.01,2026-05-24 17:42:38.474177+00
13471,7.28,2026-05-24 17:43:11.190686+00
13472,1.64,2026-05-24 17:43:27.898712+00
13473,3.12,2026-05-24 17:44:00.899955+00
13474,1.01,2026-05-24 17:44:17.387111+00
13475,1.08,2026-05-24 17:44:25.518066+00
13476,2.41,2026-05-24 17:45:29.728149+00
13477,6.19,2026-05-24 17:45:29.728149+00
13478,52.55,2026-05-24 17:46:34.693024+00
13479,1.01,2026-05-24 17:46:42.896227+00
13480,1.05,2026-05-24 17:46:59.549696+00
13481,1.21,2026-05-24 17:47:16.033536+00
13482,1.29,2026-05-24 17:47:31.976495+00
13483,1.25,2026-05-24 17:47:47.817899+00
13484,6.69,2026-05-24 17:48:20.130339+00
13485,11.77,2026-05-24 17:49:09.502018+00
13486,4.92,2026-05-24 17:49:42.682204+00
13487,1.02,2026-05-24 17:49:50.88874+00
13488,1.14,2026-05-24 17:50:07.474887+00
13489,2.31,2026-05-24 17:50:32.236001+00
13490,18,2026-05-24 17:51:21.479654+00
13491,1.43,2026-05-24 17:51:38.055089+00
13492,1.11,2026-05-24 17:51:54.642738+00
13493,2.21,2026-05-24 17:52:11.139731+00
13494,1.01,2026-05-24 17:52:27.654447+00
13495,1.1,2026-05-24 17:52:43.91772+00
13496,1.18,2026-05-24 17:52:59.846786+00
13497,1.48,2026-05-24 17:53:15.676292+00
13498,1.36,2026-05-24 17:53:31.751724+00
13499,12.89,2026-05-24 17:54:20.661943+00
13500,2.12,2026-05-24 17:54:45.537972+00
13501,1.05,2026-05-24 17:54:53.746129+00
13502,2.08,2026-05-24 17:55:18.467482+00
13503,1.31,2026-05-24 17:55:34.854159+00
13504,9.04,2026-05-24 17:56:08.002097+00
13505,1.35,2026-05-24 17:56:24.738368+00
13506,51.96,2026-05-24 17:57:30.409326+00
13507,2.1,2026-05-24 17:57:55.382098+00
13508,13.09,2026-05-24 17:58:36.336198+00
13509,1.37,2026-05-24 17:58:52.911989+00
13510,146.27,2026-05-24 18:00:14.860447+00
13511,1.97,2026-05-24 18:00:31.503683+00
13512,46.62,2026-05-24 18:01:37.338399+00
13513,2.33,2026-05-24 18:02:02.485433+00
13514,1.9,2026-05-24 18:02:19.077104+00
13515,1.63,2026-05-24 18:02:35.817943+00
13516,1.16,2026-05-24 18:02:52.295427+00
13517,1.64,2026-05-24 18:03:17.390415+00
13518,6.1,2026-05-24 18:03:50.30341+00
13519,1.27,2026-05-24 18:04:06.830409+00
13520,4.6,2026-05-24 18:04:39.717906+00
13521,5.6,2026-05-24 18:05:12.618328+00
13522,2.52,2026-05-24 18:05:37.369574+00
13523,1.58,2026-05-24 18:05:53.794145+00
13524,1.87,2026-05-24 18:06:18.690605+00
13525,4.84,2026-05-24 18:06:51.662422+00
13526,31.46,2026-05-24 18:07:48.983+00
13527,2.87,2026-05-24 18:08:13.918704+00
13528,1.12,2026-05-24 18:08:30.546598+00
13529,1.65,2026-05-24 18:08:46.857971+00
13530,1.16,2026-05-24 18:09:03.00773+00
13531,1.34,2026-05-24 18:09:18.988172+00
13532,2.55,2026-05-24 18:09:42.803876+00
13533,1.61,2026-05-24 18:09:59.144398+00
13534,1.42,2026-05-24 18:10:15.905599+00
13535,2.09,2026-05-24 18:10:40.888803+00
13536,9.96,2026-05-24 18:11:22.124911+00
13537,1.36,2026-05-24 18:11:38.743533+00
13538,10.2,2026-05-24 18:12:19.750543+00
13539,3,2026-05-24 18:12:52.823431+00
13540,10.4,2026-05-24 18:13:33.94691+00
13541,1.66,2026-05-24 18:13:50.719507+00
13542,49.92,2026-05-24 18:14:56.492035+00
13543,16.13,2026-05-24 18:15:37.286084+00
13544,9.97,2026-05-24 18:16:18.598725+00
13545,1.81,2026-05-24 18:16:35.230711+00
13546,1.02,2026-05-24 18:16:51.908285+00
13547,13.49,2026-05-24 18:17:32.674564+00
13548,1.33,2026-05-24 18:17:49.181311+00
13549,1.64,2026-05-24 18:18:14.280808+00
13550,2.84,2026-05-24 18:18:39.22243+00
13551,1.06,2026-05-24 18:18:55.765728+00
13552,1.25,2026-05-24 18:19:04.001516+00
13553,2.46,2026-05-24 18:19:28.722406+00
13554,8.9,2026-05-24 18:20:09.721963+00
13555,2.18,2026-05-24 18:20:34.403906+00
13556,7.46,2026-05-24 18:21:15.580275+00
13557,25.07,2026-05-24 18:22:13.004486+00
13558,1.33,2026-05-24 18:22:29.633637+00
13559,2.45,2026-05-24 18:22:54.840302+00
13560,1.33,2026-05-24 18:23:11.51582+00
13561,1.99,2026-05-24 18:23:36.293417+00
13562,1.09,2026-05-24 18:23:52.825425+00
13563,1.03,2026-05-24 18:24:00.891656+00
13564,3.7,2026-05-24 18:24:32.988172+00
13565,1.47,2026-05-24 18:24:49.471743+00
13566,7.66,2026-05-24 18:25:30.702999+00
13567,1.8,2026-05-24 18:25:47.147914+00
13568,3.59,2026-05-24 18:26:19.956907+00
13569,3.53,2026-05-24 18:26:44.52087+00
13570,1.01,2026-05-24 18:27:01.074999+00
13571,2.22,2026-05-24 18:27:25.840468+00
13572,2.83,2026-05-24 18:27:50.685428+00
13573,2.23,2026-05-24 18:28:15.561715+00
13574,33.55,2026-05-24 18:29:13.286611+00
13575,4.85,2026-05-24 18:29:46.428059+00
13576,1.1,2026-05-24 18:29:54.692966+00
13577,1.74,2026-05-24 18:30:19.684924+00
13578,2.08,2026-05-24 18:30:36.213596+00
13579,1.08,2026-05-24 18:30:52.646972+00
13580,2.33,2026-05-24 18:31:17.655229+00
13581,1.02,2026-05-24 18:31:34.280813+00
13582,2.76,2026-05-24 18:31:58.806597+00
13583,9.16,2026-05-24 18:32:32.013509+00
13584,3.45,2026-05-24 18:32:56.656416+00
13585,1.6,2026-05-24 18:33:21.413447+00
13586,2.28,2026-05-24 18:33:37.86894+00
13587,1.12,2026-05-24 18:33:54.362129+00
13588,2.29,2026-05-24 18:34:19.020969+00
13589,1.04,2026-05-24 18:34:35.548951+00
13590,1.57,2026-05-24 18:34:51.731647+00
13591,1.31,2026-05-24 18:35:07.882668+00
13592,4.22,2026-05-24 18:35:40.817062+00
13593,4.57,2026-05-24 18:36:13.959774+00
13594,3.03,2026-05-24 18:36:38.897927+00
13595,2.63,2026-05-24 18:37:03.753608+00
13596,2.69,2026-05-24 18:37:28.679479+00
13597,1.38,2026-05-24 18:37:45.34742+00
13598,2.5,2026-05-24 18:38:10.165616+00
13599,1.14,2026-05-24 18:38:26.809011+00
13600,9.08,2026-05-24 18:38:59.573358+00
13601,30.86,2026-05-24 18:39:56.889939+00
13602,1.49,2026-05-24 18:40:13.617778+00
13603,11.88,2026-05-24 18:40:54.679694+00
13604,5.89,2026-05-24 18:41:36.005151+00
13605,1.02,2026-05-24 18:41:44.25047+00
13606,28.42,2026-05-24 18:42:41.177468+00
13607,4.02,2026-05-24 18:43:14.052966+00
13608,8.22,2026-05-24 18:43:55.28894+00
13609,1.96,2026-05-24 18:44:11.802605+00
13610,1.09,2026-05-24 18:44:28.425956+00
13611,1.06,2026-05-24 18:44:44.942611+00
13612,2.51,2026-05-24 18:45:01.396339+00
13613,4.72,2026-05-24 18:45:34.502951+00
13614,1.21,2026-05-24 18:45:50.91295+00
13615,1.95,2026-05-24 18:46:15.834209+00
13616,1.27,2026-05-24 18:46:32.409455+00
13617,3.19,2026-05-24 18:46:57.057751+00
13618,2.31,2026-05-24 18:47:21.94502+00
13619,1.9,2026-05-24 18:47:46.889458+00
13620,3.23,2026-05-24 18:48:11.737214+00
13621,1.73,2026-05-24 18:48:28.086979+00
13622,6.85,2026-05-24 18:49:09.364041+00
13623,2.59,2026-05-24 18:49:34.254226+00
13624,1.08,2026-05-24 18:49:50.843182+00
13625,9.92,2026-05-24 18:50:32.395886+00
13626,3.66,2026-05-24 18:50:57.034796+00
13627,1.25,2026-05-24 18:51:13.743026+00
13628,11.89,2026-05-24 18:51:54.960526+00
13629,7.01,2026-05-24 18:52:36.273627+00
13630,2.85,2026-05-24 18:53:01.06466+00
13631,1.94,2026-05-24 18:53:26.037316+00
13632,1.31,2026-05-24 18:53:42.637022+00
13633,1.97,2026-05-24 18:53:59.178151+00
13634,9.19,2026-05-24 18:54:32.027235+00
13635,1.21,2026-05-24 18:54:48.352362+00
13636,13.08,2026-05-24 18:55:37.375727+00
13637,3.79,2026-05-24 18:56:10.28588+00
13638,6.18,2026-05-24 18:56:43.198054+00
13639,1.53,2026-05-24 18:56:59.686654+00
13640,1.44,2026-05-24 18:57:16.172143+00
13641,2.1,2026-05-24 18:57:40.99112+00
13642,1.74,2026-05-24 18:57:57.477391+00
13643,3.49,2026-05-24 18:58:30.773995+00
13644,1.11,2026-05-24 18:58:47.21972+00
13645,1.36,2026-05-24 18:59:03.791397+00
13646,2.3,2026-05-24 18:59:20.245675+00
13647,1.47,2026-05-24 18:59:45.205275+00
13648,1.03,2026-05-24 18:59:53.403008+00
13649,1.85,2026-05-24 19:00:17.462208+00
13650,1.61,2026-05-24 19:00:33.945493+00
13651,41.47,2026-05-24 19:01:30.801147+00
13652,3.01,2026-05-24 19:02:03.780457+00
13653,1.66,2026-05-24 19:02:20.475589+00
13654,1.26,2026-05-24 19:02:37.100085+00
13655,1.01,2026-05-24 19:02:53.566181+00
13656,1.55,2026-05-24 19:03:09.635812+00
13657,40.98,2026-05-24 19:04:06.66141+00
13658,1.33,2026-05-24 19:04:23.214465+00
13659,2.31,2026-05-24 19:04:48.091296+00
13660,1.89,2026-05-24 19:05:12.9672+00
13661,6.17,2026-05-24 19:05:46.096688+00
13662,2.08,2026-05-24 19:06:11.158705+00
13663,3.15,2026-05-24 19:06:35.749112+00
13664,26.74,2026-05-24 19:07:32.950985+00
13665,1.04,2026-05-24 19:07:41.147646+00
13666,1.16,2026-05-24 19:07:57.72118+00
13667,1.07,2026-05-24 19:08:13.841793+00
13668,1.4,2026-05-24 19:08:29.628956+00
13669,1.8,2026-05-24 19:08:45.702031+00
13670,1.84,2026-05-24 19:09:10.419399+00
13671,1.03,2026-05-24 19:09:27.136039+00
13672,1.1,2026-05-24 19:09:35.345305+00
13673,1.24,2026-05-24 19:09:51.994263+00
13674,2.56,2026-05-24 19:10:16.244558+00
13675,1.13,2026-05-24 19:10:32.846223+00
13676,1.06,2026-05-24 19:10:49.159997+00
13677,2.16,2026-05-24 19:11:04.969633+00
13678,1.39,2026-05-24 19:11:29.229439+00
13679,1.17,2026-05-24 19:11:37.413226+00
13680,9.31,2026-05-24 19:12:18.441521+00
13681,2.59,2026-05-24 19:12:43.089732+00
13682,24.97,2026-05-24 19:13:31.907883+00
13683,1.34,2026-05-24 19:13:48.574931+00
13684,1.25,2026-05-24 19:14:05.090043+00
13685,1.55,2026-05-24 19:14:21.499262+00
13686,2.25,2026-05-24 19:14:45.963814+00
13687,3.77,2026-05-24 19:15:18.791364+00
13688,1.25,2026-05-24 19:15:35.30724+00
13689,3.13,2026-05-24 19:15:59.844453+00
13690,4.56,2026-05-24 19:16:32.52144+00
13691,1.65,2026-05-24 19:16:48.936515+00
13692,1.87,2026-05-24 19:17:13.510179+00
13693,2.44,2026-05-24 19:17:37.532871+00
13694,1.4,2026-05-24 19:17:53.958917+00
13695,1.7,2026-05-24 19:18:09.956397+00
13696,2.94,2026-05-24 19:18:42.310034+00
13697,1.33,2026-05-24 19:18:58.795643+00
13698,1.01,2026-05-24 19:19:06.959902+00
13699,2.16,2026-05-24 19:19:31.553271+00
13700,1.03,2026-05-24 19:19:47.944092+00
13701,1.08,2026-05-24 19:20:04.08006+00
13702,1.24,2026-05-24 19:20:11.948043+00
13703,3.17,2026-05-24 19:20:43.421863+00
13704,1.21,2026-05-24 19:20:59.721225+00
13705,1.2,2026-05-24 19:21:16.09181+00
13706,18.27,2026-05-24 19:22:04.449697+00
13707,2.04,2026-05-24 19:22:29.092435+00
13708,1.45,2026-05-24 19:22:45.456048+00
13709,1.84,2026-05-24 19:23:01.381925+00
13710,1.33,2026-05-24 19:23:17.469601+00
13711,1.09,2026-05-24 19:23:33.575142+00
13712,1.61,2026-05-24 19:23:57.265049+00
13713,7.46,2026-05-24 19:24:29.058702+00
13714,1.65,2026-05-24 19:24:53.494893+00
13715,18.94,2026-05-24 19:25:42.143943+00
13716,2.39,2026-05-24 19:26:06.685429+00
13717,2.24,2026-05-24 19:26:31.36002+00
13718,2.4,2026-05-24 19:26:55.875538+00
13719,1.79,2026-05-24 19:27:12.369736+00
13720,1.75,2026-05-24 19:27:28.802066+00
13721,1.65,2026-05-24 19:27:53.455509+00
13722,2.68,2026-05-24 19:28:17.643489+00
13723,1.92,2026-05-24 19:28:42.273432+00
13724,17.21,2026-05-24 19:29:31.08289+00
13725,1.04,2026-05-24 19:29:39.243587+00
13726,3.12,2026-05-24 19:30:12.140389+00
13727,1.94,2026-05-24 19:30:28.429612+00
13728,4.2,2026-05-24 19:31:01.238796+00
13729,9.24,2026-05-24 19:31:33.970652+00
13730,3.58,2026-05-24 19:32:06.741952+00
13731,2.24,2026-05-24 19:32:23.219015+00
13732,1.09,2026-05-24 19:32:39.672355+00
13733,2.28,2026-05-24 19:33:04.238336+00
13734,1.2,2026-05-24 19:33:20.742236+00
13735,3.28,2026-05-24 19:33:44.874477+00
13736,1.51,2026-05-24 19:34:09.471025+00
13737,3.11,2026-05-24 19:34:34.028198+00
13738,1.06,2026-05-24 19:34:50.648266+00
13739,1.52,2026-05-24 19:35:06.966685+00
13740,1.24,2026-05-24 19:35:23.342042+00
13741,4.47,2026-05-24 19:35:55.734417+00
13742,2.31,2026-05-24 19:36:20.239457+00
13743,3.92,2026-05-24 19:36:44.6412+00
13744,1.01,2026-05-24 19:37:01.09644+00
13745,1.11,2026-05-24 19:37:16.852135+00
13746,4.38,2026-05-24 19:37:48.30148+00
13747,17.72,2026-05-24 19:38:37.08899+00
13748,4.43,2026-05-24 19:39:09.921043+00
13749,1.3,2026-05-24 19:39:26.421968+00
13750,1.78,2026-05-24 19:39:42.878592+00
13751,1.31,2026-05-24 19:39:59.426074+00
13752,2.95,2026-05-24 19:40:23.998389+00
13753,1.03,2026-05-24 19:40:40.477453+00
13754,1.13,2026-05-24 19:40:57.028215+00
13755,1.56,2026-05-24 19:41:13.194237+00
13756,1.42,2026-05-24 19:41:29.67529+00
13757,1.16,2026-05-24 19:41:46.258023+00
13758,2.92,2026-05-24 19:42:10.795405+00
13759,1.03,2026-05-24 19:42:27.144485+00
13760,1.19,2026-05-24 19:42:42.734428+00
13761,7.68,2026-05-24 19:43:14.298891+00
13762,1.56,2026-05-24 19:43:38.896685+00
13763,4.67,2026-05-24 19:44:11.688878+00
13764,1.18,2026-05-24 19:44:28.139371+00
13765,1.07,2026-05-24 19:44:36.291691+00
13766,2.23,2026-05-24 19:45:00.542282+00
13767,1.24,2026-05-24 19:45:17.173208+00
13768,1.42,2026-05-24 19:45:33.682053+00
13769,1.12,2026-05-24 19:45:50.151704+00
13770,1.2,2026-05-24 19:46:06.571152+00
13771,3.39,2026-05-24 19:46:31.171593+00
13772,10.55,2026-05-24 19:47:11.86065+00
13773,1.95,2026-05-24 19:47:36.593067+00
13774,3.45,2026-05-24 19:48:01.003993+00
13775,2.51,2026-05-24 19:48:25.600009+00
13776,1.97,2026-05-24 19:48:50.250399+00
13777,3.96,2026-05-24 19:49:22.913422+00
13778,3.28,2026-05-24 19:49:47.278791+00
13779,24.33,2026-05-24 19:50:44.40003+00
13780,1.38,2026-05-24 19:51:00.916075+00
13781,1.11,2026-05-24 19:51:17.359894+00
13782,4.74,2026-05-24 19:51:49.987195+00
13783,3.53,2026-05-24 19:52:14.390499+00
13784,1.08,2026-05-24 19:52:30.667442+00
13785,9.96,2026-05-24 19:53:02.276144+00
13786,1.06,2026-05-24 19:53:18.728073+00
13787,19.16,2026-05-24 19:54:07.117737+00
13788,117.01,2026-05-24 19:55:19.818791+00
13789,1.07,2026-05-24 19:55:36.532231+00
13790,3.19,2026-05-24 19:56:01.100573+00
13791,1.15,2026-05-24 19:56:17.522357+00
13792,1.54,2026-05-24 19:56:33.980353+00
13793,7.35,2026-05-24 19:57:14.743487+00
13794,3.3,2026-05-24 19:57:39.300715+00
13795,1.58,2026-05-24 19:58:03.963809+00
13796,1.04,2026-05-24 19:58:12.190527+00
13797,1.03,2026-05-24 19:58:28.666627+00
13798,1.42,2026-05-24 19:58:44.673937+00
13799,1.83,2026-05-24 19:59:09.224176+00
13800,1.01,2026-05-24 19:59:17.366617+00
13801,1.2,2026-05-24 19:59:33.380218+00
13802,1.01,2026-05-24 19:59:49.135359+00
13803,1.35,2026-05-24 20:00:04.920742+00
13804,1.01,2026-05-24 20:00:20.644581+00
13805,1.21,2026-05-24 20:00:28.579062+00
13806,1.15,2026-05-24 20:00:44.356819+00
13807,1.11,2026-05-24 20:01:00.241658+00
13808,2.22,2026-05-24 20:01:24.643991+00
13809,6.31,2026-05-24 20:02:05.183204+00
13810,1.01,2026-05-24 20:02:13.457154+00
13811,9.07,2026-05-24 20:02:45.95006+00
13812,4.39,2026-05-24 20:03:18.608105+00
13813,1.99,2026-05-24 20:03:43.40335+00
13814,1.27,2026-05-24 20:03:59.772873+00
13815,1.56,2026-05-24 20:04:16.021093+00
13816,1.49,2026-05-24 20:04:31.993889+00
13817,24.13,2026-05-24 20:05:27.756722+00
13818,14.67,2026-05-24 20:06:16.809593+00
13819,20.3,2026-05-24 20:07:05.685201+00
13820,2.92,2026-05-24 20:07:30.441045+00
13821,4.4,2026-05-24 20:08:03.326504+00
13822,1.4,2026-05-24 20:08:19.812007+00
13823,1.32,2026-05-24 20:08:36.311454+00
13824,7.35,2026-05-24 20:09:16.940494+00
13825,3.11,2026-05-24 20:09:41.525941+00
13826,2.85,2026-05-24 20:10:05.854238+00
13827,6.96,2026-05-24 20:10:46.630723+00
13828,1.39,2026-05-24 20:11:03.141647+00
13829,1.23,2026-05-24 20:11:18.952366+00
13830,1.49,2026-05-24 20:11:34.67619+00
13831,1.2,2026-05-24 20:11:50.480143+00
13832,8.06,2026-05-24 20:12:31.095684+00
13833,3.19,2026-05-24 20:12:55.625007+00
13834,23.48,2026-05-24 20:13:52.479993+00
13835,1.9,2026-05-24 20:14:08.851896+00
13836,1.85,2026-05-24 20:15:05.926242+00
13837,1.08,2026-05-24 20:15:22.086295+00
13838,1.42,2026-05-24 20:15:37.916267+00
13839,1.02,2026-05-24 20:15:53.682665+00
13840,1.05,2026-05-24 20:16:09.462691+00
13841,1.83,2026-05-24 20:16:25.134085+00
13842,2,2026-05-24 20:16:48.662291+00
13843,1.18,2026-05-24 20:17:04.705484+00
13844,9.99,2026-05-24 20:17:45.256039+00
13845,181.81,2026-05-24 20:19:06.180105+00
13846,3.86,2026-05-24 20:19:30.655385+00
13847,1.2,2026-05-24 20:19:47.004802+00
13848,1.41,2026-05-24 20:20:02.885806+00
13849,2.99,2026-05-24 20:20:34.270721+00
13850,3.15,2026-05-24 20:20:58.266952+00
13851,2.4,2026-05-24 20:21:22.661348+00
13852,13.64,2026-05-24 20:22:11.720053+00
13853,1.16,2026-05-24 20:22:28.117407+00
13854,1.39,2026-05-24 20:22:44.636801+00
13855,3.03,2026-05-24 20:23:08.514444+00
13856,3.22,2026-05-24 20:23:32.972658+00
13857,1.27,2026-05-24 20:23:49.21981+00
13858,1.03,2026-05-24 20:24:04.891698+00
13859,4.65,2026-05-24 20:24:36.009992+00
13860,2.91,2026-05-24 20:25:08.591036+00
13861,5.08,2026-05-24 20:25:41.176969+00
13862,4.94,2026-05-24 20:26:13.921816+00
13863,1.82,2026-05-24 20:26:30.223979+00
13864,5.66,2026-05-24 20:27:10.182054+00
13865,88.83,2026-05-24 20:28:14.910144+00
13866,1.03,2026-05-24 20:28:31.356092+00
13867,3.59,2026-05-24 20:28:55.442878+00
13868,4.29,2026-05-24 20:29:28.083368+00
13869,2.45,2026-05-24 20:29:52.62242+00
13870,3.05,2026-05-24 20:30:17.749996+00
13871,2.18,2026-05-24 20:30:42.235926+00
13872,4.22,2026-05-24 20:31:14.516593+00
13873,2.55,2026-05-24 20:31:39.141335+00
13874,2.29,2026-05-24 20:32:04.017094+00
13875,1.49,2026-05-24 20:32:20.661663+00
13876,3.61,2026-05-24 20:32:53.033996+00
13877,1.41,2026-05-24 20:33:09.595728+00
13878,1.09,2026-05-24 20:33:25.946365+00
13879,1.55,2026-05-24 20:33:42.472243+00
13880,6.9,2026-05-24 20:34:14.693806+00
13881,1.02,2026-05-24 20:34:31.304885+00
13882,1.02,2026-05-24 20:34:47.441393+00
13883,1.14,2026-05-24 20:34:55.342435+00
13884,19.33,2026-05-24 20:35:43.020617+00
13885,1.13,2026-05-24 20:35:59.514931+00
13886,1.6,2026-05-24 20:36:16.159465+00
13887,63.99,2026-05-24 20:37:29.05132+00
13888,1.74,2026-05-24 20:37:45.565726+00
13889,3.09,2026-05-24 20:38:10.277581+00
13890,9.06,2026-05-24 20:38:42.978906+00
13891,1.01,2026-05-24 20:38:59.517043+00
13892,2.69,2026-05-24 20:39:23.658184+00
13893,2.81,2026-05-24 20:39:48.264294+00
13894,48.31,2026-05-24 20:40:53.192743+00
13895,2.37,2026-05-24 20:41:17.9503+00
13896,14.11,2026-05-24 20:41:58.531921+00
13897,1.37,2026-05-24 20:42:23.412734+00
13898,2.3,2026-05-24 20:42:39.711811+00
13899,1.06,2026-05-24 20:42:56.019029+00
13900,1.29,2026-05-24 20:43:11.737918+00
13901,1.65,2026-05-24 20:43:35.917881+00
13902,8.38,2026-05-24 20:44:08.522609+00
13903,501,2026-05-24 20:45:46.230385+00
13904,1.32,2026-05-24 20:46:02.948804+00
13905,9.16,2026-05-24 20:46:43.827537+00
13906,4.79,2026-05-24 20:47:09.128441+00
13907,1.02,2026-05-24 20:47:25.584596+00
13908,1.65,2026-05-24 20:47:41.657069+00
13909,1.39,2026-05-24 20:48:05.515211+00
13910,1.65,2026-05-24 20:48:21.599315+00
13911,1.4,2026-05-24 20:48:37.950016+00
13912,1.44,2026-05-24 20:48:54.248366+00
13913,1.29,2026-05-24 20:49:10.82458+00
13914,1.81,2026-05-24 20:49:34.864974+00
13915,2.13,2026-05-24 20:49:59.132998+00
13916,2.03,2026-05-24 20:50:15.580631+00
13917,2.23,2026-05-24 20:50:40.016512+00
13918,6.45,2026-05-24 20:51:20.76496+00
13919,1.12,2026-05-24 20:51:28.94498+00
13920,1.33,2026-05-24 20:51:44.93457+00
13921,1.02,2026-05-24 20:52:00.70097+00
13922,1.53,2026-05-24 20:52:16.43797+00
13923,3.69,2026-05-24 20:52:47.792426+00
13924,2.56,2026-05-24 20:53:11.88734+00
13925,1.93,2026-05-24 20:53:36.602453+00
13926,2.28,2026-05-24 20:54:01.296938+00
13927,1.03,2026-05-24 20:54:09.560451+00
13928,9.19,2026-05-24 20:54:42.461781+00
13929,3.97,2026-05-24 20:55:15.222646+00
13930,334.99,2026-05-24 20:56:45.020291+00
13931,1.02,2026-05-24 20:56:53.185188+00
13932,22.31,2026-05-24 20:57:50.641025+00
13933,4.02,2026-05-24 20:58:15.35664+00
13934,1.58,2026-05-24 20:58:40.086289+00
13935,1.59,2026-05-24 20:58:56.686603+00
13936,14.38,2026-05-24 20:59:45.527445+00
13937,3.37,2026-05-24 21:00:10.288841+00
13938,4.55,2026-05-24 21:00:43.267001+00
13939,1.09,2026-05-24 21:01:00.026636+00
13940,1.01,2026-05-24 21:01:08.16827+00
13941,2.45,2026-05-24 21:01:31.844313+00
13942,4.59,2026-05-24 21:02:04.457068+00
13943,2.67,2026-05-24 21:02:29.153987+00
13944,1.36,2026-05-24 21:02:45.66486+00
13945,1.21,2026-05-24 21:03:01.972941+00
13946,1.07,2026-05-24 21:03:17.725392+00
13947,1.08,2026-05-24 21:03:33.49039+00
13948,13.41,2026-05-24 21:04:21.510983+00
13949,1.4,2026-05-24 21:04:37.919212+00
13950,1.53,2026-05-24 21:04:54.328638+00
13951,1.93,2026-05-24 21:05:10.974902+00
13952,4.19,2026-05-24 21:05:43.748014+00
13953,3.12,2026-05-24 21:06:16.460598+00
13954,1.55,2026-05-24 21:06:32.945952+00
13955,2.51,2026-05-24 21:06:57.842985+00
13956,1.39,2026-05-24 21:07:14.367933+00
13957,1.66,2026-05-24 21:07:30.45282+00
13958,6.79,2026-05-24 21:08:10.01345+00
13959,1.48,2026-05-24 21:08:26.4677+00
13960,7.22,2026-05-24 21:09:07.452005+00
13961,2.85,2026-05-24 21:09:32.627466+00
13962,1.1,2026-05-24 21:09:49.056805+00
13963,2.31,2026-05-24 21:10:13.843227+00
13964,11.67,2026-05-24 21:10:54.854597+00
13965,2.44,2026-05-24 21:11:19.423968+00
13966,8.38,2026-05-24 21:12:00.322156+00
13967,1.9,2026-05-24 21:12:16.613009+00
13968,2.02,2026-05-24 21:12:41.579027+00
13969,8.11,2026-05-24 21:13:22.560947+00
13970,2.48,2026-05-24 21:13:47.196334+00
13971,1.2,2026-05-24 21:14:03.982678+00
13972,1.22,2026-05-24 21:14:11.999831+00
13973,2.1,2026-05-24 21:14:43.713041+00
13974,1.2,2026-05-24 21:14:59.658686+00
13975,1.18,2026-05-24 21:15:07.946218+00
13976,1.05,2026-05-24 21:15:24.419273+00
13977,4.7,2026-05-24 21:15:57.233524+00
13978,1.97,2026-05-24 21:16:22.010412+00
13979,2.89,2026-05-24 21:16:46.448962+00
13980,3.54,2026-05-24 21:17:11.033733+00
13981,6.18,2026-05-24 21:17:52.070536+00
13982,1.39,2026-05-24 21:18:08.668825+00
13983,1.44,2026-05-24 21:18:24.992483+00
13984,1.07,2026-05-24 21:18:40.899919+00
13985,15.5,2026-05-24 21:19:28.494929+00
13986,1.26,2026-05-24 21:19:45.028789+00
13987,1.26,2026-05-24 21:20:01.473148+00
13988,1.75,2026-05-24 21:20:17.977995+00
13989,1.6,2026-05-24 21:20:34.330332+00
13990,1.05,2026-05-24 21:20:50.586486+00
13991,4.86,2026-05-24 21:21:22.076185+00
13992,12.02,2026-05-24 21:22:11.033633+00
13993,8.91,2026-05-24 21:22:51.996052+00
13994,1.14,2026-05-24 21:23:00.230701+00
13995,28.65,2026-05-24 21:23:57.500968+00
13996,1.12,2026-05-24 21:24:14.147478+00
13997,501,2026-05-24 21:25:42.998045+00
13998,1.24,2026-05-24 21:25:59.604087+00
13999,1.22,2026-05-24 21:26:16.306994+00
14000,1.13,2026-05-24 21:26:32.462318+00
14001,1.79,2026-05-24 21:26:48.290966+00
14002,1.09,2026-05-24 21:27:04.010034+00
14003,1.9,2026-05-24 21:27:27.799564+00
14004,4.42,2026-05-24 21:27:59.856523+00
14005,1.97,2026-05-24 21:28:16.1154+00
14006,2.15,2026-05-24 21:28:40.84545+00
14007,1.21,2026-05-24 21:28:57.138494+00
14008,19.72,2026-05-24 21:29:45.115243+00
14009,3.76,2026-05-24 21:30:51.158954+00
14010,1.95,2026-05-24 21:31:15.808368+00
14011,2.53,2026-05-24 21:31:40.267034+00
14012,1.36,2026-05-24 21:31:56.610394+00
14013,2.57,2026-05-24 21:32:21.445878+00
14014,1.43,2026-05-24 21:32:44.546559+00
14015,1.33,2026-05-24 21:32:52.499009+00
14016,1.14,2026-05-24 21:33:08.224356+00
14017,9.62,2026-05-24 21:34:20.648953+00
14018,1.31,2026-05-24 21:34:37.233153+00
14019,3.06,2026-05-24 21:35:02.094626+00
14020,1.5,2026-05-24 21:35:18.586939+00
14021,1.18,2026-05-24 21:35:34.67641+00
14022,1.04,2026-05-24 21:35:43.001192+00
14023,3.56,2026-05-24 21:36:15.997006+00
14024,1.74,2026-05-24 21:36:32.345979+00
14025,10.69,2026-05-24 21:37:21.364672+00
14026,1.73,2026-05-24 21:37:37.916795+00
14027,2.68,2026-05-24 21:38:02.10833+00
14028,1.75,2026-05-24 21:38:26.813967+00
14029,2.63,2026-05-24 21:38:51.087953+00
14030,6.97,2026-05-24 21:39:23.319048+00
14031,2.18,2026-05-24 21:39:47.993389+00
14032,1.07,2026-05-24 21:40:04.02667+00
14033,1.55,2026-05-24 21:40:19.859324+00
14034,9.34,2026-05-24 21:41:24.340294+00
14035,3.22,2026-05-24 21:41:24.340294+00
14036,1.1,2026-05-24 21:41:40.736198+00
14037,72.6,2026-05-24 21:42:45.825082+00
14038,2.62,2026-05-24 21:43:10.439045+00
14039,1.83,2026-05-24 21:43:26.8292+00
14040,1.52,2026-05-24 21:43:51.671893+00
14041,1.08,2026-05-24 21:43:59.743565+00
14042,1.81,2026-05-24 21:44:23.395797+00
14043,3.16,2026-05-24 21:44:46.970143+00
14044,1.54,2026-05-24 21:45:11.364023+00
14045,1.23,2026-05-24 21:45:27.874524+00
14046,1.45,2026-05-24 21:45:44.424616+00
14047,1.85,2026-05-24 21:46:00.387509+00
14048,1.59,2026-05-24 21:46:24.853454+00
14049,1.48,2026-05-24 21:46:41.30296+00
14050,16.36,2026-05-24 21:47:30.530988+00
14051,1.17,2026-05-24 21:47:38.776096+00
14052,2,2026-05-24 21:48:03.314496+00
14053,1.15,2026-05-24 21:48:19.787381+00
14054,1.82,2026-05-24 21:48:35.543055+00
14055,1.64,2026-05-24 21:48:59.417744+00
14056,4.14,2026-05-24 21:49:31.762746+00
14057,1.11,2026-05-24 21:49:48.151974+00
14058,2.53,2026-05-24 21:50:12.355296+00
14059,3.33,2026-05-24 21:50:36.893807+00
14060,2.13,2026-05-24 21:51:01.706241+00
14061,2.35,2026-05-24 21:51:25.958719+00
14062,10.51,2026-05-24 21:52:06.58805+00
14063,2.6,2026-05-24 21:52:31.55989+00
14064,7.82,2026-05-24 21:53:12.777616+00
14065,3.47,2026-05-24 21:53:37.299458+00
14066,1.98,2026-05-24 21:54:01.99453+00
14067,1.54,2026-05-24 21:54:18.26657+00
14068,1.3,2026-05-24 21:54:34.084262+00
14069,2.49,2026-05-24 21:54:57.753801+00
14070,1.98,2026-05-24 21:55:22.025182+00
14071,3.08,2026-05-24 21:55:46.523233+00
14072,7.16,2026-05-24 21:56:27.579554+00
14073,1.33,2026-05-24 21:56:44.213221+00
14074,1.83,2026-05-24 21:57:00.56568+00
14075,18.64,2026-05-24 21:57:49.530246+00
14076,2.99,2026-05-24 21:58:22.554892+00
14077,1.24,2026-05-24 21:58:39.106148+00
14078,15.23,2026-05-24 21:59:19.986839+00
14079,3.19,2026-05-24 21:59:53.046648+00
14080,2.14,2026-05-24 22:00:09.227747+00
14081,1.82,2026-05-24 22:00:33.846233+00
14082,2.08,2026-05-24 22:00:58.421627+00
14083,3.87,2026-05-24 22:01:22.815466+00
14084,4.31,2026-05-24 22:01:55.852277+00
14085,7.19,2026-05-24 22:02:36.910311+00
14086,3.51,2026-05-24 22:03:01.413983+00
14087,1.22,2026-05-24 22:03:17.982009+00
14088,7.2,2026-05-24 22:03:58.82792+00
14089,1.67,2026-05-24 22:04:15.294336+00
14090,1.28,2026-05-24 22:04:31.729068+00
14091,1.44,2026-05-24 22:04:47.681592+00
14092,1.03,2026-05-24 22:05:03.382879+00
14093,3.61,2026-05-24 22:05:34.847435+00
14094,3.32,2026-05-24 22:05:59.221842+00
14095,1.1,2026-05-24 22:06:15.730031+00
14096,1.79,2026-05-24 22:06:40.348123+00
14097,2.44,2026-05-24 22:07:04.711144+00
14098,2.69,2026-05-24 22:07:29.536708+00
14099,1.58,2026-05-24 22:07:46.031784+00
14100,1.27,2026-05-24 22:08:02.624057+00
14101,1.01,2026-05-24 22:08:10.842885+00
14102,61.19,2026-05-24 22:09:23.129746+00
14103,1.25,2026-05-24 22:09:31.356835+00
14104,1.28,2026-05-24 22:09:47.809642+00
14105,1.43,2026-05-24 22:10:11.943327+00
14106,16.39,2026-05-24 22:10:59.431041+00
14107,2.61,2026-05-24 22:11:24.238494+00
14108,1.09,2026-05-24 22:11:32.413954+00
14109,2.13,2026-05-24 22:11:57.037471+00
14110,2.82,2026-05-24 22:12:21.924542+00
14111,6.42,2026-05-24 22:13:02.66997+00
14112,1.16,2026-05-24 22:13:19.377599+00
14113,1.38,2026-05-24 22:13:35.997073+00
14114,2.53,2026-05-24 22:14:00.776345+00
14115,1.14,2026-05-24 22:14:08.889834+00
14116,1.04,2026-05-24 22:14:25.187947+00
14117,1.14,2026-05-24 22:14:41.006224+00
14118,1.65,2026-05-24 22:14:56.765803+00
14119,1.04,2026-05-24 22:15:12.74604+00
14120,38.32,2026-05-24 22:16:09.917948+00
14121,1.04,2026-05-24 22:16:26.352489+00
14122,1.29,2026-05-24 22:16:42.865615+00
14123,18.3,2026-05-24 22:17:31.876724+00
14124,4.06,2026-05-24 22:18:04.9581+00
14125,4.27,2026-05-24 22:18:29.632235+00
14126,8.46,2026-05-24 22:19:10.531791+00
14127,1.58,2026-05-24 22:19:35.226001+00
14128,2.92,2026-05-24 22:19:59.773729+00
14129,1.83,2026-05-24 22:20:16.058357+00
14130,4.7,2026-05-24 22:20:48.865886+00
14131,1.36,2026-05-24 22:21:05.345424+00
14132,1.25,2026-05-24 22:21:21.678332+00
14133,1.1,2026-05-24 22:21:37.526669+00
14134,3.23,2026-05-24 22:22:09.228227+00
14135,4.48,2026-05-24 22:22:42.091049+00
14136,13.11,2026-05-24 22:23:23.245541+00
14137,3.34,2026-05-24 22:23:47.878081+00
14138,1.91,2026-05-24 22:24:12.494616+00
14139,1.57,2026-05-24 22:24:28.872182+00
14140,1.68,2026-05-24 22:24:53.642644+00
14141,7.82,2026-05-24 22:25:26.409112+00
14142,1.05,2026-05-24 22:25:42.854088+00
14143,1.5,2026-05-24 22:25:59.347207+00
14144,1.08,2026-05-24 22:26:15.266275+00
14145,11.81,2026-05-24 22:27:02.642033+00
14146,1.45,2026-05-24 22:27:19.293526+00
14147,1.7,2026-05-24 22:27:35.660993+00
14148,2.61,2026-05-24 22:28:00.27806+00
14149,2.49,2026-05-24 22:28:24.693189+00
14150,1.06,2026-05-24 22:28:41.262179+00
14151,1.47,2026-05-24 22:28:57.727903+00
14152,61.15,2026-05-24 22:30:02.686893+00
14153,1.09,2026-05-24 22:30:19.199018+00
14154,2.62,2026-05-24 22:31:24.87578+00
14155,3.22,2026-05-24 22:31:49.503636+00
14156,2.83,2026-05-24 22:32:14.167931+00
14157,41.67,2026-05-24 22:33:10.702213+00
14158,1.14,2026-05-24 22:33:27.250433+00
14159,4.78,2026-05-24 22:34:00.130262+00
14160,1.69,2026-05-24 22:34:25.006357+00
14161,1.83,2026-05-24 22:34:41.403059+00
14162,2.92,2026-05-24 22:35:06.056942+00
14163,1.01,2026-05-24 22:35:22.676971+00
14164,2.96,2026-05-24 22:35:46.994588+00
14165,1.15,2026-05-24 22:36:03.555719+00
14166,10.74,2026-05-24 22:36:43.880684+00
14167,3.95,2026-05-24 22:37:16.909379+00
14168,2.14,2026-05-24 22:37:41.695951+00
14169,1.99,2026-05-24 22:37:58.188186+00
14170,2.22,2026-05-24 22:38:22.891406+00
14171,2.97,2026-05-24 22:38:47.863088+00
14172,1.79,2026-05-24 22:39:12.622722+00
14173,1.6,2026-05-24 22:39:29.090009+00
14174,1.75,2026-05-24 22:39:53.961706+00
14175,1.41,2026-05-24 22:40:10.384523+00
14176,2.2,2026-05-24 22:40:26.620446+00
14177,32.62,2026-05-24 22:41:23.522458+00
14178,1.09,2026-05-24 22:41:40.039429+00
14179,1.32,2026-05-24 22:41:56.666029+00
14180,3.93,2026-05-24 22:42:29.167459+00
14181,40.84,2026-05-24 22:43:25.722588+00
14182,6.79,2026-05-24 22:44:07.025875+00
14183,1.12,2026-05-24 22:44:15.358079+00
14184,14.42,2026-05-24 22:45:04.373112+00
14185,1.03,2026-05-24 22:45:20.911066+00
14186,2.45,2026-05-24 22:45:45.656209+00
14187,1.3,2026-05-24 22:46:02.142948+00
14188,2.58,2026-05-24 22:46:26.750522+00
14189,2.34,2026-05-24 22:46:51.525407+00
14190,2.94,2026-05-24 22:47:16.211353+00
14191,2.87,2026-05-24 22:47:41.122481+00
14192,1.08,2026-05-24 22:47:57.721121+00
14193,1.53,2026-05-24 22:48:14.190759+00
14194,1.14,2026-05-24 22:48:30.109816+00
14195,1.57,2026-05-24 22:48:45.936766+00
14196,1.55,2026-05-24 22:49:01.92143+00
14197,4.62,2026-05-24 22:49:34.630117+00
14198,1.31,2026-05-24 22:49:51.197083+00
14199,1.08,2026-05-24 22:50:07.698691+00
14200,1.41,2026-05-24 22:50:24.137639+00
14201,1.01,2026-05-24 22:50:40.561975+00
14202,9.06,2026-05-24 22:51:12.96883+00
14203,6.62,2026-05-24 22:51:45.69796+00
14204,1.02,2026-05-24 22:52:02.140604+00
14205,1.56,2026-05-24 22:52:18.549424+00
14206,1.25,2026-05-24 22:52:34.52495+00
14207,3.51,2026-05-24 22:53:06.57069+00
14208,2.4,2026-05-24 22:53:31.32253+00
14209,1.15,2026-05-24 22:53:47.876899+00
14210,2.98,2026-05-24 22:54:12.356737+00
14211,9.01,2026-05-24 22:54:53.360521+00
14212,1.05,2026-05-24 22:55:01.644303+00
14213,1.19,2026-05-24 22:55:17.983453+00
14214,1.32,2026-05-24 22:55:34.312985+00
14215,2.82,2026-05-24 22:55:58.887476+00
14216,1.95,2026-05-24 22:56:23.793809+00
14217,1.67,2026-05-24 22:56:40.217077+00
14218,4.78,2026-05-24 22:57:12.966982+00
14219,9.61,2026-05-24 22:57:54.177627+00
14220,7.9,2026-05-24 22:58:26.774939+00
14221,7.9,2026-05-24 22:59:07.718914+00
14222,2.46,2026-05-24 22:59:32.317398+00
14223,2,2026-05-24 22:59:56.949355+00
14224,23.32,2026-05-24 23:00:45.793057+00
14225,1.06,2026-05-24 23:01:35.102718+00
14226,2.05,2026-05-24 23:01:59.950749+00
14227,3.85,2026-05-24 23:02:24.550942+00
14228,1.08,2026-05-24 23:02:41.182822+00
14229,3.15,2026-05-24 23:03:05.844741+00
14230,1.23,2026-05-24 23:03:22.351623+00
14231,1.82,2026-05-24 23:03:46.970728+00
14232,15.81,2026-05-24 23:04:36.041434+00
14233,2.31,2026-05-24 23:04:52.895447+00
14234,3.35,2026-05-24 23:05:25.951668+00
14235,3.13,2026-05-24 23:05:50.666831+00
14236,1.98,2026-05-24 23:06:15.474203+00
14237,2.12,2026-05-24 23:06:40.265065+00
14238,1.4,2026-05-24 23:06:56.685812+00
14239,2.05,2026-05-24 23:07:21.429887+00
14240,1.49,2026-05-24 23:07:37.835068+00
14241,2.07,2026-05-24 23:08:02.661466+00
14242,3.37,2026-05-24 23:08:27.308913+00
14243,6.93,2026-05-24 23:09:08.437174+00
14244,1.07,2026-05-24 23:09:16.580657+00
14245,1.6,2026-05-24 23:09:41.396958+00
14246,1.28,2026-05-24 23:09:49.652661+00
14247,12,2026-05-24 23:10:38.851021+00
14248,1.03,2026-05-24 23:10:46.997728+00
14249,4.63,2026-05-24 23:11:19.865242+00
14250,1.67,2026-05-24 23:11:44.748724+00
14251,2.69,2026-05-24 23:12:09.293984+00
14252,7.66,2026-05-24 23:12:50.087375+00
14253,3.07,2026-05-24 23:13:14.779058+00
14254,1.22,2026-05-24 23:13:31.370681+00
14255,1.52,2026-05-24 23:13:47.875094+00
14256,2.43,2026-05-24 23:14:12.610926+00
14257,9.4,2026-05-24 23:14:45.784817+00
14258,32.32,2026-05-24 23:15:43.364194+00
14259,2.46,2026-05-24 23:16:08.068175+00
14260,2.09,2026-05-24 23:16:32.914617+00
14261,1.98,2026-05-24 23:16:49.235933+00
14262,2.01,2026-05-24 23:17:14.018078+00
14263,3.93,2026-05-24 23:17:46.816031+00
14264,3.43,2026-05-24 23:18:11.558032+00
14265,6.79,2026-05-24 23:18:52.659731+00
14266,1.9,2026-05-24 23:19:08.983698+00
14267,1.03,2026-05-24 23:19:25.469114+00
14268,1.03,2026-05-24 23:19:33.6888+00
14269,1.23,2026-05-24 23:19:50.146645+00
14270,2.65,2026-05-24 23:20:14.536021+00
14271,1.15,2026-05-24 23:20:31.040082+00
14272,1.21,2026-05-24 23:20:47.64601+00
14273,1.01,2026-05-24 23:21:04.064711+00
14274,1.56,2026-05-24 23:21:20.501819+00
14275,21,2026-05-24 23:22:09.38573+00
14276,1.9,2026-05-24 23:22:33.998979+00
14277,1.78,2026-05-24 23:22:50.556551+00
14278,3.41,2026-05-24 23:23:23.52751+00
14279,3.46,2026-05-24 23:23:48.064429+00
14280,3.01,2026-05-24 23:24:12.691931+00
14281,6.11,2026-05-24 23:24:53.803144+00
14282,4.86,2026-05-24 23:25:26.723527+00
14283,1.56,2026-05-24 23:25:43.173094+00
14284,8.42,2026-05-24 23:26:24.411608+00
14285,6.99,2026-05-24 23:26:57.181876+00
14286,4.8,2026-05-24 23:27:30.209901+00
14287,62.66,2026-05-24 23:28:35.296797+00
14288,1.34,2026-05-24 23:28:51.747964+00
14289,1.15,2026-05-24 23:29:08.311165+00
14290,2.51,2026-05-24 23:29:33.009248+00
14291,7.59,2026-05-24 23:30:13.912978+00
14292,21.58,2026-05-24 23:31:02.530293+00
14293,3.77,2026-05-24 23:31:35.924742+00
14294,2.6,2026-05-24 23:32:00.804147+00
14295,1.44,2026-05-24 23:32:17.313112+00
14296,51.75,2026-05-24 23:33:22.688051+00
14297,2.09,2026-05-24 23:33:39.014337+00
14298,3.9,2026-05-24 23:34:12.061243+00
14299,1.75,2026-05-24 23:34:28.573062+00
14300,2.17,2026-05-24 23:34:53.428235+00
14301,1.59,2026-05-24 23:35:09.873205+00
14302,2.18,2026-05-24 23:35:42.928791+00
14303,1.61,2026-05-24 23:35:59.534483+00
14304,1.04,2026-05-24 23:36:16.126341+00
14305,1.41,2026-05-24 23:36:32.647742+00
14306,1.08,2026-05-24 23:36:40.793637+00
14307,1.46,2026-05-24 23:36:57.292129+00
14308,4.1,2026-05-24 23:37:29.983074+00
14309,4.39,2026-05-24 23:38:02.777721+00
14310,28.03,2026-05-24 23:39:00.298692+00
14311,17.91,2026-05-24 23:39:49.285045+00
14312,2.54,2026-05-24 23:40:13.953876+00
14313,9.19,2026-05-24 23:40:47.275502+00
14314,1.06,2026-05-24 23:41:03.87871+00
14315,1.97,2026-05-24 23:41:20.338019+00
14316,3.17,2026-05-24 23:41:44.97405+00
14317,1.49,2026-05-24 23:42:10.130436+00
14318,1.11,2026-05-24 23:42:18.347008+00
14319,4.24,2026-05-24 23:42:51.149585+00
14320,1.49,2026-05-24 23:43:07.561257+00
14321,1.3,2026-05-24 23:43:23.985115+00
14322,1.39,2026-05-24 23:43:40.546925+00
14323,2.31,2026-05-24 23:44:05.032503+00
14324,2.86,2026-05-24 23:44:29.744414+00
14325,2.19,2026-05-24 23:44:54.406812+00
14326,1.39,2026-05-24 23:45:10.926737+00
14327,7.69,2026-05-24 23:45:52.162675+00
14328,1.9,2026-05-24 23:46:16.939484+00
14329,1.26,2026-05-24 23:46:33.372033+00
14330,2.38,2026-05-24 23:46:49.655087+00
14331,1.14,2026-05-24 23:47:05.938727+00
14332,6.02,2026-05-24 23:47:46.925064+00
14333,1.59,2026-05-24 23:48:03.373979+00
14334,1.1,2026-05-24 23:48:19.934031+00
14335,1.65,2026-05-24 23:48:36.418945+00
14336,2.1,2026-05-24 23:49:01.053544+00
14337,22.7,2026-05-24 23:49:49.709282+00
14338,1.07,2026-05-24 23:50:06.246751+00
14339,2.36,2026-05-24 23:50:31.296976+00
14340,3.6,2026-05-24 23:51:04.466863+00
14341,99.14,2026-05-24 23:52:09.201692+00
14342,1.08,2026-05-24 23:52:25.713192+00
14343,4.4,2026-05-24 23:52:58.663546+00
14344,1.01,2026-05-24 23:53:06.915992+00
14345,2.14,2026-05-24 23:53:31.698926+00
14346,1.02,2026-05-24 23:53:48.13088+00
14347,9.09,2026-05-24 23:54:21.159221+00
14348,2.41,2026-05-24 23:55:10.389953+00
14349,2.06,2026-05-24 23:55:10.389953+00
14350,1.32,2026-05-24 23:55:26.83805+00
14351,123.6,2026-05-24 23:56:39.970046+00
14352,9.23,2026-05-24 23:57:21.13949+00
14353,1.34,2026-05-24 23:57:38.046742+00
14354,6.76,2026-05-24 23:58:11.02892+00
14355,9.2,2026-05-24 23:58:43.66023+00
14356,3.32,2026-05-24 23:59:16.697642+00
14357,9.73,2026-05-24 23:59:57.877782+00
14358,4.98,2026-05-25 00:00:30.892976+00
14359,53.9,2026-05-25 00:01:27.853722+00
14360,1.1,2026-05-25 00:01:44.325118+00
14361,9.11,2026-05-25 00:02:17.045595+00
14362,1.09,2026-05-25 00:02:33.601387+00
14363,19.3,2026-05-25 00:03:22.700536+00
14364,2.41,2026-05-25 00:04:12.016479+00
14365,2.56,2026-05-25 00:04:12.016479+00
14366,2.15,2026-05-25 00:04:36.706717+00
14367,7.69,2026-05-25 00:05:17.674143+00
14368,27.62,2026-05-25 00:06:06.492687+00
14369,1.18,2026-05-25 00:06:23.019689+00
14370,4.39,2026-05-25 00:06:55.807804+00
14371,1.18,2026-05-25 00:07:12.222553+00
14372,9.39,2026-05-25 00:07:44.966666+00
14373,1.7,2026-05-25 00:08:01.377215+00
14374,1.06,2026-05-25 00:08:17.943718+00
14375,1.77,2026-05-25 00:08:42.690347+00
14376,2.07,2026-05-25 00:08:59.084604+00
14377,4.56,2026-05-25 00:09:31.763196+00
14378,11.46,2026-05-25 00:10:20.509068+00
14379,1.4,2026-05-25 00:10:37.009227+00
14380,3.15,2026-05-25 00:11:01.904087+00
14381,27.25,2026-05-25 00:11:59.08603+00
14382,3.73,2026-05-25 00:12:23.595087+00
14383,14.07,2026-05-25 00:13:12.589529+00
14384,1.45,2026-05-25 00:13:29.335974+00
14385,1.74,2026-05-25 00:13:45.959915+00
14386,2.11,2026-05-25 00:14:10.628373+00
14387,1.4,2026-05-25 00:14:26.966037+00
14388,2.17,2026-05-25 00:14:51.838353+00
14389,2.24,2026-05-25 00:15:16.660825+00
14390,1.33,2026-05-25 00:15:32.999987+00
14391,1.89,2026-05-25 00:15:49.347358+00
14392,1.05,2026-05-25 00:16:05.873427+00
14393,1.76,2026-05-25 00:16:30.594868+00
14394,2.15,2026-05-25 00:16:47.01617+00
14395,2.35,2026-05-25 00:17:11.821747+00
14396,3.7,2026-05-25 00:17:44.914949+00
14397,9.99,2026-05-25 00:18:26.07827+00
14398,1.81,2026-05-25 00:18:42.408404+00
14399,4.69,2026-05-25 00:19:15.050626+00
14400,2.52,2026-05-25 00:19:39.627183+00
14401,4.28,2026-05-25 00:20:12.568174+00
14402,1.26,2026-05-25 00:20:29.208518+00
14403,1.28,2026-05-25 00:20:45.707735+00
14404,1.33,2026-05-25 00:21:02.281224+00
14405,3.39,2026-05-25 00:21:26.851364+00
14406,1.14,2026-05-25 00:21:43.286924+00
14407,3.83,2026-05-25 00:22:16.225803+00
14408,1.55,2026-05-25 00:22:32.697884+00
14409,1.06,2026-05-25 00:22:49.195067+00
14410,1.5,2026-05-25 00:23:05.623475+00
14411,2.42,2026-05-25 00:24:03.119637+00
14412,7.36,2026-05-25 00:24:03.119637+00
14413,1.05,2026-05-25 00:24:19.881996+00
14414,1.82,2026-05-25 00:24:44.51189+00
14415,3.42,2026-05-25 00:25:09.323256+00
14416,1.08,2026-05-25 00:25:25.704785+00
14417,1.28,2026-05-25 00:25:42.17896+00
14418,2.37,2026-05-25 00:26:06.744084+00
14419,1.99,2026-05-25 00:26:23.164059+00
14420,2.18,2026-05-25 00:26:47.802954+00
14421,5.64,2026-05-25 00:27:20.589137+00
14422,2.05,2026-05-25 00:27:45.443963+00
14423,29.06,2026-05-25 00:28:42.640957+00
14424,1.69,2026-05-25 00:28:59.158991+00
14425,1.44,2026-05-25 00:29:15.490444+00
14426,4.83,2026-05-25 00:29:48.290192+00
14427,1.63,2026-05-25 00:30:13.141274+00
14428,1.82,2026-05-25 00:31:02.324636+00
14429,1.38,2026-05-25 00:31:18.754141+00
14430,1.72,2026-05-25 00:31:43.359967+00
14431,6.88,2026-05-25 00:32:15.80217+00
14432,27.63,2026-05-25 00:33:13.131923+00
14433,1.37,2026-05-25 00:33:29.744709+00
14434,2.1,2026-05-25 00:33:54.478641+00
14435,1.42,2026-05-25 00:34:11.13265+00
14436,2.89,2026-05-25 00:34:44.030738+00
14437,1.31,2026-05-25 00:34:52.200959+00
14438,2.06,2026-05-25 00:35:16.709119+00
14439,1.57,2026-05-25 00:35:33.056198+00
14440,2.13,2026-05-25 00:35:57.72268+00
14441,2.27,2026-05-25 00:36:22.419241+00
14442,3.3,2026-05-25 00:36:46.990783+00
14443,1.15,2026-05-25 00:37:03.29805+00
14444,1.42,2026-05-25 00:37:19.654132+00
14445,1.01,2026-05-25 00:37:36.06533+00
14446,2.6,2026-05-25 00:38:00.692557+00
14447,2.25,2026-05-25 00:38:25.396151+00
14448,1.95,2026-05-25 00:38:49.966164+00
14449,2.66,2026-05-25 00:39:14.968635+00
14450,1.22,2026-05-25 00:39:23.185623+00
14451,2.39,2026-05-25 00:39:47.810789+00
14452,1.37,2026-05-25 00:40:04.060472+00
14453,8.3,2026-05-25 00:40:44.76939+00
14454,1.49,2026-05-25 00:41:09.420034+00
14455,2.69,2026-05-25 00:41:34.131564+00
14456,1.19,2026-05-25 00:41:42.303988+00
14457,3.06,2026-05-25 00:42:15.376035+00
14458,1.52,2026-05-25 00:42:31.888959+00
14459,2.04,2026-05-25 00:42:56.857901+00
14460,2.26,2026-05-25 00:43:13.243008+00
14461,8.22,2026-05-25 00:43:53.842864+00
14462,1.01,2026-05-25 00:44:10.356402+00
14463,3.02,2026-05-25 00:44:34.821489+00
14464,2.89,2026-05-25 00:44:59.504992+00
14465,120.03,2026-05-25 00:46:12.806407+00
14466,1.87,2026-05-25 00:46:37.49443+00
14467,1.12,2026-05-25 00:46:54.1005+00
14468,1.31,2026-05-25 00:47:10.638437+00
14469,32.04,2026-05-25 00:48:07.491666+00
14470,2.42,2026-05-25 00:48:56.752537+00
14471,2.1,2026-05-25 00:48:56.752537+00
14472,2.1,2026-05-25 00:49:21.393612+00
14473,1.59,2026-05-25 00:49:37.602237+00
14474,2.14,2026-05-25 00:50:02.336469+00
14475,9.05,2026-05-25 00:50:43.315501+00
14476,1.69,2026-05-25 00:50:59.792542+00
14477,2.46,2026-05-25 00:51:24.501028+00
14478,2.09,2026-05-25 00:51:49.119516+00
14479,1.29,2026-05-25 00:52:05.592943+00
14480,9.98,2026-05-25 00:52:46.422192+00
14481,1.56,2026-05-25 00:53:02.994177+00
14482,1.05,2026-05-25 00:53:19.524196+00
14483,9.08,2026-05-25 00:53:52.493967+00
14484,2.59,2026-05-25 00:54:17.157575+00
14485,3.23,2026-05-25 00:54:49.974887+00
14486,1.07,2026-05-25 00:54:58.131028+00
14487,2.41,2026-05-25 00:55:47.604475+00
14488,2.52,2026-05-25 00:55:47.604475+00
14489,1.3,2026-05-25 00:56:04.020024+00
14490,3.9,2026-05-25 00:56:37.064314+00
14491,3.4,2026-05-25 00:57:01.693993+00
14492,1.45,2026-05-25 00:57:18.058583+00
14493,2.91,2026-05-25 00:57:50.940251+00
14494,17.77,2026-05-25 00:58:39.732389+00
14495,5.84,2026-05-25 00:59:12.387469+00
14496,2.56,2026-05-25 00:59:37.296075+00
14497,1.25,2026-05-25 00:59:53.845154+00
14498,1.5,2026-05-25 01:00:10.430576+00
14499,2.19,2026-05-25 01:00:35.323361+00
14500,7.35,2026-05-25 01:01:08.139894+00
14501,16.08,2026-05-25 01:01:56.931951+00
14502,3.47,2026-05-25 01:02:29.87323+00
14503,1.85,2026-05-25 01:02:46.54825+00
14504,1.07,2026-05-25 01:03:03.218026+00
14505,9.98,2026-05-25 01:03:44.440564+00
14506,1.72,2026-05-25 01:04:01.001817+00
14507,1.25,2026-05-25 01:04:17.495415+00
14508,4.39,2026-05-25 01:04:50.231615+00
14509,17.34,2026-05-25 01:05:38.919204+00
14510,3.59,2026-05-25 01:06:11.937715+00
14511,3.09,2026-05-25 01:06:36.832664+00
14512,1.15,2026-05-25 01:06:53.407277+00
14513,159.66,2026-05-25 01:08:10.935061+00
14514,2.12,2026-05-25 01:08:27.858938+00
14515,1.31,2026-05-25 01:08:46.022911+00
14516,1.38,2026-05-25 01:09:02.674278+00
14517,1.18,2026-05-25 01:09:19.187032+00
14518,1.55,2026-05-25 01:09:35.626034+00
14519,1.39,2026-05-25 01:09:52.069896+00
14520,1.44,2026-05-25 01:10:16.817963+00
14521,4.17,2026-05-25 01:10:41.343577+00
14522,2.07,2026-05-25 01:11:06.089252+00
14523,4.47,2026-05-25 01:11:39.088038+00
14524,2.57,2026-05-25 01:12:03.944016+00
14525,2.53,2026-05-25 01:12:28.857707+00
14526,1.3,2026-05-25 01:12:45.406087+00
14527,1.06,2026-05-25 01:12:53.684458+00
14528,9.07,2026-05-25 01:13:34.580896+00
14529,1.98,2026-05-25 01:13:50.85702+00
14530,2.15,2026-05-25 01:14:15.723528+00
14531,1.12,2026-05-25 01:14:32.249915+00
14532,1.56,2026-05-25 01:14:48.814226+00
14533,1.32,2026-05-25 01:15:05.460301+00
14534,1.05,2026-05-25 01:15:21.949449+00
14535,3.82,2026-05-25 01:15:46.593822+00
14536,2,2026-05-25 01:16:11.511746+00
14537,1.05,2026-05-25 01:16:28.120842+00
14538,2.28,2026-05-25 01:16:44.430002+00
14539,1.56,2026-05-25 01:17:09.186167+00
14540,2.32,2026-05-25 01:17:33.804296+00
14541,2.52,2026-05-25 01:17:58.4282+00
14542,2.81,2026-05-25 01:18:23.36953+00
14543,79,2026-05-25 01:19:28.54619+00
14544,4.84,2026-05-25 01:20:01.392986+00
14545,4.78,2026-05-25 01:20:34.098652+00
14546,1.05,2026-05-25 01:20:50.714781+00
14547,1.58,2026-05-25 01:21:07.091203+00
14548,9.42,2026-05-25 01:21:48.364465+00
14549,27.26,2026-05-25 01:22:45.408072+00
14550,1.42,2026-05-25 01:23:02.079933+00
14551,1.07,2026-05-25 01:23:10.37653+00
14552,1.2,2026-05-25 01:23:26.888485+00
14553,1.19,2026-05-25 01:23:43.22668+00
14554,1.44,2026-05-25 01:23:59.662396+00
14555,3.12,2026-05-25 01:24:32.67243+00
14556,1.04,2026-05-25 01:24:40.948221+00
14557,2.97,2026-05-25 01:25:13.990688+00
14558,1.38,2026-05-25 01:25:30.718684+00
14559,10.94,2026-05-25 01:26:11.943551+00
14560,3.28,2026-05-25 01:26:37.004456+00
14561,16.87,2026-05-25 01:27:26.08252+00
14562,1.33,2026-05-25 01:27:42.503642+00
14563,1.22,2026-05-25 01:27:58.993983+00
14564,1.16,2026-05-25 01:28:15.465478+00
14565,3.04,2026-05-25 01:28:40.078768+00
14566,1.02,2026-05-25 01:28:56.483707+00
14567,1.97,2026-05-25 01:29:12.998511+00
14568,1.69,2026-05-25 01:29:37.739035+00
14569,1.48,2026-05-25 01:29:54.449506+00
14570,1.61,2026-05-25 01:30:10.867619+00
14571,40.52,2026-05-25 01:31:16.196556+00
14572,1.04,2026-05-25 01:31:24.386888+00
14573,3.1,2026-05-25 01:31:57.240516+00
14574,15.53,2026-05-25 01:32:37.800444+00
14575,4.6,2026-05-25 01:33:10.584781+00
14576,1.12,2026-05-25 01:33:27.048005+00
14577,9.17,2026-05-25 01:33:59.777988+00
14578,1.2,2026-05-25 01:34:16.266751+00
14579,24.71,2026-05-25 01:35:13.519019+00
14580,1.21,2026-05-25 01:35:21.708314+00
14581,4.78,2026-05-25 01:35:54.537181+00
14582,1.55,2026-05-25 01:36:19.162976+00
14583,11.47,2026-05-25 01:37:00.07785+00
14584,1.4,2026-05-25 01:37:16.684885+00
14585,1.06,2026-05-25 01:37:33.118516+00
14586,1.68,2026-05-25 01:37:49.656822+00
14587,1.21,2026-05-25 01:38:06.213812+00
14588,8.05,2026-05-25 01:38:47.359871+00
14589,3.2,2026-05-25 01:39:11.986851+00
14590,18.5,2026-05-25 01:40:00.75916+00
14591,1.44,2026-05-25 01:40:17.179249+00
14592,1.04,2026-05-25 01:40:33.723411+00
14593,1.52,2026-05-25 01:40:50.203081+00
14594,5.6,2026-05-25 01:41:22.85543+00
14595,1.15,2026-05-25 01:41:39.442191+00
14596,4.24,2026-05-25 01:42:12.388666+00
14597,30.56,2026-05-25 01:43:09.909238+00
14598,1.45,2026-05-25 01:43:26.180946+00
14599,1.18,2026-05-25 01:43:42.691222+00
14600,2.12,2026-05-25 01:44:07.364183+00
14601,10.32,2026-05-25 01:44:48.422665+00
14602,2.53,2026-05-25 01:45:13.182645+00
14603,3.48,2026-05-25 01:45:46.206787+00
14604,9.68,2026-05-25 01:46:27.111145+00
14605,1.71,2026-05-25 01:46:43.552714+00
14606,2.84,2026-05-25 01:47:08.162707+00
14607,1.35,2026-05-25 01:47:24.578808+00
14608,1.05,2026-05-25 01:47:41.153806+00
14609,1.12,2026-05-25 01:47:57.698257+00
14610,10.13,2026-05-25 01:48:38.695771+00
14611,1.11,2026-05-25 01:48:55.251159+00
14612,1.51,2026-05-25 01:49:11.773921+00
14613,1.08,2026-05-25 01:49:20.000918+00
14614,1.61,2026-05-25 01:49:44.670614+00
14615,2.39,2026-05-25 01:50:09.279132+00
14616,1.27,2026-05-25 01:50:25.875921+00
14617,4.86,2026-05-25 01:50:58.605285+00
14618,13.64,2026-05-25 01:51:39.365159+00
14619,13.8,2026-05-25 01:52:28.592488+00
14620,6.19,2026-05-25 01:53:01.368699+00
14621,1.01,2026-05-25 01:53:17.969405+00
14622,1.97,2026-05-25 01:53:34.422036+00
14623,1.26,2026-05-25 01:53:50.80306+00
14624,2.11,2026-05-25 01:54:15.536026+00
14625,3.54,2026-05-25 01:54:48.555935+00
14626,1.92,2026-05-25 01:55:04.953737+00
14627,1.67,2026-05-25 01:55:29.949951+00
14628,1.01,2026-05-25 01:55:38.185401+00
14629,1.39,2026-05-25 01:55:54.641114+00
14630,41.47,2026-05-25 01:56:59.703235+00
14631,40.85,2026-05-25 01:57:56.989567+00
14632,4.67,2026-05-25 01:58:30.232028+00
14633,8.97,2026-05-25 01:59:11.43721+00
14634,2.3,2026-05-25 01:59:27.912751+00
14635,2.17,2026-05-25 01:59:52.528352+00
14636,1.24,2026-05-25 02:00:08.915805+00
14637,2.62,2026-05-25 02:00:33.386005+00
14638,9.14,2026-05-25 02:01:06.211265+00
14639,1.76,2026-05-25 02:01:30.963024+00
14640,3.22,2026-05-25 02:01:55.601681+00
14641,2.17,2026-05-25 02:02:20.240737+00
14642,3.42,2026-05-25 02:02:44.753083+00
14643,2.12,2026-05-25 02:03:09.387991+00
14644,1.01,2026-05-25 02:03:25.771704+00
14645,1.01,2026-05-25 02:03:33.939909+00
14646,4.16,2026-05-25 02:04:06.536709+00
14647,20.64,2026-05-25 02:04:55.417751+00
14648,1.77,2026-05-25 02:05:20.1546+00
14649,6.01,2026-05-25 02:05:52.896139+00
14650,2.7,2026-05-25 02:06:17.47623+00
14651,7.1,2026-05-25 02:06:58.425412+00
14652,1.68,2026-05-25 02:07:14.93616+00
14653,2.37,2026-05-25 02:07:39.689836+00
14654,1.62,2026-05-25 02:08:04.401992+00
14655,1.18,2026-05-25 02:08:12.656309+00
14656,52.03,2026-05-25 02:09:17.735972+00
14657,1.04,2026-05-25 02:09:34.180935+00
14658,38.72,2026-05-25 02:10:31.37923+00
14659,2.05,2026-05-25 02:10:56.222786+00
14660,1.6,2026-05-25 02:11:12.479864+00
14661,9,2026-05-25 02:11:45.321893+00
14662,1.16,2026-05-25 02:12:01.828882+00
14663,9.24,2026-05-25 02:12:34.496619+00
14664,1.41,2026-05-25 02:12:51.030022+00
14665,1.19,2026-05-25 02:13:07.547359+00
14666,1.07,2026-05-25 02:13:24.086738+00
14667,2.32,2026-05-25 02:13:48.850188+00
14668,1.99,2026-05-25 02:14:05.361886+00
14669,1.52,2026-05-25 02:14:21.87313+00
14670,2.89,2026-05-25 02:14:54.872345+00
14671,1.18,2026-05-25 02:15:03.089892+00
14672,1.28,2026-05-25 02:15:19.549998+00
14673,1.29,2026-05-25 02:15:35.939601+00
14674,1.29,2026-05-25 02:16:33.292719+00
14675,1.11,2026-05-25 02:16:41.485223+00
14676,3.16,2026-05-25 02:17:14.368125+00
14677,9.4,2026-05-25 02:17:55.368818+00
14678,9.11,2026-05-25 02:18:36.122039+00
14679,1.12,2026-05-25 02:18:44.374063+00
14680,1.08,2026-05-25 02:19:00.69918+00
14681,1.38,2026-05-25 02:19:17.021087+00
14682,1.67,2026-05-25 02:19:41.784636+00
14683,1.12,2026-05-25 02:19:49.946335+00
14684,1.42,2026-05-25 02:20:06.321004+00
14685,2.14,2026-05-25 02:20:31.144222+00
14686,1.01,2026-05-25 02:20:47.656954+00
14687,2.11,2026-05-25 02:21:12.410362+00
14688,1.18,2026-05-25 02:21:20.575002+00
14689,2.68,2026-05-25 02:21:45.184968+00
14690,1.83,2026-05-25 02:22:09.861673+00
14691,36.18,2026-05-25 02:23:06.630736+00
14692,1.19,2026-05-25 02:23:23.242676+00
14693,30.85,2026-05-25 02:24:20.349429+00
14694,2.4,2026-05-25 02:24:44.886843+00
14695,11.66,2026-05-25 02:25:25.684806+00
14696,1.27,2026-05-25 02:25:42.210716+00
14697,4.98,2026-05-25 02:26:15.263906+00
14698,1.09,2026-05-25 02:26:31.813041+00
14699,4.29,2026-05-25 02:27:04.601773+00
14700,1.08,2026-05-25 02:27:12.905337+00
14701,2,2026-05-25 02:27:37.705214+00
14702,1.63,2026-05-25 02:27:54.147912+00
14703,6.44,2026-05-25 02:28:35.082611+00
14704,7.32,2026-05-25 02:29:07.744381+00
14705,1.43,2026-05-25 02:29:24.337195+00
14706,1.16,2026-05-25 02:29:40.840361+00
14707,3.12,2026-05-25 02:30:05.873883+00
14708,1.69,2026-05-25 02:30:30.714747+00
14709,3.16,2026-05-25 02:30:55.206425+00
14710,2.28,2026-05-25 02:31:20.158739+00
14711,9,2026-05-25 02:31:52.704626+00
14712,3.7,2026-05-25 02:32:58.003231+00
14713,1.19,2026-05-25 02:33:14.491752+00
14714,1.7,2026-05-25 02:33:31.011973+00
14715,1.69,2026-05-25 02:33:55.870221+00
14716,3.81,2026-05-25 02:34:20.464166+00
14717,1.03,2026-05-25 02:34:37.003018+00
14718,1.01,2026-05-25 02:34:53.504559+00
14719,1.12,2026-05-25 02:35:01.805864+00
14720,1.69,2026-05-25 02:35:26.34302+00
14721,2.22,2026-05-25 02:35:50.835528+00
14722,1.15,2026-05-25 02:35:58.990019+00
14723,2.45,2026-05-25 02:36:23.671967+00
14724,1.23,2026-05-25 02:36:40.085988+00
14725,1.72,2026-05-25 02:37:04.881792+00
14726,1.51,2026-05-25 02:37:21.441665+00
14727,22.51,2026-05-25 02:38:10.127975+00
14728,4.59,2026-05-25 02:38:42.714281+00
14729,1.02,2026-05-25 02:39:31.93958+00
14730,1.65,2026-05-25 02:39:56.643314+00
14731,2.21,2026-05-25 02:40:21.446129+00
14732,1.55,2026-05-25 02:40:37.941084+00
14733,1.36,2026-05-25 02:40:54.56558+00
14734,2.11,2026-05-25 02:41:19.290064+00
14735,1.49,2026-05-25 02:41:35.674832+00
14736,9.43,2026-05-25 02:42:16.333411+00
14737,7.53,2026-05-25 02:42:57.172904+00
14738,1.35,2026-05-25 02:43:13.819605+00
14739,1.08,2026-05-25 02:43:22.032989+00
14740,4.39,2026-05-25 02:43:54.824664+00
14741,1.5,2026-05-25 02:44:11.222007+00
14742,3.86,2026-05-25 02:44:44.033481+00
14743,2.83,2026-05-25 02:45:08.528506+00
14744,7.33,2026-05-25 02:45:49.61694+00
14745,1.47,2026-05-25 02:46:06.108616+00
14746,2.19,2026-05-25 02:46:30.949386+00
14747,2.29,2026-05-25 02:46:55.545691+00
14748,1.16,2026-05-25 02:47:03.763079+00
14749,1.06,2026-05-25 02:47:20.217897+00
14750,201.91,2026-05-25 02:48:41.601073+00
14751,4.69,2026-05-25 02:49:14.61114+00
14752,1.24,2026-05-25 02:49:31.1494+00
14753,1.29,2026-05-25 02:49:47.781166+00
14754,1.25,2026-05-25 02:50:04.300747+00
14755,139.03,2026-05-25 02:51:17.282876+00
14756,2.95,2026-05-25 02:51:42.121436+00
14757,1.27,2026-05-25 02:51:58.604731+00
14758,9.08,2026-05-25 02:52:31.386418+00
14759,3.12,2026-05-25 02:53:04.537032+00
14760,14.97,2026-05-25 02:53:53.543932+00
14761,1.02,2026-05-25 02:54:01.687211+00
14762,1.05,2026-05-25 02:54:18.171647+00
14763,76.77,2026-05-25 02:55:23.066977+00
14764,1.27,2026-05-25 02:55:39.584528+00
14765,17.85,2026-05-25 02:56:28.668064+00
14766,32.97,2026-05-25 02:57:25.633053+00
14767,1.77,2026-05-25 02:57:50.355577+00
14768,3.05,2026-05-25 02:58:15.312925+00
14769,2.98,2026-05-25 02:58:40.101458+00
14770,1.82,2026-05-25 02:59:04.921192+00
14771,1.02,2026-05-25 02:59:13.117078+00
14772,1.09,2026-05-25 02:59:29.662918+00
14773,2.04,2026-05-25 02:59:54.274007+00
14774,15.62,2026-05-25 03:00:34.879597+00
14775,11.49,2026-05-25 03:01:23.96299+00
14776,1.23,2026-05-25 03:01:40.547031+00
14777,2.94,2026-05-25 03:02:05.30692+00
14778,1.45,2026-05-25 03:02:21.852025+00
14779,1.09,2026-05-25 03:02:38.402385+00
14780,1.12,2026-05-25 03:02:54.822364+00
14781,6.9,2026-05-25 03:03:27.805728+00
14782,1.12,2026-05-25 03:03:44.415919+00
14783,2.57,2026-05-25 03:04:08.791789+00
14784,1.03,2026-05-25 03:04:25.234527+00
14785,1.42,2026-05-25 03:04:41.709156+00
14786,2.91,2026-05-25 03:05:06.205345+00
14787,1.69,2026-05-25 03:05:31.023429+00
14788,1.39,2026-05-25 03:05:47.589399+00
14789,1.29,2026-05-25 03:06:04.104213+00
14790,4.9,2026-05-25 03:06:37.033341+00
14791,2.29,2026-05-25 03:06:53.8595+00
14792,1.08,2026-05-25 03:07:10.267153+00
14793,6.93,2026-05-25 03:07:51.479975+00
14794,2.14,2026-05-25 03:08:16.24604+00
14795,9.96,2026-05-25 03:08:48.915882+00
14796,1.68,2026-05-25 03:09:13.486968+00
14797,1.6,2026-05-25 03:09:30.081388+00
14798,146.3,2026-05-25 03:10:43.348448+00
14799,1.09,2026-05-25 03:10:59.891122+00
14800,2.86,2026-05-25 03:11:24.644246+00
14801,1.09,2026-05-25 03:11:41.188647+00
14802,1.01,2026-05-25 03:11:49.416079+00
14803,1.23,2026-05-25 03:12:05.859223+00
14804,1.38,2026-05-25 03:12:22.370912+00
14805,2.7,2026-05-25 03:12:46.977654+00
14806,1.68,2026-05-25 03:13:11.777601+00
14807,1.11,2026-05-25 03:13:28.355174+00
14808,4.46,2026-05-25 03:13:53.097513+00
14809,1.93,2026-05-25 03:14:17.867406+00
14810,1.02,2026-05-25 03:14:34.373075+00
14811,2.73,2026-05-25 03:14:59.308987+00
14812,1.1,2026-05-25 03:15:07.552574+00
14813,1.01,2026-05-25 03:15:24.049502+00
14814,31.8,2026-05-25 03:16:21.042244+00
14815,1.03,2026-05-25 03:16:37.62906+00
14816,1.93,2026-05-25 03:16:54.102197+00
14817,1.01,2026-05-25 03:17:10.66073+00
14818,1.13,2026-05-25 03:17:19.021478+00
14819,1.22,2026-05-25 03:17:35.463878+00
14820,1.13,2026-05-25 03:17:51.861125+00
14821,16.83,2026-05-25 03:18:41.007244+00
14822,8.67,2026-05-25 03:19:21.889985+00
14823,16.26,2026-05-25 03:20:10.936991+00
14824,1.05,2026-05-25 03:20:19.228378+00
14825,1.01,2026-05-25 03:20:35.809085+00
14826,1.37,2026-05-25 03:20:52.440998+00
14827,1.54,2026-05-25 03:21:08.948383+00
14828,1.8,2026-05-25 03:21:33.644388+00
14829,7.31,2026-05-25 03:22:06.340163+00
14830,2.1,2026-05-25 03:22:30.956256+00
14831,13,2026-05-25 03:23:20.083582+00
14832,4.42,2026-05-25 03:23:53.034185+00
14833,1.17,2026-05-25 03:24:01.36001+00
14834,1.24,2026-05-25 03:24:17.840974+00
14835,1.91,2026-05-25 03:24:42.520654+00
14836,1.99,2026-05-25 03:24:59.002106+00
14837,1.57,2026-05-25 03:25:23.834395+00
14838,9.69,2026-05-25 03:25:56.85798+00
14839,2.94,2026-05-25 03:26:21.429705+00
14840,9.2,2026-05-25 03:26:54.023615+00
14841,3.87,2026-05-25 03:27:26.680728+00
14842,1.26,2026-05-25 03:27:43.269901+00
14843,2.7,2026-05-25 03:28:08.378303+00
14844,5.89,2026-05-25 03:28:41.22702+00
14845,13.12,2026-05-25 03:29:30.79092+00
14846,1.85,2026-05-25 03:29:47.247057+00
14847,1.03,2026-05-25 03:30:03.839608+00
14848,1.09,2026-05-25 03:30:20.513093+00
14849,1.07,2026-05-25 03:30:28.747986+00
14850,1.64,2026-05-25 03:30:53.68805+00
14851,3.99,2026-05-25 03:31:18.245235+00
14852,1.02,2026-05-25 03:31:34.687139+00
14853,30.52,2026-05-25 03:32:31.957133+00
14854,1.28,2026-05-25 03:32:48.647721+00
14855,5.89,2026-05-25 03:33:21.850011+00
14856,1.02,2026-05-25 03:33:38.521231+00
14857,1.15,2026-05-25 03:33:46.802148+00
14858,16.26,2026-05-25 03:34:35.923246+00
14859,1.77,2026-05-25 03:35:00.55303+00
14860,9.19,2026-05-25 03:35:33.35342+00
14861,3.23,2026-05-25 03:35:57.774973+00
14862,1.14,2026-05-25 03:36:14.294574+00
14863,1.62,2026-05-25 03:36:30.801508+00
14864,1.42,2026-05-25 03:36:47.319592+00
14865,1.43,2026-05-25 03:37:12.08003+00
14866,1.04,2026-05-25 03:37:20.333472+00
14867,1.67,2026-05-25 03:37:45.112885+00
14868,25.49,2026-05-25 03:38:34.107788+00
14869,1.13,2026-05-25 03:38:50.574207+00
14870,1.96,2026-05-25 03:39:15.225481+00
14871,12.05,2026-05-25 03:39:56.176515+00
14872,1.25,2026-05-25 03:40:12.753069+00
14873,1.53,2026-05-25 03:40:29.246448+00
14874,1.53,2026-05-25 03:40:45.77492+00
14875,1.17,2026-05-25 03:41:02.20469+00
14876,1.11,2026-05-25 03:41:18.891032+00
14877,1.16,2026-05-25 03:41:35.404131+00
14878,1.03,2026-05-25 03:41:43.560636+00
14879,1.03,2026-05-25 03:42:00.203869+00
14880,1.16,2026-05-25 03:42:16.743729+00
14881,2.02,2026-05-25 03:42:33.115032+00
14882,1.26,2026-05-25 03:42:49.645703+00
14883,4.94,2026-05-25 03:43:55.483203+00
14884,6.87,2026-05-25 03:44:36.65818+00
14885,3.11,2026-05-25 03:45:01.300998+00
14886,2.01,2026-05-25 03:45:26.287488+00
14887,1.2,2026-05-25 03:45:42.788944+00
14888,1.18,2026-05-25 03:45:59.399057+00
14889,1.73,2026-05-25 03:46:15.951439+00
14890,14.85,2026-05-25 03:47:05.068633+00
14891,1.05,2026-05-25 03:47:13.368823+00
14892,10.89,2026-05-25 03:48:02.461422+00
14893,2.06,2026-05-25 03:48:18.989277+00
14894,1.26,2026-05-25 03:48:35.550399+00
14895,9.52,2026-05-25 03:49:16.5519+00
14896,8.23,2026-05-25 03:49:57.627028+00
14897,2.11,2026-05-25 03:50:22.443366+00
14898,1.5,2026-05-25 03:50:38.807335+00
14899,1.01,2026-05-25 03:50:55.298967+00
14900,49.19,2026-05-25 03:51:51.898249+00
14901,1.37,2026-05-25 03:52:08.545917+00
14902,2.62,2026-05-25 03:52:33.116585+00
14903,1.16,2026-05-25 03:53:22.090367+00
14904,4.29,2026-05-25 03:53:54.655047+00
14905,1.34,2026-05-25 03:54:11.099628+00
14906,6.28,2026-05-25 03:54:52.373198+00
14907,5.6,2026-05-25 03:55:25.42482+00
14908,1.7,2026-05-25 03:55:41.836005+00
14909,9.01,2026-05-25 03:56:14.50574+00
14910,1.86,2026-05-25 03:56:39.213423+00
14911,1.41,2026-05-25 03:56:55.520865+00
14912,1.28,2026-05-25 03:57:11.866492+00
14913,3.97,2026-05-25 03:57:44.686043+00
14914,1.2,2026-05-25 03:57:52.922081+00
14915,1.41,2026-05-25 03:58:17.505412+00
14916,1.55,2026-05-25 03:58:33.986959+00
14917,1.14,2026-05-25 03:58:50.526655+00
14918,3.53,2026-05-25 03:59:15.170451+00
14919,9.06,2026-05-25 03:59:48.13212+00
14920,1.33,2026-05-25 04:00:04.525078+00
14921,8.48,2026-05-25 04:00:45.447611+00
14922,1.55,2026-05-25 04:01:01.851024+00
14923,1.39,2026-05-25 04:01:18.468963+00
14924,2.85,2026-05-25 04:01:51.428032+00
14925,3.19,2026-05-25 04:02:16.118946+00
14926,1.05,2026-05-25 04:02:32.741682+00
14927,1.15,2026-05-25 04:02:40.945363+00
14928,1.01,2026-05-25 04:02:57.386067+00
14929,1.03,2026-05-25 04:03:13.904964+00
14930,1.07,2026-05-25 04:03:22.08008+00
14931,1.63,2026-05-25 04:03:46.736733+00
14932,1.05,2026-05-25 04:03:54.861918+00
14933,4.11,2026-05-25 04:04:27.519978+00
14934,9.97,2026-05-25 04:05:08.414185+00
14935,1.05,2026-05-25 04:05:24.945249+00
14936,1.61,2026-05-25 04:05:41.406594+00
14937,1.27,2026-05-25 04:05:57.955932+00
14938,1.97,2026-05-25 04:06:22.850939+00
14939,9.42,2026-05-25 04:06:55.617187+00
14940,4.26,2026-05-25 04:07:28.475924+00
14941,6.68,2026-05-25 04:08:01.357128+00
14942,3.07,2026-05-25 04:08:25.97347+00
14943,2.35,2026-05-25 04:08:50.649576+00
14944,2.42,2026-05-25 04:09:48.213523+00
14945,3.05,2026-05-25 04:09:48.213523+00
14946,1.29,2026-05-25 04:10:04.642978+00
14947,1.68,2026-05-25 04:10:21.177828+00
14948,2.26,2026-05-25 04:10:45.757465+00
14949,1.21,2026-05-25 04:11:02.179483+00
14950,1.66,2026-05-25 04:11:18.710037+00
14951,8.28,2026-05-25 04:11:59.651045+00
14952,37.4,2026-05-25 04:12:56.787001+00
14953,1.24,2026-05-25 04:13:13.218056+00
14954,1.03,2026-05-25 04:13:21.517585+00
14955,1.02,2026-05-25 04:13:37.854686+00
14956,1.26,2026-05-25 04:13:54.27065+00
14957,58.33,2026-05-25 04:14:59.385931+00
14958,1.02,2026-05-25 04:15:16.058044+00
14959,1.25,2026-05-25 04:15:24.308655+00
14960,1.36,2026-05-25 04:15:40.859723+00
14961,9.96,2026-05-25 04:16:21.849325+00
14962,1.84,2026-05-25 04:16:38.253605+00
14963,1.8,2026-05-25 04:17:02.839077+00
14964,2.18,2026-05-25 04:17:27.564432+00
14965,2.89,2026-05-25 04:17:52.218571+00
14966,2.86,2026-05-25 04:18:16.979631+00
14967,2.48,2026-05-25 04:18:41.678674+00
14968,1.8,2026-05-25 04:18:58.05902+00
14969,1.4,2026-05-25 04:19:22.784043+00
14970,1.12,2026-05-25 04:19:31.025824+00
14971,2,2026-05-25 04:19:55.603353+00
14972,1.24,2026-05-25 04:20:12.039984+00
14973,1.61,2026-05-25 04:20:28.495655+00
14974,2.12,2026-05-25 04:20:53.174163+00
14975,1.08,2026-05-25 04:21:09.774811+00
14976,2.57,2026-05-25 04:21:34.295073+00
14977,1.13,2026-05-25 04:21:42.599411+00
14978,1.01,2026-05-25 04:21:59.18692+00
14979,3.28,2026-05-25 04:22:23.702719+00
14980,6.85,2026-05-25 04:23:04.822711+00
14981,3.85,2026-05-25 04:23:37.744527+00
14982,9.72,2026-05-25 04:24:18.348629+00
14983,2.65,2026-05-25 04:24:42.922383+00
14984,3.62,2026-05-25 04:25:07.436232+00
14985,1.27,2026-05-25 04:25:23.922161+00
14986,9.03,2026-05-25 04:25:56.57135+00
14987,1.04,2026-05-25 04:26:13.192019+00
14988,1.39,2026-05-25 04:26:29.5133+00
14989,2.16,2026-05-25 04:26:54.183264+00
14990,1.1,2026-05-25 04:27:10.564911+00
14991,1.56,2026-05-25 04:27:27.028472+00
14992,1.33,2026-05-25 04:27:43.437094+00
14993,9.12,2026-05-25 04:28:16.225369+00
14994,287.36,2026-05-25 04:29:37.046705+00
14995,1.66,2026-05-25 04:30:01.962885+00
14996,8.9,2026-05-25 04:30:43.059171+00
14997,1.27,2026-05-25 04:30:51.243001+00
14998,1.08,2026-05-25 04:31:08.020011+00
14999,3.07,2026-05-25 04:31:32.477887+00
15000,2.22,2026-05-25 04:31:57.156108+00
15001,2.58,2026-05-25 04:32:21.540025+00
15002,2.82,2026-05-25 04:32:46.120852+00
15003,1.76,2026-05-25 04:33:10.829098+00
15004,1.36,2026-05-25 04:33:27.310599+00
15005,4.33,2026-05-25 04:34:00.353549+00
15006,57.37,2026-05-25 04:35:05.542606+00
15007,1.74,2026-05-25 04:35:22.057335+00
15008,1.01,2026-05-25 04:35:38.596059+00
15009,1.12,2026-05-25 04:35:46.74903+00
15010,1.7,2026-05-25 04:36:11.33243+00
15011,1.11,2026-05-25 04:36:27.8902+00
15012,1.35,2026-05-25 04:36:44.391051+00
15013,6.72,2026-05-25 04:37:17.079807+00
15014,2.7,2026-05-25 04:37:41.797178+00
15015,2.45,2026-05-25 04:38:06.344566+00
15016,1.01,2026-05-25 04:38:22.840749+00
15017,4.47,2026-05-25 04:38:55.54204+00
15018,4.46,2026-05-25 04:39:28.182681+00
15019,1.65,2026-05-25 04:39:44.703682+00
15020,1.72,2026-05-25 04:40:01.176197+00
15021,1.27,2026-05-25 04:40:17.714906+00
15022,1.02,2026-05-25 04:40:34.163502+00
15023,1.78,2026-05-25 04:40:50.5219+00
15024,2.49,2026-05-25 04:41:15.148063+00
15025,6.14,2026-05-25 04:41:56.273489+00
15026,2.43,2026-05-25 04:42:21.012553+00
15027,1.15,2026-05-25 04:42:29.135376+00
15028,1.77,2026-05-25 04:42:53.760914+00
15029,1.73,2026-05-25 04:43:10.154151+00
15030,1.44,2026-05-25 04:43:26.626462+00
15031,1.93,2026-05-25 04:43:51.382046+00
15032,1.15,2026-05-25 04:44:07.991017+00
15033,9.19,2026-05-25 04:44:40.950041+00
15034,1.17,2026-05-25 04:44:57.482748+00
15035,2.14,2026-05-25 04:45:13.878556+00
15036,1.04,2026-05-25 04:45:30.282641+00
15037,2.5,2026-05-25 04:45:54.826817+00
15038,2.26,2026-05-25 04:46:19.571034+00
15039,1.14,2026-05-25 04:46:36.111007+00
15040,1.49,2026-05-25 04:46:52.70339+00
15041,1.22,2026-05-25 04:47:09.147554+00
15042,2.76,2026-05-25 04:47:33.788017+00
15043,1.65,2026-05-25 04:47:50.35119+00
15044,2.29,2026-05-25 04:48:15.108092+00
15045,1.86,2026-05-25 04:48:39.898359+00
15046,1.55,2026-05-25 04:48:56.420639+00
15047,2.46,2026-05-25 04:49:21.030542+00
15048,1.85,2026-05-25 04:49:37.275986+00
15049,1.47,2026-05-25 04:49:53.712882+00
15050,1.76,2026-05-25 04:50:18.309917+00
15051,1.03,2026-05-25 04:50:34.856985+00
15052,1.19,2026-05-25 04:50:43.123047+00
15053,1.01,2026-05-25 04:50:59.570814+00
15054,4.11,2026-05-25 04:51:32.520201+00
15055,9.06,2026-05-25 04:52:05.427166+00
15056,15.17,2026-05-25 04:52:54.431566+00
15057,1.07,2026-05-25 04:53:02.662405+00
15058,21.55,2026-05-25 04:53:59.886726+00
15059,2.76,2026-05-25 04:54:24.866654+00
15060,8.76,2026-05-25 04:55:06.005295+00
15061,6.14,2026-05-25 04:55:39.040055+00
15062,81.75,2026-05-25 04:56:43.946348+00
15063,1.89,2026-05-25 04:57:08.805337+00
15064,1.05,2026-05-25 04:57:25.357233+00
15065,7.09,2026-05-25 04:57:58.258006+00
15066,1.26,2026-05-25 04:58:14.750181+00
15067,7.98,2026-05-25 04:58:55.728969+00
15068,1.61,2026-05-25 04:59:12.007117+00
15069,7.29,2026-05-25 04:59:52.867177+00
15070,1.1,2026-05-25 05:00:09.525601+00
15071,1.38,2026-05-25 05:00:26.055063+00
15072,1.09,2026-05-25 05:00:34.222076+00
15073,1.18,2026-05-25 05:00:50.875108+00
15074,12.52,2026-05-25 05:01:40.047397+00
15075,1.24,2026-05-25 05:01:56.696162+00
15076,1.46,2026-05-25 05:02:13.309044+00
15077,9.79,2026-05-25 05:02:54.426306+00
15078,1.01,2026-05-25 05:03:02.62529+00
15079,2.2,2026-05-25 05:03:27.299404+00
15080,2.84,2026-05-25 05:03:51.795157+00
15081,2.14,2026-05-25 05:04:16.436463+00
15082,1.34,2026-05-25 05:04:32.94381+00
15083,1.05,2026-05-25 05:04:49.54943+00
15084,2.51,2026-05-25 05:05:14.422835+00
15085,10.02,2026-05-25 05:05:55.627918+00
15086,3.94,2026-05-25 05:06:20.35247+00
15087,1.56,2026-05-25 05:06:45.126103+00
15088,3.5,2026-05-25 05:07:09.499826+00
15089,4.88,2026-05-25 05:07:41.979916+00
15090,51.12,2026-05-25 05:08:47.519912+00
15091,1.41,2026-05-25 05:09:04.186663+00
15092,19.81,2026-05-25 05:09:53.371804+00
15093,6.44,2026-05-25 05:10:34.371097+00
15094,1.16,2026-05-25 05:10:42.642041+00
15095,1.84,2026-05-25 05:11:07.358783+00
15096,1.61,2026-05-25 05:11:23.810997+00
15097,1.49,2026-05-25 05:11:40.356123+00
15098,1.21,2026-05-25 05:11:56.862116+00
15099,1.13,2026-05-25 05:12:13.358153+00
15100,2.7,2026-05-25 05:12:38.101414+00
15101,3.06,2026-05-25 05:13:02.960596+00
15102,1.01,2026-05-25 05:13:19.802228+00
15103,6.48,2026-05-25 05:13:52.633413+00
15104,1.74,2026-05-25 05:14:17.384372+00
15105,2.5,2026-05-25 05:14:42.012386+00
15106,1.84,2026-05-25 05:14:58.46144+00
15107,1.04,2026-05-25 05:15:14.947019+00
15108,1.09,2026-05-25 05:15:31.384061+00
15109,1.28,2026-05-25 05:15:47.985469+00
15110,2.1,2026-05-25 05:16:04.376251+00
15111,1.3,2026-05-25 05:16:20.904126+00
15112,2.31,2026-05-25 05:16:45.482362+00
15113,2.05,2026-05-25 05:17:10.221426+00
15114,39.9,2026-05-25 05:18:07.178786+00
15115,1.17,2026-05-25 05:18:23.796337+00
15116,1.59,2026-05-25 05:18:40.359429+00
15117,1.54,2026-05-25 05:18:56.83353+00
15118,1.67,2026-05-25 05:19:21.4476+00
15119,1.34,2026-05-25 05:19:37.981971+00
15120,11.62,2026-05-25 05:20:19.088229+00
15121,501,2026-05-25 05:21:48.395744+00
15122,2.22,2026-05-25 05:22:13.365012+00
15123,41.24,2026-05-25 05:23:10.820056+00
15124,1.78,2026-05-25 05:23:35.775584+00
15125,3.45,2026-05-25 05:24:00.257666+00
15126,7.28,2026-05-25 05:24:41.341173+00
15127,1.68,2026-05-25 05:24:57.741313+00
15128,9.9,2026-05-25 05:25:38.942024+00
15129,3.83,2026-05-25 05:26:03.439052+00
15130,1.14,2026-05-25 05:26:20.251544+00
15131,1.23,2026-05-25 05:26:36.791067+00
15132,1.6,2026-05-25 05:26:53.313805+00
15133,9.86,2026-05-25 05:27:34.098657+00
15134,1.02,2026-05-25 05:27:50.724911+00
15135,1.63,2026-05-25 05:28:07.048005+00
15136,1.83,2026-05-25 05:28:31.827403+00
15137,2.62,2026-05-25 05:28:56.744409+00
15138,3.08,2026-05-25 05:29:21.396386+00
15139,7.84,2026-05-25 05:30:02.608431+00
15140,2.09,2026-05-25 05:30:19.096867+00
15141,3.44,2026-05-25 05:30:52.252403+00
15142,6.89,2026-05-25 05:31:25.016557+00
15143,1.69,2026-05-25 05:31:49.874377+00
15144,1.01,2026-05-25 05:31:58.051197+00
15145,2.26,2026-05-25 05:32:22.715072+00
15146,25.55,2026-05-25 05:33:19.747058+00
15147,1.83,2026-05-25 05:33:36.342034+00
15148,12.42,2026-05-25 05:34:25.825885+00
15149,1.65,2026-05-25 05:34:42.270003+00
15150,2.14,2026-05-25 05:35:07.288056+00
15151,4.72,2026-05-25 05:35:40.204122+00
15152,1.4,2026-05-25 05:35:56.665395+00
15153,1.01,2026-05-25 05:36:04.824005+00
15154,6.48,2026-05-25 05:36:45.859005+00
15155,1.82,2026-05-25 05:37:02.341747+00
15156,14.22,2026-05-25 05:37:51.670374+00
15157,2.01,2026-05-25 05:38:16.631204+00
15158,1.58,2026-05-25 05:38:33.122058+00
15159,4.31,2026-05-25 05:39:06.176078+00
15160,11.25,2026-05-25 05:39:47.556726+00
15161,2.69,2026-05-25 05:40:12.306529+00
15162,1.79,2026-05-25 05:40:37.034172+00
15163,1.01,2026-05-25 05:40:45.293644+00
15164,1.92,2026-05-25 05:41:10.158442+00
15165,2.22,2026-05-25 05:41:35.051898+00
15166,7.61,2026-05-25 05:42:07.737398+00
15167,1.18,2026-05-25 05:42:24.270421+00
15168,2.56,2026-05-25 05:42:49.158964+00
15169,1.38,2026-05-25 05:43:05.614726+00
15170,2.55,2026-05-25 05:43:30.171234+00
15171,3.08,2026-05-25 05:43:54.658021+00
15172,2.89,2026-05-25 05:44:27.794892+00
15173,1.2,2026-05-25 05:44:35.991041+00
15174,1.36,2026-05-25 05:45:00.845082+00
15175,1.02,2026-05-25 05:45:09.055979+00
15176,3.39,2026-05-25 05:45:42.038678+00
15177,2.14,2026-05-25 05:46:06.761975+00
15178,1.08,2026-05-25 05:46:15.127453+00
15179,2.55,2026-05-25 05:46:39.967232+00
15180,1.2,2026-05-25 05:46:56.329023+00
15181,4.08,2026-05-25 05:47:29.474476+00
15182,1.34,2026-05-25 05:47:45.944965+00
15183,1.52,2026-05-25 05:48:02.387394+00
15184,8.06,2026-05-25 05:48:43.431242+00
15185,2.76,2026-05-25 05:49:07.983171+00
15186,2.08,2026-05-25 05:49:32.878717+00
15187,1.67,2026-05-25 05:49:49.76803+00
15188,1.09,2026-05-25 05:50:06.490515+00
15189,2.56,2026-05-25 05:50:31.317253+00
15190,1.17,2026-05-25 05:50:47.898081+00
15191,1.01,2026-05-25 05:50:56.137015+00
15192,1.23,2026-05-25 05:51:12.665234+00
15193,1.17,2026-05-25 05:51:29.244399+00
15194,1.14,2026-05-25 05:51:45.795963+00
15195,15,2026-05-25 05:52:26.490649+00
15196,10.46,2026-05-25 05:53:15.734932+00
15197,1.04,2026-05-25 05:53:23.96245+00
15198,5.84,2026-05-25 05:54:05.097141+00
15199,11.1,2026-05-25 05:54:46.303166+00
15200,1.07,2026-05-25 05:55:02.881659+00
15201,1.43,2026-05-25 05:55:19.473991+00
15202,1.82,2026-05-25 05:55:35.828208+00
15203,113.37,2026-05-25 05:56:49.097421+00
15204,20.34,2026-05-25 05:57:38.181318+00
15205,3.33,2026-05-25 05:58:11.362292+00
15206,1.39,2026-05-25 05:58:27.884808+00
15207,2.65,2026-05-25 05:58:52.486546+00
15208,11.28,2026-05-25 05:59:33.181692+00
15209,1.68,2026-05-25 05:59:57.950926+00
15210,3.1,2026-05-25 06:00:22.855153+00
15211,1.24,2026-05-25 06:00:39.469364+00
15212,9.36,2026-05-25 06:01:12.426511+00
15213,2.59,2026-05-25 06:01:37.282259+00
15214,1.78,2026-05-25 06:01:53.801398+00
15215,9.3,2026-05-25 06:02:34.649244+00
15216,1.18,2026-05-25 06:02:51.091098+00
15217,3.2,2026-05-25 06:03:23.819039+00
15218,1.22,2026-05-25 06:03:32.057428+00
15219,14.17,2026-05-25 06:04:21.337147+00
15220,1.88,2026-05-25 06:04:46.213375+00
15221,1.2,2026-05-25 06:04:54.475999+00
15222,9.1,2026-05-25 06:05:35.883025+00
15223,19.8,2026-05-25 06:06:24.950999+00
15224,9.16,2026-05-25 06:06:57.752936+00
15225,1.38,2026-05-25 06:07:14.359461+00
15226,2.24,2026-05-25 06:07:39.144687+00
15227,1.24,2026-05-25 06:07:55.650147+00
15228,1.62,2026-05-25 06:08:12.129673+00
15229,1.13,2026-05-25 06:08:28.619875+00
15230,1.32,2026-05-25 06:08:45.226493+00
15231,2.58,2026-05-25 06:09:09.9527+00
15232,1.06,2026-05-25 06:09:18.193071+00
15233,1.39,2026-05-25 06:09:34.737876+00
15234,1.53,2026-05-25 06:09:59.554994+00
15235,1.81,2026-05-25 06:10:16.085331+00
15236,9.01,2026-05-25 06:10:48.890581+00
15237,3.12,2026-05-25 06:11:21.78439+00
15238,2.12,2026-05-25 06:11:46.477969+00
15239,1.81,2026-05-25 06:12:11.263648+00
15240,2.18,2026-05-25 06:12:35.946399+00
15241,1.38,2026-05-25 06:12:52.513498+00
15242,6.37,2026-05-25 06:13:25.340384+00
15243,1.26,2026-05-25 06:13:41.738062+00
15244,2.41,2026-05-25 06:14:22.986467+00
15245,1.28,2026-05-25 06:14:22.986467+00
15246,1.95,2026-05-25 06:14:47.638873+00
15247,23.53,2026-05-25 06:15:36.627811+00
15248,2.47,2026-05-25 06:16:34.4619+00
15249,5.93,2026-05-25 06:16:34.4619+00
15250,1.25,2026-05-25 06:16:50.879431+00
15251,1.93,2026-05-25 06:17:15.631212+00
15252,9.13,2026-05-25 06:17:56.489993+00
15253,1.5,2026-05-25 06:18:12.888984+00
15254,3.96,2026-05-25 06:18:45.842352+00
15255,1.28,2026-05-25 06:19:02.415129+00
15256,1.97,2026-05-25 06:19:18.816447+00
15257,3.55,2026-05-25 06:19:51.802849+00
15258,1.38,2026-05-25 06:20:08.345585+00
15259,1.3,2026-05-25 06:20:24.975007+00
15260,2.18,2026-05-25 06:20:49.767877+00
15261,9.54,2026-05-25 06:21:30.454103+00
15262,3.74,2026-05-25 06:21:54.861941+00
15263,2.97,2026-05-25 06:22:27.921571+00
15264,2.12,2026-05-25 06:22:52.629605+00
15265,1.52,2026-05-25 06:23:09.19554+00
15266,3.22,2026-05-25 06:23:33.933951+00
15267,1.94,2026-05-25 06:23:58.688106+00
15268,1.81,2026-05-25 06:24:15.120176+00
15269,1.32,2026-05-25 06:24:31.528884+00
15270,2.76,2026-05-25 06:24:56.11296+00
15271,5.3,2026-05-25 06:25:37.334516+00
15272,8.31,2026-05-25 06:26:10.051597+00
15273,1.92,2026-05-25 06:26:34.865802+00
15274,19.94,2026-05-25 06:27:23.811857+00
15275,3.49,2026-05-25 06:27:56.766977+00
15276,2.18,2026-05-25 06:28:21.577149+00
15277,1.26,2026-05-25 06:28:38.054742+00
15278,1.32,2026-05-25 06:28:54.612892+00
15279,29.67,2026-05-25 06:29:51.715792+00
15280,4.48,2026-05-25 06:30:16.371609+00
15281,2.05,2026-05-25 06:30:41.098508+00
15282,1.48,2026-05-25 06:30:57.531412+00
15283,2.52,2026-05-25 06:31:22.265039+00
15284,110.61,2026-05-25 06:32:35.74247+00
15285,1.18,2026-05-25 06:32:52.260555+00
15286,4.21,2026-05-25 06:33:58.146663+00
15287,2.06,2026-05-25 06:34:22.674182+00
15288,2.48,2026-05-25 06:34:47.483447+00
15289,1.06,2026-05-25 06:35:04.029068+00
15290,1.78,2026-05-25 06:35:20.576258+00
15291,9.89,2026-05-25 06:35:53.439166+00
15292,1.83,2026-05-25 06:36:18.125388+00
15293,9.07,2026-05-25 06:36:50.947028+00
15294,2.14,2026-05-25 06:37:15.72467+00
15295,2.07,2026-05-25 06:37:40.343168+00
15296,2.57,2026-05-25 06:38:04.957471+00
15297,2.5,2026-05-25 06:38:29.679187+00
15298,1.9,2026-05-25 06:38:46.026403+00
15299,9.81,2026-05-25 06:39:26.87482+00
15300,1.07,2026-05-25 06:39:43.347263+00
15301,83.35,2026-05-25 06:40:56.530984+00
15302,1.52,2026-05-25 06:41:13.007698+00
15303,3.77,2026-05-25 06:41:37.715897+00
15304,1.3,2026-05-25 06:41:54.226975+00
15305,1.41,2026-05-25 06:42:10.669193+00
15306,1.01,2026-05-25 06:42:27.084075+00
15307,89.18,2026-05-25 06:43:40.349418+00
15308,6.12,2026-05-25 06:44:13.24697+00
15309,2.55,2026-05-25 06:44:38.090908+00
15310,4.26,2026-05-25 06:45:11.174424+00
15311,1.51,2026-05-25 06:45:27.786907+00
15312,2.25,2026-05-25 06:45:52.554003+00
15313,5.63,2026-05-25 06:46:25.478657+00
15314,4.56,2026-05-25 06:46:58.490778+00
15315,2.46,2026-05-25 06:47:23.372581+00
15316,232.81,2026-05-25 06:48:44.769138+00
15317,1.45,2026-05-25 06:49:01.384919+00
15318,1.02,2026-05-25 06:49:17.974688+00
15319,1.59,2026-05-25 06:49:34.533247+00
15320,1.16,2026-05-25 06:49:51.029433+00
15321,1.11,2026-05-25 06:49:59.215537+00
15322,3.37,2026-05-25 06:50:32.046818+00
15323,2.46,2026-05-25 06:50:56.655693+00
15324,1.11,2026-05-25 06:51:04.841625+00
15325,3.77,2026-05-25 06:51:37.729504+00
15326,1.01,2026-05-25 06:51:54.22191+00
15327,1.95,2026-05-25 06:52:10.516789+00
15328,4.79,2026-05-25 06:52:43.302347+00
15329,1.68,2026-05-25 06:53:08.145511+00
15330,2.13,2026-05-25 06:53:24.513748+00
15331,8.82,2026-05-25 06:54:05.31269+00
15332,1.06,2026-05-25 06:54:21.753217+00
15333,3.08,2026-05-25 06:54:46.363743+00
15334,2,2026-05-25 06:55:11.297165+00
15335,1.44,2026-05-25 06:55:27.757562+00
15336,4.61,2026-05-25 06:56:00.670743+00
15337,1.01,2026-05-25 06:56:17.439628+00
15338,14.62,2026-05-25 06:56:58.2156+00
15339,4.73,2026-05-25 06:57:30.823153+00
15340,1.52,2026-05-25 06:57:47.29998+00
15341,1.78,2026-05-25 06:58:12.041697+00
15342,2.66,2026-05-25 06:58:36.768241+00
15343,1.46,2026-05-25 06:58:53.343004+00
15344,2.04,2026-05-25 06:59:18.077724+00
15345,47.64,2026-05-25 07:00:14.944742+00
15346,1.01,2026-05-25 07:00:31.464798+00
15347,2.76,2026-05-25 07:00:56.209496+00
15348,1.11,2026-05-25 07:01:12.578789+00
15349,1.17,2026-05-25 07:01:29.175799+00
15350,1.74,2026-05-25 07:01:45.546072+00
15351,1.58,2026-05-25 07:02:02.056721+00
15352,2.15,2026-05-25 07:02:26.880082+00
15353,1.79,2026-05-25 07:02:51.839462+00
15354,4.99,2026-05-25 07:03:24.483214+00
15355,2.1,2026-05-25 07:03:49.06375+00
15356,4.43,2026-05-25 07:04:21.967023+00
15357,2.09,2026-05-25 07:04:38.341738+00
15358,1.77,2026-05-25 07:05:35.937157+00
15359,2.69,2026-05-25 07:06:00.866658+00
15360,1.32,2026-05-25 07:06:17.474224+00
15361,1.26,2026-05-25 07:06:34.159589+00
15362,12.61,2026-05-25 07:07:15.201418+00
15363,2.57,2026-05-25 07:07:48.203752+00
15364,1.09,2026-05-25 07:08:04.92206+00
15365,369.3,2026-05-25 07:09:26.143556+00
15366,1.67,2026-05-25 07:09:50.9819+00
15367,3.46,2026-05-25 07:10:15.541464+00
15368,1.92,2026-05-25 07:10:40.204738+00
15369,2.57,2026-05-25 07:11:04.858153+00
15370,2.36,2026-05-25 07:11:29.353731+00
15371,1.68,2026-05-25 07:11:54.278805+00
15372,4.64,2026-05-25 07:12:27.259599+00
15373,2.89,2026-05-25 07:12:52.02032+00
15374,1.48,2026-05-25 07:13:08.691191+00
15375,1.56,2026-05-25 07:13:25.25954+00
15376,1.13,2026-05-25 07:13:41.791702+00
15377,1.37,2026-05-25 07:13:58.524875+00
15378,17.53,2026-05-25 07:14:47.617478+00
15379,1.18,2026-05-25 07:15:04.014027+00
15380,4.33,2026-05-25 07:15:36.665211+00
15381,3.21,2026-05-25 07:16:01.494036+00
15382,2.53,2026-05-25 07:16:26.367468+00
15383,1.59,2026-05-25 07:16:42.677143+00
15384,1.27,2026-05-25 07:16:59.273024+00
15385,1.61,2026-05-25 07:17:15.799889+00
15386,1.36,2026-05-25 07:17:40.64602+00
15387,11.16,2026-05-25 07:18:21.573206+00
15388,4.11,2026-05-25 07:18:54.448616+00
15389,4.5,2026-05-25 07:19:18.982295+00
15390,1.27,2026-05-25 07:19:35.521143+00
15391,1.08,2026-05-25 07:19:52.120418+00
15392,1.66,2026-05-25 07:20:08.637639+00
15393,4.2,2026-05-25 07:20:41.481067+00
15394,12.4,2026-05-25 07:21:30.784898+00
15395,4.87,2026-05-25 07:22:03.592049+00
15396,1.14,2026-05-25 07:22:11.928204+00
15397,1.6,2026-05-25 07:22:36.588793+00
15398,1.21,2026-05-25 07:22:53.065043+00
15399,1.57,2026-05-25 07:23:09.499699+00
15400,12.29,2026-05-25 07:23:50.507747+00
15401,14.26,2026-05-25 07:24:39.814937+00
15402,1.04,2026-05-25 07:24:56.379998+00
15403,75.25,2026-05-25 07:26:01.708814+00
15404,2.11,2026-05-25 07:26:26.428933+00
15405,1.51,2026-05-25 07:26:43.104751+00
15406,1.05,2026-05-25 07:26:51.376243+00
15407,1.04,2026-05-25 07:27:07.926988+00
15408,1.01,2026-05-25 07:27:24.780625+00
15409,1.09,2026-05-25 07:27:32.891949+00
15410,53.34,2026-05-25 07:28:38.474382+00
15411,2.7,2026-05-25 07:29:03.559066+00
15412,3.68,2026-05-25 07:29:36.599014+00
15413,49.39,2026-05-25 07:30:33.783552+00
15414,1.02,2026-05-25 07:30:50.335089+00
15415,1.22,2026-05-25 07:31:06.898173+00
15416,1.46,2026-05-25 07:31:23.538652+00
15417,1.07,2026-05-25 07:31:31.854894+00
15418,10.41,2026-05-25 07:32:21.347496+00
15419,2.53,2026-05-25 07:32:46.154636+00
15420,51.26,2026-05-25 07:33:42.945984+00
15421,3.12,2026-05-25 07:34:15.974004+00
15422,3.7,2026-05-25 07:34:40.740113+00
15423,1.98,2026-05-25 07:35:05.826449+00
15424,1.58,2026-05-25 07:35:22.326425+00
15425,1.33,2026-05-25 07:35:38.89576+00
15426,5.84,2026-05-25 07:36:20.284465+00
15427,1.14,2026-05-25 07:36:28.564032+00
15428,1.06,2026-05-25 07:36:45.196517+00
15429,1.57,2026-05-25 07:37:01.700449+00
15430,1.11,2026-05-25 07:37:18.261809+00
15431,1.14,2026-05-25 07:37:34.712169+00
15432,1.53,2026-05-25 07:37:51.057289+00
15433,1.72,2026-05-25 07:38:07.457676+00
15434,10.66,2026-05-25 07:38:56.675436+00
15435,1.35,2026-05-25 07:39:13.392964+00
15436,1.35,2026-05-25 07:39:30.375048+00
15437,1.33,2026-05-25 07:39:46.987642+00
15438,6.74,2026-05-25 07:40:19.620041+00
15439,2.05,2026-05-25 07:40:44.418923+00
15440,19.36,2026-05-25 07:41:33.872808+00
15441,1.73,2026-05-25 07:41:50.367522+00
15442,3.11,2026-05-25 07:42:23.181359+00
15443,1.46,2026-05-25 07:42:39.642107+00
15444,1.86,2026-05-25 07:42:56.098498+00
15445,22.96,2026-05-25 07:43:53.418401+00
15446,1.15,2026-05-25 07:44:09.906626+00
15447,9.86,2026-05-25 07:44:43.04972+00
15448,1.8,2026-05-25 07:44:59.353518+00
15449,29.31,2026-05-25 07:45:56.086751+00
15450,1.28,2026-05-25 07:46:12.611986+00
15451,1.1,2026-05-25 07:46:29.258259+00
15452,2.57,2026-05-25 07:46:54.010695+00
15453,1.09,2026-05-25 07:47:10.579566+00
15454,8.39,2026-05-25 07:47:43.234015+00
15455,12.08,2026-05-25 07:48:32.35056+00
15456,4.46,2026-05-25 07:49:05.064554+00
15457,2.31,2026-05-25 07:49:29.782696+00
15458,31.72,2026-05-25 07:50:26.978971+00
15459,1.01,2026-05-25 07:50:35.250017+00
15460,1.28,2026-05-25 07:50:51.88598+00
15461,18.34,2026-05-25 07:51:40.69642+00
15462,2.22,2026-05-25 07:52:05.337811+00
15463,20.35,2026-05-25 07:52:54.129882+00
15464,12.03,2026-05-25 07:53:43.512309+00
15465,1.59,2026-05-25 07:53:59.974984+00
15466,1.39,2026-05-25 07:54:16.502628+00
15467,1.28,2026-05-25 07:54:33.083793+00
15468,16.04,2026-05-25 07:55:22.426694+00
15469,1.45,2026-05-25 07:55:39.04052+00
15470,2.6,2026-05-25 07:56:03.866033+00
15471,2.29,2026-05-25 07:56:28.786678+00
15472,1.07,2026-05-25 07:56:37.021197+00
15473,3.06,2026-05-25 07:57:10.215729+00
15474,2.16,2026-05-25 07:57:26.721621+00
15475,1.99,2026-05-25 07:57:51.490723+00
15476,14.95,2026-05-25 07:58:40.612423+00
15477,2.23,2026-05-25 07:59:05.358718+00
15478,3.09,2026-05-25 07:59:30.139966+00
15479,1.02,2026-05-25 07:59:46.593232+00
15480,7.9,2026-05-25 08:00:19.278156+00
15481,2.86,2026-05-25 08:00:43.90501+00
15482,8.05,2026-05-25 08:01:24.929181+00
15483,2.2,2026-05-25 08:01:49.753423+00
15484,1.25,2026-05-25 08:02:06.273728+00
15485,2.07,2026-05-25 08:02:30.941009+00
15486,1.29,2026-05-25 08:02:47.38792+00
15487,3.22,2026-05-25 08:03:11.972055+00
15488,4.47,2026-05-25 08:03:44.915182+00
15489,3.6,2026-05-25 08:04:09.727063+00
15490,1.03,2026-05-25 08:04:26.259451+00
15491,2.16,2026-05-25 08:04:51.148762+00
15492,1.51,2026-05-25 08:05:07.641699+00
15493,1.09,2026-05-25 08:05:24.212516+00
15494,3.14,2026-05-25 08:05:49.337245+00
15495,1.38,2026-05-25 08:06:05.747703+00
15496,1.73,2026-05-25 08:06:22.243176+00
15497,5,2026-05-25 08:06:54.997816+00
15498,1.15,2026-05-25 08:07:11.366061+00
15499,1.35,2026-05-25 08:07:27.743198+00
15500,1.96,2026-05-25 08:07:52.449999+00
15501,6,2026-05-25 08:08:25.214789+00
15502,1.13,2026-05-25 08:08:41.651651+00
15503,1.44,2026-05-25 08:08:58.203402+00
15504,1.33,2026-05-25 08:09:14.786408+00
15505,3.37,2026-05-25 08:09:47.598495+00
15506,1.96,2026-05-25 08:10:03.830802+00
15507,3.34,2026-05-25 08:10:36.590021+00
15508,12.35,2026-05-25 08:11:17.789989+00
15509,2.32,2026-05-25 08:11:42.52913+00
15510,1.18,2026-05-25 08:11:59.130541+00
15511,10.04,2026-05-25 08:12:40.270142+00
15512,1.96,2026-05-25 08:12:56.814135+00
15513,1.14,2026-05-25 08:13:13.312485+00
15514,2.06,2026-05-25 08:13:38.058718+00
15515,2.39,2026-05-25 08:14:02.819614+00
15516,1.58,2026-05-25 08:14:19.267958+00
15517,1.15,2026-05-25 08:14:35.880218+00
15518,1.01,2026-05-25 08:14:44.063307+00
15519,2.02,2026-05-25 08:15:08.700024+00
15520,1.98,2026-05-25 08:15:33.426196+00
15521,1.07,2026-05-25 08:15:41.693089+00
15522,1.06,2026-05-25 08:15:58.334882+00
15523,1.33,2026-05-25 08:16:14.952395+00
15524,3.8,2026-05-25 08:16:48.044+00
15525,4.37,2026-05-25 08:17:20.995991+00
15526,1.13,2026-05-25 08:17:29.166548+00
15527,2.73,2026-05-25 08:17:53.941744+00
15528,1.4,2026-05-25 08:18:18.605511+00
15529,17.75,2026-05-25 08:19:07.475885+00
15530,7.63,2026-05-25 08:19:40.094725+00
15531,2.03,2026-05-25 08:20:05.05026+00
15532,2.07,2026-05-25 08:20:29.860157+00
15533,2.17,2026-05-25 08:20:54.707252+00
15534,3.23,2026-05-25 08:21:19.433097+00
15535,1.65,2026-05-25 08:21:35.725038+00
15536,4.67,2026-05-25 08:22:08.40942+00
15537,1.61,2026-05-25 08:22:33.119425+00
15538,1.03,2026-05-25 08:22:41.339156+00
15539,1.05,2026-05-25 08:22:57.900714+00
15540,2.16,2026-05-25 08:23:55.461553+00
15541,3.53,2026-05-25 08:24:28.542041+00
15542,1.14,2026-05-25 08:24:45.103234+00
15543,2.09,2026-05-25 08:25:01.5828+00
15544,4.72,2026-05-25 08:25:34.341182+00
15545,2.17,2026-05-25 08:25:58.892737+00
15546,1.23,2026-05-25 08:26:15.552003+00
15547,2.01,2026-05-25 08:26:40.290836+00
15548,2.52,2026-05-25 08:27:05.060082+00
15549,1.08,2026-05-25 08:27:13.240493+00
15550,1.41,2026-05-25 08:27:29.687907+00
15551,1.59,2026-05-25 08:27:54.472535+00
15552,3.99,2026-05-25 08:28:19.140137+00
15553,1.13,2026-05-25 08:28:35.560353+00
15554,1.25,2026-05-25 08:28:52.147471+00
15555,1.15,2026-05-25 08:29:08.62363+00
15556,1.54,2026-05-25 08:29:24.932462+00
15557,3.87,2026-05-25 08:29:57.846693+00
15558,1.64,2026-05-25 08:30:14.363336+00
15559,1.33,2026-05-25 08:30:30.767052+00
15560,1.98,2026-05-25 08:30:55.588174+00
15561,1.93,2026-05-25 08:31:11.982963+00
15562,2.48,2026-05-25 08:31:36.789975+00
15563,113.22,2026-05-25 08:32:50.057743+00
15564,2.2,2026-05-25 08:33:14.956707+00
15565,15.65,2026-05-25 08:34:04.121785+00
15566,2.45,2026-05-25 08:34:28.902505+00
15567,1.23,2026-05-25 08:34:45.500013+00
15568,14.54,2026-05-25 08:35:25.976379+00
15569,12.1,2026-05-25 08:36:15.013947+00
15570,1.36,2026-05-25 08:36:31.618725+00
15571,1.85,2026-05-25 08:36:48.139793+00
15572,1.71,2026-05-25 08:37:13.066605+00
15573,1.9,2026-05-25 08:37:29.499129+00
15574,9.07,2026-05-25 08:38:10.348598+00
15575,2.88,2026-05-25 08:38:43.202039+00
15576,3.23,2026-05-25 08:39:07.928426+00
15577,1.16,2026-05-25 08:39:24.347964+00
15578,1.48,2026-05-25 08:39:40.717048+00
15579,1.72,2026-05-25 08:39:57.186816+00
15580,2.48,2026-05-25 08:40:21.772134+00
15581,4.73,2026-05-25 08:40:54.383519+00
15582,3.42,2026-05-25 08:41:27.581263+00
15583,8.91,2026-05-25 08:42:08.776223+00
15584,1.53,2026-05-25 08:42:25.265121+00
15585,1.42,2026-05-25 08:42:41.734582+00
15586,2.13,2026-05-25 08:43:06.517235+00
15587,1.44,2026-05-25 08:43:23.020325+00
15588,1.31,2026-05-25 08:43:39.510065+00
15589,2.06,2026-05-25 08:43:55.964454+00
15590,1.59,2026-05-25 08:44:20.762983+00
15591,1.26,2026-05-25 08:44:37.294624+00
15592,1.67,2026-05-25 08:44:53.88083+00
15593,1.02,2026-05-25 08:45:10.530632+00
15594,1.43,2026-05-25 08:45:26.866067+00
15595,1.3,2026-05-25 08:45:43.328385+00
15596,1.42,2026-05-25 08:45:59.724483+00
15597,1.32,2026-05-25 08:46:16.26151+00
15598,1.09,2026-05-25 08:46:32.720136+00
15599,1.87,2026-05-25 08:46:49.069098+00
15600,1.14,2026-05-25 08:47:05.574743+00
15601,3.18,2026-05-25 08:47:30.02027+00
15602,1.15,2026-05-25 08:47:46.865738+00
15603,1.35,2026-05-25 08:48:03.4925+00
15604,1.77,2026-05-25 08:48:19.931701+00
15605,2.22,2026-05-25 08:48:44.542287+00
15606,1.34,2026-05-25 08:49:01.04201+00
15607,19.33,2026-05-25 08:49:49.687876+00
15608,2.57,2026-05-25 08:50:22.619034+00
15609,8.28,2026-05-25 08:50:55.332179+00
15610,1.9,2026-05-25 08:51:20.059781+00
15611,1.11,2026-05-25 08:51:36.592074+00
15612,1.27,2026-05-25 08:51:53.057987+00
15613,3.39,2026-05-25 08:52:17.940099+00
15614,1.89,2026-05-25 08:52:42.731306+00
15615,4.71,2026-05-25 08:53:15.647741+00
15616,3.03,2026-05-25 08:53:40.268474+00
15617,1.01,2026-05-25 08:53:48.512581+00
15618,1.16,2026-05-25 08:54:04.863131+00
15619,1.87,2026-05-25 08:54:29.503679+00
15620,4.3,2026-05-25 08:55:02.52432+00
15621,1.47,2026-05-25 08:55:19.129715+00
15622,1.59,2026-05-25 08:55:35.65975+00
15623,1.26,2026-05-25 08:55:52.195297+00
15624,3.77,2026-05-25 08:56:25.308701+00
15625,1.05,2026-05-25 08:56:33.563038+00
15626,2.45,2026-05-25 08:56:58.296476+00
15627,4.31,2026-05-25 08:57:31.24808+00
15628,2.02,2026-05-25 08:57:55.913976+00
15629,3.56,2026-05-25 08:58:20.776124+00
15630,1.47,2026-05-25 08:58:37.249678+00
15631,1.13,2026-05-25 08:58:53.724033+00
15632,29.18,2026-05-25 08:59:51.217409+00
15633,1.48,2026-05-25 09:00:07.63779+00
15634,6.1,2026-05-25 09:00:40.364193+00
15635,1.46,2026-05-25 09:00:56.73915+00
15636,8.49,2026-05-25 09:01:37.50665+00
15637,1.81,2026-05-25 09:02:02.191491+00
15638,1.55,2026-05-25 09:02:18.628699+00
15639,4.5,2026-05-25 09:02:51.556842+00
15640,2,2026-05-25 09:03:16.317057+00
15641,1.59,2026-05-25 09:03:32.944749+00
15642,1.75,2026-05-25 09:03:49.169964+00
15643,2.21,2026-05-25 09:04:13.625882+00
15644,6.37,2026-05-25 09:04:54.392935+00
15645,4.95,2026-05-25 09:05:27.363705+00
15646,15.79,2026-05-25 09:06:16.647446+00
15647,3.06,2026-05-25 09:06:41.479002+00
15648,37.54,2026-05-25 09:07:38.642618+00
15649,20.96,2026-05-25 09:08:27.580062+00
15650,1.11,2026-05-25 09:08:44.085047+00
15651,1.23,2026-05-25 09:09:00.695896+00
15652,1.33,2026-05-25 09:09:17.252036+00
15653,2.9,2026-05-25 09:09:42.005647+00
15654,2.34,2026-05-25 09:10:06.91908+00
15655,1.58,2026-05-25 09:10:23.400584+00
15656,1.43,2026-05-25 09:10:39.777057+00
15657,1.21,2026-05-25 09:10:56.243175+00
15658,1.5,2026-05-25 09:11:12.553689+00
15659,9.62,2026-05-25 09:12:01.676224+00
15660,2.49,2026-05-25 09:12:26.365925+00
15661,11.12,2026-05-25 09:13:07.453081+00
15662,2.35,2026-05-25 09:13:32.500396+00
15663,1.25,2026-05-25 09:13:49.075142+00
15664,2.59,2026-05-25 09:14:13.723188+00
15665,1.34,2026-05-25 09:14:30.124116+00
15666,1.6,2026-05-25 09:14:46.692611+00
15667,3.9,2026-05-25 09:15:19.320022+00
15668,2.11,2026-05-25 09:15:35.587052+00
15669,1.28,2026-05-25 09:15:52.010539+00
15670,2.28,2026-05-25 09:16:16.652638+00
15671,4.82,2026-05-25 09:16:49.496291+00
15672,1.18,2026-05-25 09:17:05.968381+00
15673,9.92,2026-05-25 09:17:38.815955+00
15674,1.4,2026-05-25 09:17:55.225608+00
15675,1.79,2026-05-25 09:18:19.877946+00
15676,4.1,2026-05-25 09:18:52.635679+00
15677,4,2026-05-25 09:19:17.269478+00
15678,1.23,2026-05-25 09:19:33.661466+00
15679,2.55,2026-05-25 09:19:58.376037+00
15680,2.3,2026-05-25 09:20:23.315571+00
15681,2.79,2026-05-25 09:20:47.913357+00
15682,1.24,2026-05-25 09:21:04.348423+00
15683,45.18,2026-05-25 09:22:09.651791+00
15684,3.67,2026-05-25 09:22:34.28303+00
15685,2.16,2026-05-25 09:22:59.304294+00
15686,33.13,2026-05-25 09:23:56.660071+00
15687,1.12,2026-05-25 09:24:13.20214+00
15688,2.52,2026-05-25 09:24:37.967938+00
15689,2.04,2026-05-25 09:24:54.40424+00
15690,1.61,2026-05-25 09:25:19.118724+00
15691,34.98,2026-05-25 09:26:16.250987+00
15692,3.5,2026-05-25 09:26:40.971863+00
15693,1.55,2026-05-25 09:26:57.618126+00
15694,3.39,2026-05-25 09:27:30.633782+00
15695,2.38,2026-05-25 09:27:55.422752+00
15696,5,2026-05-25 09:28:28.189575+00
15697,1.25,2026-05-25 09:28:44.749482+00
15698,10.22,2026-05-25 09:29:26.068752+00
15699,1.2,2026-05-25 09:29:42.627437+00
15700,3.94,2026-05-25 09:30:07.345656+00
15701,1.01,2026-05-25 09:30:23.971738+00
15702,1.37,2026-05-25 09:30:40.557212+00
15703,1.15,2026-05-25 09:30:57.196661+00
15704,1.08,2026-05-25 09:31:05.499585+00
15705,6,2026-05-25 09:31:46.662922+00
15706,9,2026-05-25 09:32:27.494922+00
15707,1.04,2026-05-25 09:32:35.771031+00
15708,1.01,2026-05-25 09:32:52.210921+00
15709,4.63,2026-05-25 09:33:25.018993+00
15710,1.02,2026-05-25 09:33:33.238426+00
15711,4.88,2026-05-25 09:34:06.168194+00
15712,1.57,2026-05-25 09:34:30.969534+00
15713,2.12,2026-05-25 09:34:47.654424+00
15714,7.13,2026-05-25 09:35:28.838003+00
15715,1.82,2026-05-25 09:35:53.677453+00
15716,1.15,2026-05-25 09:36:02.007669+00
15717,1.38,2026-05-25 09:36:18.554062+00
15718,3.67,2026-05-25 09:36:51.350788+00
15719,1.03,2026-05-25 09:37:07.865121+00
15720,4.8,2026-05-25 09:37:40.72218+00
15721,1.11,2026-05-25 09:37:48.887455+00
15722,3.51,2026-05-25 09:38:21.945768+00
15723,2.29,2026-05-25 09:38:46.813909+00
15724,1.15,2026-05-25 09:38:55.034402+00
15725,1.79,2026-05-25 09:39:19.980166+00
15726,1.96,2026-05-25 09:39:36.653036+00
15727,1.32,2026-05-25 09:39:53.039961+00
15728,2.64,2026-05-25 09:40:17.853691+00
15729,10.52,2026-05-25 09:41:06.861837+00
15730,1.37,2026-05-25 09:41:23.506879+00
15731,1.24,2026-05-25 09:41:39.97455+00
15732,3.99,2026-05-25 09:42:04.51846+00
15733,3.66,2026-05-25 09:42:37.516919+00
15734,2.14,2026-05-25 09:43:02.348195+00
15735,2.29,2026-05-25 09:43:27.175353+00
15736,2.61,2026-05-25 09:43:51.901666+00
15737,1.61,2026-05-25 09:44:08.320189+00
15738,4.19,2026-05-25 09:44:41.085682+00
15739,2.7,2026-05-25 09:45:05.618997+00
15740,7.19,2026-05-25 09:46:02.96668+00
15741,1.65,2026-05-25 09:46:02.96668+00
15742,3.04,2026-05-25 09:46:36.003775+00
15743,1.12,2026-05-25 09:46:44.215549+00
15744,1.09,2026-05-25 09:47:00.668628+00
15745,1.53,2026-05-25 09:47:17.077466+00
15746,1.3,2026-05-25 09:47:33.56531+00
15747,2.73,2026-05-25 09:47:58.127055+00
15748,6.49,2026-05-25 09:48:38.908341+00
15749,1.79,2026-05-25 09:48:55.411107+00
15750,1.92,2026-05-25 09:49:20.117027+00
15751,1.39,2026-05-25 09:49:36.668063+00
15752,1.16,2026-05-25 09:49:53.271997+00
15753,2.13,2026-05-25 09:50:09.733074+00
15754,1.11,2026-05-25 09:50:26.232733+00
15755,13.49,2026-05-25 09:51:15.172066+00
15756,2.64,2026-05-25 09:51:39.951118+00
15757,1.25,2026-05-25 09:51:56.526011+00
15758,3.92,2026-05-25 09:52:21.092179+00
15759,9.05,2026-05-25 09:52:53.867864+00
15760,2.62,2026-05-25 09:53:26.928037+00
15761,1.09,2026-05-25 09:53:35.134827+00
15762,7.99,2026-05-25 09:54:16.299565+00
15763,1.16,2026-05-25 09:54:32.81703+00
15764,1.03,2026-05-25 09:54:40.913324+00
15765,3.11,2026-05-25 09:55:13.812884+00
15766,4.93,2026-05-25 09:55:46.494354+00
15767,2.87,2026-05-25 09:56:11.244025+00
15768,1.59,2026-05-25 09:56:27.646617+00
15769,1.53,2026-05-25 09:56:52.572011+00
15770,1.73,2026-05-25 09:57:09.024884+00
15771,1.37,2026-05-25 09:57:25.639972+00
15772,3.25,2026-05-25 09:57:50.156412+00
15773,1.57,2026-05-25 09:58:14.826494+00
15774,1.33,2026-05-25 09:58:31.196554+00
15775,1.01,2026-05-25 09:58:39.402812+00
15776,1.35,2026-05-25 09:58:55.818211+00
15777,4.24,2026-05-25 09:59:28.603236+00
15778,3.46,2026-05-25 10:00:01.587918+00
15779,1.66,2026-05-25 10:00:18.080682+00
15780,2.17,2026-05-25 10:00:42.918034+00
15781,1.03,2026-05-25 10:00:51.044738+00
15782,2.33,2026-05-25 10:01:15.740238+00
15783,1.94,2026-05-25 10:01:40.333249+00
15784,1.03,2026-05-25 10:01:48.501595+00
15785,19.74,2026-05-25 10:02:45.605226+00
15786,10.68,2026-05-25 10:03:26.613463+00
15787,9.94,2026-05-25 10:03:59.383887+00
15788,2.07,2026-05-25 10:04:24.218008+00
15789,3.14,2026-05-25 10:04:48.633408+00
15790,1.27,2026-05-25 10:05:05.230749+00
15791,1.09,2026-05-25 10:05:21.750501+00
15792,1.19,2026-05-25 10:05:38.248809+00
15793,1.76,2026-05-25 10:05:54.87742+00
15794,2.38,2026-05-25 10:06:19.497791+00
15795,8.91,2026-05-25 10:07:00.641982+00
15796,1.56,2026-05-25 10:07:17.148913+00
15797,2.53,2026-05-25 10:07:41.846176+00
15798,1.33,2026-05-25 10:07:58.306028+00
15799,1.17,2026-05-25 10:08:14.92736+00
15800,4.25,2026-05-25 10:08:47.614293+00
15801,2.21,2026-05-25 10:09:12.296704+00
15802,3.12,2026-05-25 10:09:37.112495+00
15803,1.93,2026-05-25 10:10:01.886723+00
15804,4.51,2026-05-25 10:10:26.51752+00
15805,3.38,2026-05-25 10:10:59.668047+00
15806,1.9,2026-05-25 10:11:16.129444+00
15807,3.13,2026-05-25 10:11:49.199345+00
15808,2.42,2026-05-25 10:12:38.371014+00
15809,3.46,2026-05-25 10:12:38.371014+00
15810,1.09,2026-05-25 10:12:54.846692+00
15811,3.08,2026-05-25 10:13:19.394221+00
15812,1.09,2026-05-25 10:13:36.042205+00
15813,2.19,2026-05-25 10:14:00.834805+00
15814,1.75,2026-05-25 10:14:17.397665+00
15815,1.14,2026-05-25 10:14:33.970397+00
15816,2.64,2026-05-25 10:14:58.872432+00
15817,1.3,2026-05-25 10:15:15.321264+00
15818,1.59,2026-05-25 10:15:31.773126+00
15819,1.03,2026-05-25 10:15:48.317917+00
15820,1.33,2026-05-25 10:16:04.738959+00
15821,1.28,2026-05-25 10:16:21.185416+00
15822,3.02,2026-05-25 10:16:45.920014+00
15823,2.39,2026-05-25 10:17:10.54795+00
15824,4.98,2026-05-25 10:17:43.25902+00
15825,22.43,2026-05-25 10:18:32.090045+00
15826,42.05,2026-05-25 10:19:37.718913+00
15827,2.15,2026-05-25 10:19:54.186415+00
15828,1.42,2026-05-25 10:20:18.857031+00
15829,23.62,2026-05-25 10:21:08.035316+00
15830,1.44,2026-05-25 10:21:24.783556+00
15831,3.31,2026-05-25 10:21:57.700872+00
15832,2.83,2026-05-25 10:22:22.469054+00
15833,4.36,2026-05-25 10:22:55.366992+00
15834,1.02,2026-05-25 10:23:03.60379+00
15835,2.03,2026-05-25 10:23:28.455337+00
15836,10.08,2026-05-25 10:24:09.291809+00
15837,1.04,2026-05-25 10:24:25.863672+00
15838,11.86,2026-05-25 10:25:07.091429+00
15839,9.88,2026-05-25 10:25:48.431019+00
15840,1.15,2026-05-25 10:26:04.919663+00
15841,1.57,2026-05-25 10:26:21.298009+00
15842,21.32,2026-05-25 10:27:10.366692+00
15843,1.07,2026-05-25 10:27:26.846363+00
15844,1.36,2026-05-25 10:27:43.340436+00
15845,1.52,2026-05-25 10:27:59.876416+00
15846,3.29,2026-05-25 10:28:32.887416+00
15847,1.12,2026-05-25 10:28:41.158703+00
15848,1.04,2026-05-25 10:28:57.583+00
15849,20.78,2026-05-25 10:29:46.713316+00
15850,3.64,2026-05-25 10:30:19.598924+00
15851,6.66,2026-05-25 10:30:52.152437+00
15852,1.53,2026-05-25 10:31:16.813049+00
15853,1.46,2026-05-25 10:31:33.400335+00
15854,1.11,2026-05-25 10:31:49.91068+00
15855,9.02,2026-05-25 10:32:22.903211+00
15856,2.64,2026-05-25 10:32:47.491137+00
15857,2.17,2026-05-25 10:33:03.97269+00
15858,2.56,2026-05-25 10:33:28.729663+00
15859,1.08,2026-05-25 10:33:45.153999+00
15860,9.03,2026-05-25 10:34:26.014256+00
15861,9.1,2026-05-25 10:35:07.143162+00
15862,1.09,2026-05-25 10:35:23.808806+00
15863,2.95,2026-05-25 10:35:48.421891+00
15864,1.08,2026-05-25 10:36:05.0589+00
15865,39.91,2026-05-25 10:37:02.486235+00
15866,1.73,2026-05-25 10:37:18.995188+00
15867,7.19,2026-05-25 10:38:00.141746+00
15868,2.38,2026-05-25 10:38:24.8632+00
15869,1.26,2026-05-25 10:38:41.530655+00
15870,3.43,2026-05-25 10:39:06.120045+00
15871,14.38,2026-05-25 10:39:55.406922+00
15872,6,2026-05-25 10:40:28.119608+00
15873,2.39,2026-05-25 10:40:52.935165+00
15874,15.91,2026-05-25 10:41:41.973593+00
15875,1.63,2026-05-25 10:41:58.506048+00
15876,1.72,2026-05-25 10:42:23.361902+00
15877,9.39,2026-05-25 10:42:56.427094+00
15878,1.31,2026-05-25 10:43:13.272111+00
15879,1.33,2026-05-25 10:43:29.739104+00
15880,1.18,2026-05-25 10:43:46.261731+00
15881,9.07,2026-05-25 10:44:19.217873+00
15882,1.2,2026-05-25 10:44:35.764464+00
15883,1.58,2026-05-25 10:44:52.162464+00
15884,1.62,2026-05-25 10:45:08.591673+00
15885,15.83,2026-05-25 10:45:57.543143+00
15886,4.91,2026-05-25 10:46:30.57845+00
15887,15.86,2026-05-25 10:47:19.803972+00
15888,4.13,2026-05-25 10:47:53.211707+00
15889,12.64,2026-05-25 10:48:33.884922+00
15890,2.06,2026-05-25 10:48:58.699237+00
15891,4.41,2026-05-25 10:49:31.649045+00
15892,8.02,2026-05-25 10:50:04.363017+00
15893,1.29,2026-05-25 10:50:20.914539+00
15894,8.34,2026-05-25 10:51:02.119081+00
15895,1.72,2026-05-25 10:51:26.992491+00
15896,1.52,2026-05-25 10:51:43.551032+00
15897,25.66,2026-05-25 10:52:32.14143+00
15898,1.09,2026-05-25 10:52:48.708673+00
15899,1.03,2026-05-25 10:53:38.077566+00
15900,2.1,2026-05-25 10:54:02.81318+00
15901,11.81,2026-05-25 10:54:52.191182+00
15902,2.35,2026-05-25 10:55:08.595061+00
15903,66.22,2026-05-25 10:56:13.789728+00
15904,1.4,2026-05-25 10:56:38.702361+00
15905,1.39,2026-05-25 10:56:55.307789+00
15906,1.56,2026-05-25 10:57:11.816372+00
15907,2.61,2026-05-25 10:57:36.608978+00
15908,1.25,2026-05-25 10:57:53.096379+00
15909,1.05,2026-05-25 10:58:01.3913+00
15910,1.18,2026-05-25 10:58:17.917752+00
15911,3.59,2026-05-25 10:58:50.969385+00
15912,1.26,2026-05-25 10:59:07.461826+00
15913,2.94,2026-05-25 10:59:32.2908+00
15914,1.52,2026-05-25 10:59:48.710959+00
15915,1.17,2026-05-25 11:00:05.39241+00
15916,1.03,2026-05-25 11:00:21.864588+00
15917,1.09,2026-05-25 11:00:30.006372+00
15918,1.38,2026-05-25 11:00:46.426299+00
15919,2.36,2026-05-25 11:01:10.974428+00
15920,1.28,2026-05-25 11:01:27.435224+00
15921,1.46,2026-05-25 11:01:43.769238+00
15922,1.01,2026-05-25 11:02:00.343197+00
15923,2.47,2026-05-25 11:02:41.665227+00
15924,1.25,2026-05-25 11:02:41.665227+00
15925,1.36,2026-05-25 11:02:58.107615+00
15926,2.68,2026-05-25 11:03:22.908505+00
15927,2.08,2026-05-25 11:03:47.566342+00
15928,1.69,2026-05-25 11:04:04.15368+00
15929,1.36,2026-05-25 11:04:20.437888+00
15930,11.33,2026-05-25 11:05:01.361029+00
15931,6.97,2026-05-25 11:05:42.442912+00
15932,2.5,2026-05-25 11:06:07.24997+00
15933,2.06,2026-05-25 11:06:32.237957+00
15934,1.88,2026-05-25 11:06:48.767426+00
15935,1.34,2026-05-25 11:07:05.27575+00
15936,1.03,2026-05-25 11:07:21.742407+00
15937,2.05,2026-05-25 11:07:46.353945+00
15938,1.43,2026-05-25 11:08:02.76166+00
15939,7.19,2026-05-25 11:08:35.220003+00
15940,3.44,2026-05-25 11:09:08.252782+00
15941,4.21,2026-05-25 11:09:41.23582+00
15942,2.1,2026-05-25 11:09:57.781887+00
15943,1.34,2026-05-25 11:10:14.256129+00
15944,4.06,2026-05-25 11:10:47.095624+00
15945,4.73,2026-05-25 11:11:20.057116+00
15946,2.16,2026-05-25 11:11:44.816517+00
15947,1.34,2026-05-25 11:12:01.329034+00
15948,2.15,2026-05-25 11:12:26.090566+00
15949,1.81,2026-05-25 11:12:42.485021+00
15950,2.65,2026-05-25 11:13:07.322373+00
15951,6.99,2026-05-25 11:13:48.467561+00
15952,1.44,2026-05-25 11:14:05.012885+00
15953,2.39,2026-05-25 11:14:29.737991+00
15954,3.77,2026-05-25 11:14:54.175752+00
15955,1.01,2026-05-25 11:15:10.664592+00
15956,10.12,2026-05-25 11:15:51.539963+00
15957,1.09,2026-05-25 11:16:08.042645+00
15958,2.17,2026-05-25 11:16:24.576737+00
15959,6.78,2026-05-25 11:17:05.678193+00
15960,1.08,2026-05-25 11:17:22.172003+00
15961,27.16,2026-05-25 11:18:10.758574+00
15962,6.71,2026-05-25 11:18:51.813882+00
15963,1.14,2026-05-25 11:19:08.699372+00
15964,4.45,2026-05-25 11:19:33.354814+00
15965,9.91,2026-05-25 11:20:14.679175+00
15966,2.02,2026-05-25 11:20:31.050713+00
15967,1.32,2026-05-25 11:20:47.570883+00
15968,1.36,2026-05-25 11:21:03.926315+00
15969,3.03,2026-05-25 11:21:36.711304+00
15970,1.86,2026-05-25 11:21:53.069223+00
15971,3.49,2026-05-25 11:22:25.662954+00
15972,1.13,2026-05-25 11:22:42.20754+00
15973,4.04,2026-05-25 11:23:06.748073+00
15974,1.04,2026-05-25 11:23:23.377786+00
15975,1.7,2026-05-25 11:23:39.719533+00
15976,7.02,2026-05-25 11:24:20.832919+00
15977,1.11,2026-05-25 11:24:37.500957+00
15978,1.98,2026-05-25 11:24:53.872932+00
15979,1.22,2026-05-25 11:25:10.254358+00
15980,1.02,2026-05-25 11:25:26.66055+00
15981,14.51,2026-05-25 11:26:07.096595+00
15982,1.13,2026-05-25 11:26:23.579155+00
15983,3.33,2026-05-25 11:26:56.758003+00
15984,3.28,2026-05-25 11:27:21.739327+00
15985,5.64,2026-05-25 11:27:54.563025+00
15986,95.01,2026-05-25 11:29:08.054825+00
15987,1.87,2026-05-25 11:29:24.488675+00
15988,1.3,2026-05-25 11:29:41.022419+00
15989,1.08,2026-05-25 11:29:57.52534+00
15990,30.96,2026-05-25 11:30:54.751594+00
15991,9.96,2026-05-25 11:31:27.263101+00
15992,1.51,2026-05-25 11:31:52.033204+00
15993,1.1,2026-05-25 11:32:00.213953+00
15994,1.52,2026-05-25 11:32:16.729086+00
15995,9.91,2026-05-25 11:32:57.724212+00
15996,2.09,2026-05-25 11:33:14.172323+00
15997,40.67,2026-05-25 11:34:19.510737+00
15998,2.41,2026-05-25 11:35:09.038488+00
15999,3.36,2026-05-25 11:35:09.038488+00
16000,3.01,2026-05-25 11:35:33.6299+00
16001,1.13,2026-05-25 11:35:50.037335+00
16002,1.52,2026-05-25 11:36:06.533046+00
16003,2.61,2026-05-25 11:36:31.046084+00
16004,1.42,2026-05-25 11:36:55.762636+00
16005,3.52,2026-05-25 11:37:20.653895+00
16006,2.12,2026-05-25 11:37:45.498314+00
16007,1.25,2026-05-25 11:38:02.112866+00
16008,3,2026-05-25 11:38:26.84697+00
16009,21.21,2026-05-25 11:39:15.557796+00
16010,1.46,2026-05-25 11:39:31.966017+00
16011,2.09,2026-05-25 11:39:56.746702+00
16012,1.1,2026-05-25 11:40:13.348187+00
16013,1.28,2026-05-25 11:40:29.962759+00
16014,3.14,2026-05-25 11:40:54.669957+00
16015,1.13,2026-05-25 11:41:11.284896+00
16016,107.88,2026-05-25 11:42:24.2906+00
16017,9.37,2026-05-25 11:42:57.184982+00
16018,1.69,2026-05-25 11:43:13.692567+00
16019,9,2026-05-25 11:43:46.611721+00
16020,1.02,2026-05-25 11:44:03.16461+00
16021,1.19,2026-05-25 11:44:19.678611+00
16022,1.25,2026-05-25 11:44:36.320208+00
16023,4.99,2026-05-25 11:45:09.303762+00
16024,1.97,2026-05-25 11:45:25.594184+00
16025,1.41,2026-05-25 11:45:50.328423+00
16026,1.28,2026-05-25 11:46:06.684803+00
16027,1.64,2026-05-25 11:46:23.171413+00
16028,1.37,2026-05-25 11:46:39.568814+00
16029,1.41,2026-05-25 11:46:56.050699+00
16030,9,2026-05-25 11:47:28.760103+00
16031,1.05,2026-05-25 11:47:45.35689+00
16032,13.45,2026-05-25 11:48:26.19258+00
16033,3.99,2026-05-25 11:48:58.894506+00
16034,1.93,2026-05-25 11:49:23.620831+00
16035,2.07,2026-05-25 11:49:40.059817+00
16036,1.62,2026-05-25 11:50:04.744689+00
16037,1.35,2026-05-25 11:50:21.62379+00
16038,3.45,2026-05-25 11:50:46.253984+00
16039,3.85,2026-05-25 11:51:19.198127+00
16040,1.28,2026-05-25 11:51:35.814185+00
16041,1.08,2026-05-25 11:51:52.32442+00
16042,2.49,2026-05-25 11:52:17.183179+00
16043,1.4,2026-05-25 11:52:33.630694+00
16044,3.24,2026-05-25 11:52:58.296355+00
16045,1.06,2026-05-25 11:53:14.830649+00
16046,3.31,2026-05-25 11:53:39.480178+00
16047,9.16,2026-05-25 11:54:12.162595+00
16048,1.34,2026-05-25 11:54:28.622806+00
16049,3.35,2026-05-25 11:55:01.732701+00
16050,83.3,2026-05-25 11:56:06.992025+00
16051,1.54,2026-05-25 11:56:23.443944+00
16052,1.37,2026-05-25 11:56:39.865406+00
16053,1.2,2026-05-25 11:56:56.253751+00
16054,1.08,2026-05-25 11:57:12.66846+00
16055,1.16,2026-05-25 11:57:29.1903+00
16056,1.11,2026-05-25 11:57:37.375959+00
16057,2.2,2026-05-25 11:58:01.964975+00
16058,1.01,2026-05-25 11:58:18.505449+00
16059,2.15,2026-05-25 11:58:43.099351+00
16060,1.28,2026-05-25 11:58:59.600471+00
16061,1.88,2026-05-25 11:59:16.174644+00
16062,3.62,2026-05-25 11:59:48.845611+00
16063,1.49,2026-05-25 12:00:05.324954+00
16064,2.25,2026-05-25 12:00:29.98975+00
16065,2.18,2026-05-25 12:00:46.418358+00
16066,2.38,2026-05-25 12:01:11.348923+00
16067,17.68,2026-05-25 12:02:00.409992+00
16068,1.63,2026-05-25 12:02:25.134785+00
16069,2.17,2026-05-25 12:02:41.761825+00
16070,4.07,2026-05-25 12:03:14.365696+00
16071,1.96,2026-05-25 12:03:38.970082+00
16072,1.4,2026-05-25 12:03:55.561008+00
16073,3.32,2026-05-25 12:04:20.082787+00
16074,1.24,2026-05-25 12:04:36.562803+00
16075,8,2026-05-25 12:05:17.655183+00
16076,1.28,2026-05-25 12:05:34.12195+00
16077,1.21,2026-05-25 12:05:50.731932+00
16078,3.94,2026-05-25 12:06:23.817531+00
16079,1.19,2026-05-25 12:06:31.957693+00
16080,3.04,2026-05-25 12:07:04.853824+00
16081,1.14,2026-05-25 12:07:13.035397+00
16082,2.83,2026-05-25 12:07:45.859235+00
16083,1.95,2026-05-25 12:08:02.236234+00
16084,9.17,2026-05-25 12:08:43.153025+00
16085,2.94,2026-05-25 12:09:07.867024+00
16086,2.24,2026-05-25 12:09:32.604094+00
16087,1.97,2026-05-25 12:09:57.351988+00
16088,1.63,2026-05-25 12:10:13.745924+00
16089,1.15,2026-05-25 12:10:30.285683+00
16090,6.62,2026-05-25 12:11:03.00946+00
16091,15.46,2026-05-25 12:11:51.910248+00
16092,3.26,2026-05-25 12:12:25.03608+00
16093,2.14,2026-05-25 12:12:41.639083+00
16094,1.21,2026-05-25 12:12:58.251915+00
16095,85.97,2026-05-25 12:14:11.293551+00
16096,6.49,2026-05-25 12:14:44.035249+00
16097,1.23,2026-05-25 12:15:00.551224+00
16098,11.17,2026-05-25 12:15:41.608331+00
16099,1.04,2026-05-25 12:15:58.227386+00
16100,23.7,2026-05-25 12:16:55.31046+00
16101,1.15,2026-05-25 12:17:03.539032+00
16102,1.29,2026-05-25 12:17:19.997238+00
16103,39.66,2026-05-25 12:18:17.03005+00
16104,1.13,2026-05-25 12:18:33.600558+00
16105,1.1,2026-05-25 12:18:50.009381+00
16106,14.32,2026-05-25 12:19:39.001113+00
16107,1.89,2026-05-25 12:19:55.482704+00
16108,1.17,2026-05-25 12:20:12.023211+00
16109,4,2026-05-25 12:20:45.024636+00
16110,2.59,2026-05-25 12:21:09.841523+00
16111,2,2026-05-25 12:21:26.326368+00
16112,3.48,2026-05-25 12:21:59.400804+00
16113,3.43,2026-05-25 12:22:24.24805+00
16114,1.68,2026-05-25 12:22:49.048578+00
16115,3.77,2026-05-25 12:23:13.461103+00
16116,1.46,2026-05-25 12:23:29.941981+00
16117,15.76,2026-05-25 12:24:18.942109+00
16118,1.47,2026-05-25 12:24:35.381662+00
16119,1.04,2026-05-25 12:24:51.934494+00
16120,1.34,2026-05-25 12:25:08.593915+00
16121,1.64,2026-05-25 12:25:25.110104+00
16122,3.22,2026-05-25 12:25:58.138059+00
16123,9.24,2026-05-25 12:26:31.110488+00
16124,2.3,2026-05-25 12:26:56.01964+00
16125,1.48,2026-05-25 12:27:12.509789+00
16126,1.42,2026-05-25 12:27:29.036014+00
16127,1.45,2026-05-25 12:27:45.697554+00
16128,21.69,2026-05-25 12:28:34.364984+00
16129,1.56,2026-05-25 12:28:59.229039+00
16130,20.54,2026-05-25 12:29:48.378807+00
16131,1.88,2026-05-25 12:30:05.056952+00
16132,9.4,2026-05-25 12:30:46.32406+00
16133,2.28,2026-05-25 12:31:02.685643+00
16134,1.81,2026-05-25 12:31:27.39995+00
16135,2.04,2026-05-25 12:31:52.077442+00
16136,1.3,2026-05-25 12:32:08.690408+00
16137,1.95,2026-05-25 12:32:25.068969+00
16138,1.7,2026-05-25 12:32:49.879544+00
16139,1.43,2026-05-25 12:33:06.405093+00
16140,26.41,2026-05-25 12:33:55.365082+00
16141,1.01,2026-05-25 12:34:12.112068+00
16142,501,2026-05-25 12:35:41.240334+00
16143,46.02,2026-05-25 12:36:47.168587+00
16144,1.1,2026-05-25 12:36:55.344039+00
16145,3.49,2026-05-25 12:37:28.600515+00
16146,1.75,2026-05-25 12:37:44.894371+00
16147,9.4,2026-05-25 12:38:26.064394+00
16148,30.06,2026-05-25 12:39:15.075595+00
16149,1.21,2026-05-25 12:39:31.619152+00
16150,7.31,2026-05-25 12:40:12.915926+00
16151,3.12,2026-05-25 12:40:37.608482+00
16152,1.32,2026-05-25 12:40:54.232812+00
16153,1.06,2026-05-25 12:41:10.804869+00
16154,1.21,2026-05-25 12:41:27.195823+00
16155,2.34,2026-05-25 12:41:51.921022+00
16156,4.17,2026-05-25 12:42:16.517388+00
16157,21.55,2026-05-25 12:43:13.749688+00
16158,1.52,2026-05-25 12:43:30.357812+00
16159,1.34,2026-05-25 12:43:46.941298+00
16160,1.03,2026-05-25 12:44:03.552939+00
16161,7.88,2026-05-25 12:44:36.262859+00
16162,1.96,2026-05-25 12:45:01.053125+00
16163,19.94,2026-05-25 12:45:49.911462+00
16164,1.09,2026-05-25 12:46:06.3827+00
16165,110.43,2026-05-25 12:47:20.122497+00
16166,14.76,2026-05-25 12:48:01.012908+00
16167,1.99,2026-05-25 12:48:26.024542+00
16168,86.33,2026-05-25 12:49:31.341811+00
16169,7.04,2026-05-25 12:50:12.721597+00
16170,3.06,2026-05-25 12:50:37.405242+00
16171,1.79,2026-05-25 12:51:02.34687+00
16172,24.05,2026-05-25 12:51:51.165627+00
16173,2,2026-05-25 12:52:16.108656+00
16174,26.38,2026-05-25 12:53:05.062458+00
16175,1.25,2026-05-25 12:53:21.675725+00
16176,19.62,2026-05-25 12:54:11.05998+00
16177,1.12,2026-05-25 12:54:27.512025+00
16178,1.72,2026-05-25 12:54:52.1585+00
16179,3.17,2026-05-25 12:55:16.863737+00
16180,1.1,2026-05-25 12:55:33.322925+00
16181,2.85,2026-05-25 12:55:58.066822+00
16182,3.62,2026-05-25 12:56:22.616604+00
16183,98.47,2026-05-25 12:57:35.951582+00
16184,1.63,2026-05-25 12:58:00.817237+00
16185,1.03,2026-05-25 12:58:09.011575+00
16186,1.18,2026-05-25 12:58:25.558981+00
16187,2.44,2026-05-25 12:58:50.320727+00
16188,2.64,2026-05-25 12:59:15.181465+00
16189,1.23,2026-05-25 12:59:31.734599+00
16190,2.2,2026-05-25 12:59:56.478826+00
16191,1.15,2026-05-25 13:00:04.728233+00
16192,1.97,2026-05-25 13:00:29.569945+00
16193,1.11,2026-05-25 13:00:46.19463+00
16194,2.18,2026-05-25 13:01:11.109106+00
16195,2.24,2026-05-25 13:01:35.77774+00
16196,1.94,2026-05-25 13:01:52.298727+00
16197,2.44,2026-05-25 13:02:16.916026+00
16198,8.16,2026-05-25 13:02:58.007887+00
16199,9.18,2026-05-25 13:03:38.867399+00
16200,1.11,2026-05-25 13:03:55.442448+00
16201,1.46,2026-05-25 13:04:12.146741+00
16202,1.1,2026-05-25 13:04:28.894769+00
16203,1.02,2026-05-25 13:04:37.124398+00
16204,26.06,2026-05-25 13:05:34.721749+00
16205,1.26,2026-05-25 13:05:51.369063+00
16206,2.61,2026-05-25 13:06:16.353538+00
16207,1.06,2026-05-25 13:06:24.516036+00
16208,1.37,2026-05-25 13:06:40.843025+00
16209,1.03,2026-05-25 13:06:57.320356+00
16210,1.39,2026-05-25 13:07:13.822014+00
16211,1.18,2026-05-25 13:07:30.236705+00
16212,1.64,2026-05-25 13:07:46.713041+00
16213,1.06,2026-05-25 13:08:03.711016+00
16214,1.05,2026-05-25 13:08:11.936968+00
16215,1.67,2026-05-25 13:08:36.635679+00
16216,3.68,2026-05-25 13:09:01.361706+00
16217,13.7,2026-05-25 13:09:50.653167+00
16218,34.48,2026-05-25 13:10:48.115576+00
16219,1.56,2026-05-25 13:11:45.528952+00
16220,1.01,2026-05-25 13:11:53.762815+00
16221,1.23,2026-05-25 13:12:10.444259+00
16222,9.56,2026-05-25 13:12:51.515092+00
16223,4.11,2026-05-25 13:13:24.628218+00
16224,2.03,2026-05-25 13:13:41.002744+00
16225,6.7,2026-05-25 13:14:22.243985+00
16226,2.18,2026-05-25 13:14:47.035749+00
16227,10.97,2026-05-25 13:15:28.110468+00
16228,1.42,2026-05-25 13:15:44.546033+00
16229,1.39,2026-05-25 13:16:01.137206+00
16230,1.92,2026-05-25 13:16:25.951918+00
16231,1.7,2026-05-25 13:16:42.519207+00
16232,2.1,2026-05-25 13:17:07.448364+00
16233,1.12,2026-05-25 13:17:15.682062+00
16234,4.34,2026-05-25 13:17:48.735003+00
16235,1.07,2026-05-25 13:18:05.442587+00
16236,1.12,2026-05-25 13:18:22.066132+00
16237,1.9,2026-05-25 13:18:38.52981+00
16238,21.05,2026-05-25 13:19:27.640437+00
16239,1.18,2026-05-25 13:19:44.067311+00
16240,1.32,2026-05-25 13:20:00.618031+00
16241,2.67,2026-05-25 13:20:25.148578+00
16242,3.7,2026-05-25 13:20:58.204924+00
16243,2.06,2026-05-25 13:21:23.149827+00
16244,2.73,2026-05-25 13:21:47.87286+00
16245,1.45,2026-05-25 13:22:04.396906+00
16246,3.26,2026-05-25 13:22:29.098623+00
16247,3.67,2026-05-25 13:23:02.170279+00
16248,6.66,2026-05-25 13:23:34.865919+00
16249,20.86,2026-05-25 13:24:32.302693+00
16250,1.37,2026-05-25 13:24:48.716701+00
16251,3.5,2026-05-25 13:25:13.730224+00
16252,1.02,2026-05-25 13:25:30.334433+00
16253,3.31,2026-05-25 13:25:54.956453+00
16254,2.09,2026-05-25 13:26:19.802626+00
16255,3.64,2026-05-25 13:26:44.692798+00
16256,1.46,2026-05-25 13:27:09.562471+00
16257,4.63,2026-05-25 13:27:33.89343+00
16258,1.3,2026-05-25 13:27:50.396041+00
16259,1.29,2026-05-25 13:28:06.808143+00
16260,1.15,2026-05-25 13:28:23.134752+00
16261,2.44,2026-05-25 13:28:47.877054+00
16262,1.15,2026-05-25 13:29:04.46367+00
16263,1.58,2026-05-25 13:29:20.823518+00
16264,86.1,2026-05-25 13:30:34.738652+00
16265,9.18,2026-05-25 13:31:07.684223+00
16266,3.41,2026-05-25 13:31:32.21215+00
16267,1.39,2026-05-25 13:31:48.726971+00
16268,46.6,2026-05-25 13:32:54.123983+00
16269,2.19,2026-05-25 13:33:19.22071+00
16270,1.11,2026-05-25 13:33:27.493059+00
16271,2.56,2026-05-25 13:33:52.079701+00
16272,1.63,2026-05-25 13:34:16.968267+00
16273,1.14,2026-05-25 13:34:25.145076+00
16274,1.11,2026-05-25 13:34:41.477+00
16275,1.07,2026-05-25 13:34:58.010122+00
16276,2.11,2026-05-25 13:35:22.576852+00
16277,2.59,2026-05-25 13:35:47.30502+00
16278,1.17,2026-05-25 13:35:55.552243+00
16279,1.02,2026-05-25 13:36:12.139897+00
16280,1.25,2026-05-25 13:36:28.733391+00
16281,1.93,2026-05-25 13:36:53.520448+00
16282,9.03,2026-05-25 13:37:26.437679+00
16283,2.38,2026-05-25 13:37:51.397838+00
16284,1.25,2026-05-25 13:37:59.612054+00
16285,2.05,2026-05-25 13:38:24.630533+00
16286,8.79,2026-05-25 13:39:05.726111+00
16287,2.62,2026-05-25 13:39:30.467476+00
16288,1.57,2026-05-25 13:39:46.85693+00
16289,2.21,2026-05-25 13:40:11.866123+00
16290,1.08,2026-05-25 13:40:28.406597+00
16291,4.06,2026-05-25 13:40:53.261276+00
16292,3.88,2026-05-25 13:41:26.347689+00
16293,1.06,2026-05-25 13:41:42.991708+00
16294,1.76,2026-05-25 13:41:59.400701+00
16295,3.45,2026-05-25 13:42:32.361042+00
16296,2.27,2026-05-25 13:42:48.832041+00
16297,1.9,2026-05-25 13:43:13.689488+00
16298,6.44,2026-05-25 13:43:46.4561+00
16299,4.46,2026-05-25 13:45:00.461702+00
16300,1.01,2026-05-25 13:45:17.047948+00
16301,1.53,2026-05-25 13:45:33.596971+00
16302,2.46,2026-05-25 13:45:58.397988+00
16303,20.47,2026-05-25 13:46:47.790906+00
16304,1.76,2026-05-25 13:47:04.423686+00
16305,2.85,2026-05-25 13:47:37.551801+00
16306,1.31,2026-05-25 13:47:54.053941+00
16307,6.68,2026-05-25 13:48:26.842371+00
16308,2.1,2026-05-25 13:48:51.480355+00
16309,1.02,2026-05-25 13:48:59.636824+00
16310,1.28,2026-05-25 13:49:16.23273+00
16311,2.36,2026-05-25 13:49:40.976964+00
16312,9.87,2026-05-25 13:50:21.882351+00
16313,3.24,2026-05-25 13:50:54.993471+00
16314,4.38,2026-05-25 13:51:27.947822+00
16315,1.53,2026-05-25 13:51:44.325187+00
16316,34.41,2026-05-25 13:52:41.581681+00
16317,9.69,2026-05-25 13:53:14.57142+00
16318,1.02,2026-05-25 13:53:31.157062+00
16319,1.16,2026-05-25 13:53:39.426251+00
16320,1.21,2026-05-25 13:53:55.907747+00
16321,1.07,2026-05-25 13:54:12.416007+00
16322,2.05,2026-05-25 13:54:37.23304+00
16323,1.3,2026-05-25 13:54:53.755059+00
16324,1.2,2026-05-25 13:55:01.971665+00
16325,2.4,2026-05-25 13:55:26.511877+00
16326,17.67,2026-05-25 13:56:15.364633+00
16327,1.3,2026-05-25 13:56:31.89048+00
16328,1.65,2026-05-25 13:56:56.92688+00
16329,3.8,2026-05-25 13:57:21.563684+00
16330,3.84,2026-05-25 13:57:54.556925+00
16331,1.93,2026-05-25 13:58:19.432046+00
16332,1.03,2026-05-25 13:58:27.751227+00
16333,1.21,2026-05-25 13:58:44.207889+00
16334,18.75,2026-05-25 13:59:33.033791+00
16335,1.18,2026-05-25 13:59:49.449977+00
16336,24.71,2026-05-25 14:00:46.921605+00
16337,1.88,2026-05-25 14:01:03.499863+00
16338,1.96,2026-05-25 14:01:28.296041+00
16339,1.12,2026-05-25 14:01:36.557333+00
16340,1.86,2026-05-25 14:02:01.558107+00
16341,11.64,2026-05-25 14:02:42.298439+00
16342,2.28,2026-05-25 14:03:07.06156+00
16343,1.76,2026-05-25 14:03:31.785634+00
16344,1.15,2026-05-25 14:03:39.990897+00
16345,3.92,2026-05-25 14:04:13.048015+00
16346,1.69,2026-05-25 14:04:29.377247+00
16347,2.4,2026-05-25 14:04:54.10454+00
16348,8.82,2026-05-25 14:05:35.177277+00
16349,1.78,2026-05-25 14:05:59.81666+00
16350,1.1,2026-05-25 14:06:08.060393+00
16351,1.65,2026-05-25 14:06:32.839518+00
16352,6.37,2026-05-25 14:07:05.52235+00
16353,2.45,2026-05-25 14:07:30.173076+00
16354,1.66,2026-05-25 14:07:54.901518+00
16355,26.88,2026-05-25 14:08:43.862062+00
16356,3.39,2026-05-25 14:09:16.772714+00
16357,2.36,2026-05-25 14:09:41.551029+00
16358,1.01,2026-05-25 14:09:49.743437+00
16359,1.6,2026-05-25 14:10:06.303054+00
16360,8.66,2026-05-25 14:10:47.101927+00
16361,7.93,2026-05-25 14:12:09.723696+00
16362,1.13,2026-05-25 14:12:26.336261+00
16363,16.11,2026-05-25 14:13:07.09751+00
16364,1.42,2026-05-25 14:13:23.673044+00
16365,1.05,2026-05-25 14:13:40.26296+00
16366,3.41,2026-05-25 14:14:13.047168+00
16367,1.14,2026-05-25 14:14:21.179691+00
16368,2.2,2026-05-25 14:14:45.824167+00
16369,1.76,2026-05-25 14:15:10.780663+00
16370,10.06,2026-05-25 14:15:51.659934+00
16371,27.4,2026-05-25 14:16:40.421436+00
16372,6.01,2026-05-25 14:17:21.67309+00
16373,1.29,2026-05-25 14:17:38.565499+00
16374,2.44,2026-05-25 14:18:03.291093+00
16375,1.27,2026-05-25 14:18:19.836167+00
16376,9.45,2026-05-25 14:19:01.052981+00
16377,73.68,2026-05-25 14:20:06.487317+00
16378,1.87,2026-05-25 14:20:22.962209+00
16379,15.91,2026-05-25 14:21:11.931276+00
16380,3.13,2026-05-25 14:21:44.886705+00
16381,9.91,2026-05-25 14:22:17.815437+00
16382,10.36,2026-05-25 14:22:58.950269+00
16383,1.14,2026-05-25 14:23:15.489955+00
16384,1.15,2026-05-25 14:23:32.059395+00
16385,10.22,2026-05-25 14:24:13.064642+00
16386,1.93,2026-05-25 14:24:29.489393+00
16387,1.02,2026-05-25 14:24:46.073945+00
16388,1.6,2026-05-25 14:25:02.567078+00
16389,44.96,2026-05-25 14:26:08.161059+00
16390,1.52,2026-05-25 14:26:24.686553+00
16391,1.97,2026-05-25 14:26:41.086082+00
16392,1.88,2026-05-25 14:27:05.868424+00
16393,1.71,2026-05-25 14:27:22.162919+00
16394,1.14,2026-05-25 14:27:38.516657+00
16395,4.67,2026-05-25 14:28:11.268842+00
16396,2.08,2026-05-25 14:28:35.8071+00
16397,1.41,2026-05-25 14:28:52.359907+00
16398,2.1,2026-05-25 14:29:17.082051+00
16399,29.97,2026-05-25 14:30:14.146935+00
16400,6.16,2026-05-25 14:30:46.924694+00
16401,9.31,2026-05-25 14:31:19.904023+00
16402,1.01,2026-05-25 14:31:36.454998+00
16403,1.68,2026-05-25 14:31:52.977963+00
16404,3.23,2026-05-25 14:32:17.871264+00
16405,2.07,2026-05-25 14:32:42.646983+00
16406,4.04,2026-05-25 14:33:15.722805+00
16407,3.64,2026-05-25 14:33:40.59422+00
16408,1.12,2026-05-25 14:33:57.119271+00
16409,5.64,2026-05-25 14:34:29.844709+00
16410,1.01,2026-05-25 14:34:46.364674+00
16411,1.56,2026-05-25 14:35:02.707749+00
16412,1.79,2026-05-25 14:35:27.555029+00
16413,1.8,2026-05-25 14:35:43.98333+00
16414,1.74,2026-05-25 14:36:08.921133+00
16415,1.07,2026-05-25 14:36:17.119625+00
16416,4.93,2026-05-25 14:36:49.750114+00
16417,1.05,2026-05-25 14:37:06.295815+00
16418,2.37,2026-05-25 14:37:31.07921+00
16419,2.45,2026-05-25 14:37:55.824422+00
16420,11.65,2026-05-25 14:38:36.971726+00
16421,3.01,2026-05-25 14:39:01.69395+00
16422,4.51,2026-05-25 14:39:34.38759+00
16423,1.44,2026-05-25 14:39:50.9262+00
16424,1.89,2026-05-25 14:40:15.703285+00
16425,1.09,2026-05-25 14:40:32.469005+00
16426,1.24,2026-05-25 14:40:48.94479+00
16427,1.64,2026-05-25 14:41:05.457605+00
16428,9.9,2026-05-25 14:41:38.050128+00
16429,3.06,2026-05-25 14:42:02.558208+00
16430,1.44,2026-05-25 14:42:27.300678+00
16431,3.95,2026-05-25 14:42:51.75397+00
16432,1.37,2026-05-25 14:43:08.22365+00
16433,3.82,2026-05-25 14:43:41.443494+00
16434,6.46,2026-05-25 14:44:14.552354+00
16435,2.85,2026-05-25 14:44:47.405709+00
16436,1.26,2026-05-25 14:45:03.995725+00
16437,1.74,2026-05-25 14:45:20.477705+00
16438,4.98,2026-05-25 14:45:53.411768+00
16439,30.58,2026-05-25 14:46:50.745426+00
16440,1.21,2026-05-25 14:47:23.436779+00
16441,4.22,2026-05-25 14:47:56.350413+00
16442,1.27,2026-05-25 14:48:12.857476+00
16443,1.07,2026-05-25 14:48:29.275466+00
16444,2.65,2026-05-25 14:48:54.11332+00
16445,25.35,2026-05-25 14:49:43.46672+00
16446,3.12,2026-05-25 14:50:16.694327+00
16447,1.23,2026-05-25 14:50:33.208777+00
16448,479.38,2026-05-25 14:52:02.581974+00
16449,1.51,2026-05-25 14:52:19.139074+00
16450,1.8,2026-05-25 14:52:35.781045+00
16451,1.18,2026-05-25 14:52:52.194401+00
16452,1.69,2026-05-25 14:53:17.079043+00
16453,1.93,2026-05-25 14:53:33.344089+00
16454,1.01,2026-05-25 14:53:49.749372+00
16455,6.49,2026-05-25 14:54:22.402476+00
16456,7.32,2026-05-25 14:55:03.572018+00
16457,2.03,2026-05-25 14:55:28.273889+00
16458,4.44,2026-05-25 14:56:01.081723+00
16459,1.62,2026-05-25 14:56:17.53642+00
16460,2.6,2026-05-25 14:56:42.124421+00
16461,1.01,2026-05-25 14:56:50.349062+00
16462,1.16,2026-05-25 14:57:06.884919+00
16463,1.11,2026-05-25 14:57:23.240991+00
16464,2.15,2026-05-25 14:57:47.960524+00
16465,6.33,2026-05-25 14:58:20.447008+00
16466,1.86,2026-05-25 14:58:44.971916+00
16467,6.4,2026-05-25 14:59:17.61744+00
16468,2.3,2026-05-25 14:59:42.366783+00
16469,1.43,2026-05-25 14:59:58.626923+00
16470,6.12,2026-05-25 15:00:39.609938+00
16471,1.62,2026-05-25 15:00:56.097053+00
16472,2.46,2026-05-25 15:01:20.791745+00
16473,1.13,2026-05-25 15:01:37.343006+00
16474,1.08,2026-05-25 15:01:45.512791+00
16475,1.97,2026-05-25 15:02:10.249156+00
16476,1.49,2026-05-25 15:02:26.720594+00
16477,1.05,2026-05-25 15:02:43.223912+00
16478,1.01,2026-05-25 15:02:51.459939+00
16479,1.51,2026-05-25 15:03:15.993752+00
16480,2.1,2026-05-25 15:03:40.720473+00
16481,2.56,2026-05-25 15:04:05.29194+00
16482,1.56,2026-05-25 15:04:21.831683+00
16483,1.44,2026-05-25 15:04:38.125929+00
16484,2.02,2026-05-25 15:05:02.98714+00
16485,18.01,2026-05-25 15:05:52.052944+00
16486,1.04,2026-05-25 15:06:08.493024+00
16487,2.26,2026-05-25 15:06:24.911277+00
16488,1.2,2026-05-25 15:06:41.376613+00
16489,1.21,2026-05-25 15:06:57.750664+00
16490,1.02,2026-05-25 15:07:14.303699+00
16491,1.21,2026-05-25 15:07:30.835065+00
16492,1.39,2026-05-25 15:07:47.212926+00
16493,7.4,2026-05-25 15:08:19.865591+00
16494,3.44,2026-05-25 15:08:52.697413+00
16495,2.5,2026-05-25 15:09:17.419195+00
16496,2.52,2026-05-25 15:09:42.091715+00
16497,18.06,2026-05-25 15:10:31.176012+00
16498,2.18,2026-05-25 15:10:55.82194+00
16499,3.74,2026-05-25 15:11:20.426244+00
16500,1.72,2026-05-25 15:11:45.199692+00
16501,7.99,2026-05-25 15:12:17.773983+00
16502,1.97,2026-05-25 15:12:42.356251+00
16503,2.3,2026-05-25 15:13:07.138024+00
16504,15.14,2026-05-25 15:13:56.057272+00
16505,1.66,2026-05-25 15:14:12.650943+00
16506,1.82,2026-05-25 15:14:37.391239+00
16507,12.16,2026-05-25 15:15:18.463654+00
16508,4.27,2026-05-25 15:15:51.688886+00
16509,1.65,2026-05-25 15:16:08.1617+00
16510,1.66,2026-05-25 15:16:24.765553+00
16511,1.08,2026-05-25 15:16:41.297117+00
16512,1.35,2026-05-25 15:16:57.657199+00
16513,105.96,2026-05-25 15:18:10.917052+00
16514,1.72,2026-05-25 15:18:27.315918+00
16515,34.76,2026-05-25 15:19:24.495976+00
16516,7.49,2026-05-25 15:20:05.249328+00
16517,9.36,2026-05-25 15:20:37.990171+00
16518,2.05,2026-05-25 15:21:02.831551+00
16519,6.49,2026-05-25 15:21:35.510701+00
16520,4.42,2026-05-25 15:22:08.166988+00
16521,2.25,2026-05-25 15:22:32.781407+00
16522,1.24,2026-05-25 15:22:49.356483+00
16523,2.01,2026-05-25 15:23:14.09168+00
16524,1.41,2026-05-25 15:23:30.499004+00
16525,1.47,2026-05-25 15:23:46.908973+00
16526,1.35,2026-05-25 15:24:03.519542+00
16527,1.69,2026-05-25 15:24:19.879047+00
16528,1.16,2026-05-25 15:24:36.214474+00
16529,9.16,2026-05-25 15:25:09.028751+00
16530,1.26,2026-05-25 15:25:25.457613+00
16531,2.65,2026-05-25 15:25:49.981993+00
16532,1.82,2026-05-25 15:26:14.665892+00
16533,22.66,2026-05-25 15:27:03.411457+00
16534,1.55,2026-05-25 15:27:28.178445+00
16535,1.98,2026-05-25 15:27:44.716801+00
16536,2.01,2026-05-25 15:28:09.993719+00
16537,2.9,2026-05-25 15:28:34.806531+00
16538,5.93,2026-05-25 15:29:07.519063+00
16539,1.52,2026-05-25 15:29:32.264651+00
16540,1.88,2026-05-25 15:29:48.804729+00
16541,12.03,2026-05-25 15:30:29.741373+00
16542,4.25,2026-05-25 15:31:02.540669+00
16543,1.44,2026-05-25 15:31:19.012421+00
16544,9.11,2026-05-25 15:32:00.086869+00
16545,1.81,2026-05-25 15:32:16.592205+00
16546,1.02,2026-05-25 15:32:33.028935+00
16547,8.62,2026-05-25 15:33:13.931748+00
16548,1.87,2026-05-25 15:33:30.385878+00
16549,1.24,2026-05-25 15:33:46.901972+00
16550,1.87,2026-05-25 15:34:03.333433+00
16551,2,2026-05-25 15:34:28.00599+00
16552,1.01,2026-05-25 15:34:44.382634+00
16553,1.19,2026-05-25 15:35:00.897043+00
16554,1.93,2026-05-25 15:35:17.16445+00
16555,7.15,2026-05-25 15:35:58.064425+00
16556,1.13,2026-05-25 15:36:14.394971+00
16557,1.51,2026-05-25 15:36:30.758898+00
16558,9.47,2026-05-25 15:37:12.09146+00
16559,1.44,2026-05-25 15:37:28.507252+00
16560,1.12,2026-05-25 15:37:44.998992+00
16561,87.4,2026-05-25 15:38:49.808001+00
16562,1.07,2026-05-25 15:39:06.295355+00
16563,1.09,2026-05-25 15:39:22.857337+00
16564,1.47,2026-05-25 15:39:39.393912+00
16565,2.76,2026-05-25 15:40:04.09087+00
16566,1.12,2026-05-25 15:40:20.702375+00
16567,1.07,2026-05-25 15:40:28.865203+00
16568,3.16,2026-05-25 15:41:01.798904+00
16569,1.06,2026-05-25 15:41:10.198643+00
16570,1.5,2026-05-25 15:41:34.959152+00
16571,1.19,2026-05-25 15:41:43.199202+00
16572,1.14,2026-05-25 15:41:59.725258+00
16573,2.42,2026-05-25 15:42:48.902003+00
16574,2.56,2026-05-25 15:42:48.902003+00
16575,1.76,2026-05-25 15:43:13.839835+00
16576,1.73,2026-05-25 15:43:30.204815+00
16577,1.07,2026-05-25 15:43:46.738804+00
16578,1.37,2026-05-25 15:44:03.378177+00
16579,3.31,2026-05-25 15:44:28.011171+00
16580,8.2,2026-05-25 15:45:08.954709+00
16581,3.13,2026-05-25 15:45:34.301098+00
16582,2.73,2026-05-25 15:45:58.777557+00
16583,1.69,2026-05-25 15:46:23.556213+00
16584,4.45,2026-05-25 15:46:56.486889+00
16585,8.97,2026-05-25 15:47:29.369991+00
16586,1.52,2026-05-25 15:47:54.129063+00
16587,2.1,2026-05-25 15:48:18.772439+00
16588,9.69,2026-05-25 15:48:59.736422+00
16589,1.17,2026-05-25 15:49:16.438048+00
16590,1.06,2026-05-25 15:49:24.685099+00
16591,1.71,2026-05-25 15:49:49.374884+00
16592,1.19,2026-05-25 15:50:05.911976+00
16593,2.62,2026-05-25 15:50:30.643402+00
16594,1.65,2026-05-25 15:50:47.040692+00
16595,1.1,2026-05-25 15:51:03.574264+00
16596,1.14,2026-05-25 15:51:19.913211+00
16597,1.06,2026-05-25 15:51:28.120039+00
16598,1.55,2026-05-25 15:51:44.652034+00
16599,1.25,2026-05-25 15:52:01.015067+00
16600,1.49,2026-05-25 15:52:25.898488+00
16601,24.31,2026-05-25 15:53:14.849827+00
16602,1.57,2026-05-25 15:53:31.310127+00
16603,2.98,2026-05-25 15:54:04.329875+00
16604,4.4,2026-05-25 15:54:28.795003+00
16605,1.82,2026-05-25 15:54:53.510065+00
16606,1.36,2026-05-25 15:55:10.088716+00
16607,1.02,2026-05-25 15:55:26.575632+00
16608,3.1,2026-05-25 15:55:51.192051+00
16609,1.3,2026-05-25 15:56:07.626782+00
16610,1.55,2026-05-25 15:56:24.167895+00
16611,1.07,2026-05-25 15:56:40.642544+00
16612,11.29,2026-05-25 15:57:21.284932+00
16613,1.41,2026-05-25 15:57:37.599494+00
16614,6.71,2026-05-25 15:58:18.443484+00
16615,1.33,2026-05-25 15:58:34.903518+00
16616,1.5,2026-05-25 15:58:51.343702+00
16617,2.29,2026-05-25 15:59:16.035091+00
16618,1.51,2026-05-25 15:59:32.525797+00
16619,1.17,2026-05-25 15:59:49.052018+00
16620,1.08,2026-05-25 16:00:05.562691+00
16621,1.01,2026-05-25 16:00:13.804345+00
16622,1.03,2026-05-25 16:00:30.296912+00
16623,1.23,2026-05-25 16:00:46.866064+00
16624,1.43,2026-05-25 16:01:03.271724+00
16625,20.74,2026-05-25 16:01:51.849926+00
16626,2.09,2026-05-25 16:02:16.577139+00
16627,1.48,2026-05-25 16:02:32.99574+00
16628,1.2,2026-05-25 16:02:49.400989+00
16629,2.21,2026-05-25 16:03:13.971951+00
16630,1.57,2026-05-25 16:03:30.441789+00
16631,50.53,2026-05-25 16:04:35.423654+00
16632,1.4,2026-05-25 16:04:51.879014+00
16633,1.71,2026-05-25 16:05:08.239722+00
16634,2.51,2026-05-25 16:05:32.754232+00
16635,1.7,2026-05-25 16:05:57.475931+00
16636,1.73,2026-05-25 16:06:14.007597+00
16637,11.91,2026-05-25 16:06:54.693808+00
16638,1.09,2026-05-25 16:07:11.19424+00
16639,1.4,2026-05-25 16:07:27.505431+00
16640,1.7,2026-05-25 16:07:52.220056+00
16641,1.06,2026-05-25 16:08:00.339253+00
16642,1.11,2026-05-25 16:08:16.91204+00
16643,2.64,2026-05-25 16:08:41.574028+00
16644,1.06,2026-05-25 16:08:58.111066+00
16645,1.29,2026-05-25 16:09:14.498949+00
16646,220.27,2026-05-25 16:10:35.750644+00
16647,1.46,2026-05-25 16:10:52.269454+00
16648,2.17,2026-05-25 16:11:17.073026+00
16649,1.03,2026-05-25 16:11:33.58842+00
16650,2.56,2026-05-25 16:11:58.097736+00
16651,1.54,2026-05-25 16:12:14.550477+00
16652,1.21,2026-05-25 16:12:31.051176+00
16653,1.24,2026-05-25 16:12:47.613611+00
16654,1.28,2026-05-25 16:13:04.109292+00
16655,2.08,2026-05-25 16:13:20.683355+00
16656,1.31,2026-05-25 16:13:37.148149+00
16657,2.24,2026-05-25 16:14:01.935867+00
16658,1.07,2026-05-25 16:14:18.45859+00
16659,2.55,2026-05-25 16:14:43.065987+00
16660,9.79,2026-05-25 16:15:15.665697+00
16661,226.34,2026-05-25 16:16:36.859993+00
16662,2.12,2026-05-25 16:17:01.474545+00
16663,8.4,2026-05-25 16:17:42.705706+00
16664,21.6,2026-05-25 16:18:31.64089+00
16665,2.73,2026-05-25 16:18:56.210654+00
16666,3.17,2026-05-25 16:19:29.459193+00
16667,1.92,2026-05-25 16:19:46.002453+00
16668,1.09,2026-05-25 16:20:02.410743+00
16669,9.19,2026-05-25 16:20:43.450073+00
16670,1.43,2026-05-25 16:20:59.806033+00
16671,6.96,2026-05-25 16:21:40.857676+00
16672,1.51,2026-05-25 16:21:57.414047+00
16673,1.08,2026-05-25 16:22:13.848726+00
16674,7.14,2026-05-25 16:22:46.399042+00
16675,1.12,2026-05-25 16:23:02.914818+00
16676,82.95,2026-05-25 16:24:07.895498+00
16677,1.56,2026-05-25 16:25:30.532729+00
16678,4.08,2026-05-25 16:26:03.464023+00
16679,2.21,2026-05-25 16:26:19.876948+00
16680,2.26,2026-05-25 16:26:44.417465+00
16681,1.65,2026-05-25 16:27:08.928092+00
16682,1.17,2026-05-25 16:27:17.17888+00
16683,1.03,2026-05-25 16:27:33.681353+00
16684,1.06,2026-05-25 16:27:50.182713+00
16685,4.82,2026-05-25 16:28:22.950617+00
16686,2.21,2026-05-25 16:28:39.350122+00
16687,1.83,2026-05-25 16:29:04.010022+00
16688,1.08,2026-05-25 16:29:20.602057+00
16689,1.3,2026-05-25 16:29:37.125135+00
16690,2.11,2026-05-25 16:29:53.402026+00
16691,1.46,2026-05-25 16:30:09.859782+00
16692,13.91,2026-05-25 16:30:58.638256+00
16693,2.03,2026-05-25 16:31:23.469673+00
16694,501,2026-05-25 16:32:52.680245+00
16695,3.8,2026-05-25 16:33:25.716248+00
16696,1.09,2026-05-25 16:33:33.901866+00
16697,325.22,2026-05-25 16:35:03.688629+00
16698,3.32,2026-05-25 16:35:28.47318+00
16699,1.7,2026-05-25 16:35:53.172333+00
16700,1.81,2026-05-25 16:36:09.559333+00
16701,4.95,2026-05-25 16:36:42.180351+00
16702,1.17,2026-05-25 16:36:58.711233+00
16703,22.19,2026-05-25 16:37:47.468933+00
16704,2.51,2026-05-25 16:38:12.192312+00
16705,8.99,2026-05-25 16:38:52.996889+00
16706,12.66,2026-05-25 16:39:42.336925+00
16707,3.41,2026-05-25 16:40:07.261789+00
16708,2.37,2026-05-25 16:40:31.869281+00
16709,1.72,2026-05-25 16:40:56.694215+00
16710,2.04,2026-05-25 16:41:13.088163+00
16711,1.24,2026-05-25 16:41:29.5016+00
16712,1.94,2026-05-25 16:41:54.156545+00
16713,8.91,2026-05-25 16:42:35.055814+00
16714,1.67,2026-05-25 16:42:51.514747+00
16715,3.08,2026-05-25 16:43:24.409308+00
16716,1.33,2026-05-25 16:43:40.897453+00
16717,21.25,2026-05-25 16:44:29.722967+00
16718,1.47,2026-05-25 16:44:46.281705+00
16719,3.07,2026-05-25 16:45:10.947416+00
16720,1.01,2026-05-25 16:45:27.431042+00
16721,1.49,2026-05-25 16:45:43.828204+00
16722,3.17,2026-05-25 16:46:08.442941+00
16723,1.93,2026-05-25 16:46:33.246711+00
16724,4.98,2026-05-25 16:47:06.063158+00
16725,1.95,2026-05-25 16:47:30.776494+00
16726,1.01,2026-05-25 16:47:38.909926+00
16727,1.42,2026-05-25 16:47:55.370215+00
16728,1.49,2026-05-25 16:48:20.079866+00
16729,1.02,2026-05-25 16:48:28.325424+00
16730,1.17,2026-05-25 16:48:44.803834+00
16731,1.35,2026-05-25 16:49:01.198294+00
16732,14.09,2026-05-25 16:49:50.140415+00
16733,2.15,2026-05-25 16:50:06.426128+00
16734,1.88,2026-05-25 16:50:31.279056+00
16735,5.26,2026-05-25 16:51:03.93198+00
16736,3.15,2026-05-25 16:51:28.521144+00
16737,3.85,2026-05-25 16:52:04.123262+00
16738,1.01,2026-05-25 16:52:12.31183+00
16739,1.82,2026-05-25 16:52:37.103007+00
16740,1.39,2026-05-25 16:52:53.539405+00
16741,1.72,2026-05-25 16:53:10.020806+00
16742,1.13,2026-05-25 16:53:26.347292+00
16743,1.48,2026-05-25 16:53:42.775923+00
16744,88.19,2026-05-25 16:54:56.075787+00
16745,1.81,2026-05-25 16:55:12.496719+00
16746,2,2026-05-25 16:55:37.65666+00
16747,1.63,2026-05-25 16:55:54.059242+00
16748,26.97,2026-05-25 16:56:51.225905+00
16749,2.38,2026-05-25 16:57:15.916118+00
16750,4.37,2026-05-25 16:57:49.063128+00
16751,26.38,2026-05-25 16:58:37.771926+00
16752,2.31,2026-05-25 16:59:02.416481+00
16753,1.31,2026-05-25 16:59:18.815728+00
16754,3.92,2026-05-25 16:59:51.852338+00
16755,1.74,2026-05-25 17:00:08.316789+00
16756,1.4,2026-05-25 17:00:24.76907+00
16757,1.22,2026-05-25 17:00:41.186743+00
16758,50.48,2026-05-25 17:01:46.462979+00
16759,1.73,2026-05-25 17:02:03.004085+00
16760,3.05,2026-05-25 17:02:35.745874+00
16761,1.98,2026-05-25 17:02:52.12873+00
16762,1.24,2026-05-25 17:03:08.575875+00
16763,1.09,2026-05-25 17:03:25.179508+00
16764,1.4,2026-05-25 17:03:41.74309+00
16765,3.22,2026-05-25 17:04:06.223024+00
16766,1.31,2026-05-25 17:04:22.632167+00
16767,8.33,2026-05-25 17:05:03.44965+00
16768,1.22,2026-05-25 17:05:19.929474+00
16769,4.95,2026-05-25 17:05:52.76094+00
16770,1.91,2026-05-25 17:06:17.574237+00
16771,7.37,2026-05-25 17:06:50.052804+00
16772,3,2026-05-25 17:07:23.004434+00
16773,1.45,2026-05-25 17:07:39.364055+00
16774,2.01,2026-05-25 17:08:04.06083+00
16775,1.37,2026-05-25 17:08:20.525734+00
16776,2.51,2026-05-25 17:08:45.258419+00
16777,6.66,2026-05-25 17:09:17.852314+00
16778,2.89,2026-05-25 17:09:42.466153+00
16779,1.99,2026-05-25 17:10:07.200071+00
16780,1.99,2026-05-25 17:10:31.92337+00
16781,1.14,2026-05-25 17:11:21.115871+00
16782,1.29,2026-05-25 17:11:37.556693+00
16783,109.57,2026-05-25 17:12:42.048371+00
16784,8.12,2026-05-25 17:13:22.790449+00
16785,2.04,2026-05-25 17:13:47.657545+00
16786,1.03,2026-05-25 17:14:04.247863+00
16787,1.23,2026-05-25 17:14:12.429806+00
16788,37.49,2026-05-25 17:15:17.631822+00
16789,1.65,2026-05-25 17:15:34.018752+00
16790,38.82,2026-05-25 17:16:30.900064+00
16791,2.09,2026-05-25 17:16:55.491991+00
16792,3.25,2026-05-25 17:17:20.29602+00
16793,1.04,2026-05-25 17:17:36.744842+00
16794,2.81,2026-05-25 17:18:01.493215+00
16795,23.76,2026-05-25 17:18:58.496399+00
16796,1.64,2026-05-25 17:19:15.05009+00
16797,1.95,2026-05-25 17:19:39.807002+00
16798,3.53,2026-05-25 17:20:04.525056+00
16799,2.57,2026-05-25 17:20:29.328139+00
16800,19.25,2026-05-25 17:21:18.032408+00
16801,6.27,2026-05-25 17:21:59.348014+00
16802,2.47,2026-05-25 17:22:49.116783+00
16803,2.14,2026-05-25 17:22:49.116783+00
16804,1.41,2026-05-25 17:23:05.608839+00
16805,2.1,2026-05-25 17:23:30.265445+00
16806,2.35,2026-05-25 17:23:55.026+00
16807,1.13,2026-05-25 17:24:11.616813+00
16808,9.67,2026-05-25 17:24:44.243467+00
16809,1.98,2026-05-25 17:25:00.774494+00
16810,6.03,2026-05-25 17:25:42.193321+00
16811,1.33,2026-05-25 17:25:58.650981+00
16812,6.49,2026-05-25 17:26:31.683425+00
